# from https://eel.is/c++draft/full, revision c7015b485cc3db8efaa9dfb9ff0809c5394a4ed1 of github.com/Eelis/draft; generated by inventory.py
# subclause	header	scope	name	kind
cstddef.syn	cstddef	std	ptrdiff_t	alias
cstddef.syn	cstddef	std	size_t	alias
cstddef.syn	cstddef	std	max_align_t	alias
cstddef.syn	cstddef	std	nullptr_t	alias
cstddef.syn	cstddef	std	byte	class
cstddef.syn	cstddef	std	operator<<=	function
cstddef.syn	cstddef	std	operator<<	function
cstddef.syn	cstddef	std	operator>>=	function
cstddef.syn	cstddef	std	operator>>	function
cstddef.syn	cstddef	std	operator|=	function
cstddef.syn	cstddef	std	operator|	function
cstddef.syn	cstddef	std	operator&=	function
cstddef.syn	cstddef	std	operator&	function
cstddef.syn	cstddef	std	operator^=	function
cstddef.syn	cstddef	std	operator^	function
cstddef.syn	cstddef	std	operator~	function
cstddef.syn	cstddef	std	to_integer	function
cstddef.syn	cstddef		NULL	macro
cstddef.syn	cstddef		offsetof	macro
cstdlib.syn	cstdlib	std	size_t	alias
cstdlib.syn	cstdlib	std	div_t	alias
cstdlib.syn	cstdlib	std	ldiv_t	alias
cstdlib.syn	cstdlib	std	lldiv_t	alias
cstdlib.syn	cstdlib	std	abort	function
cstdlib.syn	cstdlib	std	atexit	function
cstdlib.syn	cstdlib	std	at_quick_exit	function
cstdlib.syn	cstdlib	std	exit	function
cstdlib.syn	cstdlib	std	_Exit	function
cstdlib.syn	cstdlib	std	quick_exit	function
cstdlib.syn	cstdlib	std	getenv	function
cstdlib.syn	cstdlib	std	system	function
cstdlib.syn	cstdlib	std	aligned_alloc	function
cstdlib.syn	cstdlib	std	calloc	function
cstdlib.syn	cstdlib	std	free	function
cstdlib.syn	cstdlib	std	free_sized	function
cstdlib.syn	cstdlib	std	free_aligned_sized	function
cstdlib.syn	cstdlib	std	malloc	function
cstdlib.syn	cstdlib	std	realloc	function
cstdlib.syn	cstdlib	std	memalignment	function
cstdlib.syn	cstdlib	std	atof	function
cstdlib.syn	cstdlib	std	atoi	function
cstdlib.syn	cstdlib	std	atol	function
cstdlib.syn	cstdlib	std	atoll	function
cstdlib.syn	cstdlib	std	strtod	function
cstdlib.syn	cstdlib	std	strfromd	function
cstdlib.syn	cstdlib	std	strfromf	function
cstdlib.syn	cstdlib	std	strfroml	function
cstdlib.syn	cstdlib	std	strtof	function
cstdlib.syn	cstdlib	std	strtold	function
cstdlib.syn	cstdlib	std	strtol	function
cstdlib.syn	cstdlib	std	strtoll	function
cstdlib.syn	cstdlib	std	strtoul	function
cstdlib.syn	cstdlib	std	strtoull	function
cstdlib.syn	cstdlib	std	mblen	function
cstdlib.syn	cstdlib	std	mbtowc	function
cstdlib.syn	cstdlib	std	wctomb	function
cstdlib.syn	cstdlib	std	mbstowcs	function
cstdlib.syn	cstdlib	std	wcstombs	function
cstdlib.syn	cstdlib	std	bsearch	function
cstdlib.syn	cstdlib	std	qsort	function
cstdlib.syn	cstdlib	std	rand	function
cstdlib.syn	cstdlib	std	srand	function
cstdlib.syn	cstdlib	std	abs	function
cstdlib.syn	cstdlib	std	labs	function
cstdlib.syn	cstdlib	std	llabs	function
cstdlib.syn	cstdlib	std	div	function
cstdlib.syn	cstdlib	std	ldiv	function
cstdlib.syn	cstdlib	std	lldiv	function
cstdlib.syn	cstdlib		NULL	macro
cstdlib.syn	cstdlib		EXIT_FAILURE	macro
cstdlib.syn	cstdlib		EXIT_SUCCESS	macro
cstdlib.syn	cstdlib		RAND_MAX	macro
cstdlib.syn	cstdlib		MB_CUR_MAX	macro
limits.syn	limits	std	float_round_style	enum
limits.syn	limits	std	numeric_limits	class
round.style	limits	std::float_round_style	round_indeterminate	enumerator
round.style	limits	std::float_round_style	round_toward_zero	enumerator
round.style	limits	std::float_round_style	round_to_nearest	enumerator
round.style	limits	std::float_round_style	round_toward_infinity	enumerator
round.style	limits	std::float_round_style	round_toward_neg_infinity	enumerator
numeric.limits.general	limits	std::numeric_limits	is_specialized	member-variable
numeric.limits.general	limits	std::numeric_limits	min	member-function
numeric.limits.general	limits	std::numeric_limits	max	member-function
numeric.limits.general	limits	std::numeric_limits	lowest	member-function
numeric.limits.general	limits	std::numeric_limits	digits	member-variable
numeric.limits.general	limits	std::numeric_limits	digits10	member-variable
numeric.limits.general	limits	std::numeric_limits	max_digits10	member-variable
numeric.limits.general	limits	std::numeric_limits	is_signed	member-variable
numeric.limits.general	limits	std::numeric_limits	is_integer	member-variable
numeric.limits.general	limits	std::numeric_limits	is_exact	member-variable
numeric.limits.general	limits	std::numeric_limits	radix	member-variable
numeric.limits.general	limits	std::numeric_limits	epsilon	member-function
numeric.limits.general	limits	std::numeric_limits	round_error	member-function
numeric.limits.general	limits	std::numeric_limits	min_exponent	member-variable
numeric.limits.general	limits	std::numeric_limits	min_exponent10	member-variable
numeric.limits.general	limits	std::numeric_limits	max_exponent	member-variable
numeric.limits.general	limits	std::numeric_limits	max_exponent10	member-variable
numeric.limits.general	limits	std::numeric_limits	has_infinity	member-variable
numeric.limits.general	limits	std::numeric_limits	has_quiet_NaN	member-variable
numeric.limits.general	limits	std::numeric_limits	has_signaling_NaN	member-variable
numeric.limits.general	limits	std::numeric_limits	infinity	member-function
numeric.limits.general	limits	std::numeric_limits	quiet_NaN	member-function
numeric.limits.general	limits	std::numeric_limits	signaling_NaN	member-function
numeric.limits.general	limits	std::numeric_limits	denorm_min	member-function
numeric.limits.general	limits	std::numeric_limits	is_iec559	member-variable
numeric.limits.general	limits	std::numeric_limits	is_bounded	member-variable
numeric.limits.general	limits	std::numeric_limits	is_modulo	member-variable
numeric.limits.general	limits	std::numeric_limits	traps	member-variable
numeric.limits.general	limits	std::numeric_limits	tinyness_before	member-variable
numeric.limits.general	limits	std::numeric_limits	round_style	member-variable
numeric.special	limits	std::numeric_limits<bool>	is_specialized	member-variable
numeric.special	limits	std::numeric_limits<bool>	min	member-function
numeric.special	limits	std::numeric_limits<bool>	max	member-function
numeric.special	limits	std::numeric_limits<bool>	lowest	member-function
numeric.special	limits	std::numeric_limits<bool>	digits	member-variable
numeric.special	limits	std::numeric_limits<bool>	digits10	member-variable
numeric.special	limits	std::numeric_limits<bool>	max_digits10	member-variable
numeric.special	limits	std::numeric_limits<bool>	is_signed	member-variable
numeric.special	limits	std::numeric_limits<bool>	is_integer	member-variable
numeric.special	limits	std::numeric_limits<bool>	is_exact	member-variable
numeric.special	limits	std::numeric_limits<bool>	radix	member-variable
numeric.special	limits	std::numeric_limits<bool>	epsilon	member-function
numeric.special	limits	std::numeric_limits<bool>	round_error	member-function
numeric.special	limits	std::numeric_limits<bool>	min_exponent	member-variable
numeric.special	limits	std::numeric_limits<bool>	min_exponent10	member-variable
numeric.special	limits	std::numeric_limits<bool>	max_exponent	member-variable
numeric.special	limits	std::numeric_limits<bool>	max_exponent10	member-variable
numeric.special	limits	std::numeric_limits<bool>	has_infinity	member-variable
numeric.special	limits	std::numeric_limits<bool>	has_quiet_NaN	member-variable
numeric.special	limits	std::numeric_limits<bool>	has_signaling_NaN	member-variable
numeric.special	limits	std::numeric_limits<bool>	infinity	member-function
numeric.special	limits	std::numeric_limits<bool>	quiet_NaN	member-function
numeric.special	limits	std::numeric_limits<bool>	signaling_NaN	member-function
numeric.special	limits	std::numeric_limits<bool>	denorm_min	member-function
numeric.special	limits	std::numeric_limits<bool>	is_iec559	member-variable
numeric.special	limits	std::numeric_limits<bool>	is_bounded	member-variable
numeric.special	limits	std::numeric_limits<bool>	is_modulo	member-variable
numeric.special	limits	std::numeric_limits<bool>	traps	member-variable
numeric.special	limits	std::numeric_limits<bool>	tinyness_before	member-variable
numeric.special	limits	std::numeric_limits<bool>	round_style	member-variable
climits.syn	climits		BOOL_WIDTH	macro
climits.syn	climits		CHAR_BIT	macro
climits.syn	climits		CHAR_WIDTH	macro
climits.syn	climits		SCHAR_WIDTH	macro
climits.syn	climits		UCHAR_WIDTH	macro
climits.syn	climits		USHRT_WIDTH	macro
climits.syn	climits		SHRT_WIDTH	macro
climits.syn	climits		UINT_WIDTH	macro
climits.syn	climits		INT_WIDTH	macro
climits.syn	climits		ULONG_WIDTH	macro
climits.syn	climits		LONG_WIDTH	macro
climits.syn	climits		ULLONG_WIDTH	macro
climits.syn	climits		LLONG_WIDTH	macro
climits.syn	climits		SCHAR_MIN	macro
climits.syn	climits		SCHAR_MAX	macro
climits.syn	climits		UCHAR_MAX	macro
climits.syn	climits		CHAR_MIN	macro
climits.syn	climits		CHAR_MAX	macro
climits.syn	climits		MB_LEN_MAX	macro
climits.syn	climits		SHRT_MIN	macro
climits.syn	climits		SHRT_MAX	macro
climits.syn	climits		USHRT_MAX	macro
climits.syn	climits		INT_MIN	macro
climits.syn	climits		INT_MAX	macro
climits.syn	climits		UINT_MAX	macro
climits.syn	climits		LONG_MIN	macro
climits.syn	climits		LONG_MAX	macro
climits.syn	climits		ULONG_MAX	macro
climits.syn	climits		LLONG_MIN	macro
climits.syn	climits		LLONG_MAX	macro
climits.syn	climits		ULLONG_MAX	macro
cfloat.syn	cfloat		__STDC_VERSION_FLOAT_H__	macro
cfloat.syn	cfloat		FLT_ROUNDS	macro
cfloat.syn	cfloat		FLT_EVAL_METHOD	macro
cfloat.syn	cfloat		FLT_RADIX	macro
cfloat.syn	cfloat		INFINITY	macro
cfloat.syn	cfloat		NAN	macro
cfloat.syn	cfloat		FLT_SNAN	macro
cfloat.syn	cfloat		DBL_SNAN	macro
cfloat.syn	cfloat		LDBL_SNAN	macro
cfloat.syn	cfloat		FLT_MANT_DIG	macro
cfloat.syn	cfloat		DBL_MANT_DIG	macro
cfloat.syn	cfloat		LDBL_MANT_DIG	macro
cfloat.syn	cfloat		FLT_DECIMAL_DIG	macro
cfloat.syn	cfloat		DBL_DECIMAL_DIG	macro
cfloat.syn	cfloat		LDBL_DECIMAL_DIG	macro
cfloat.syn	cfloat		FLT_DIG	macro
cfloat.syn	cfloat		DBL_DIG	macro
cfloat.syn	cfloat		LDBL_DIG	macro
cfloat.syn	cfloat		FLT_MIN_EXP	macro
cfloat.syn	cfloat		DBL_MIN_EXP	macro
cfloat.syn	cfloat		LDBL_MIN_EXP	macro
cfloat.syn	cfloat		FLT_MIN_10_EXP	macro
cfloat.syn	cfloat		DBL_MIN_10_EXP	macro
cfloat.syn	cfloat		LDBL_MIN_10_EXP	macro
cfloat.syn	cfloat		FLT_MAX_EXP	macro
cfloat.syn	cfloat		DBL_MAX_EXP	macro
cfloat.syn	cfloat		LDBL_MAX_EXP	macro
cfloat.syn	cfloat		FLT_MAX_10_EXP	macro
cfloat.syn	cfloat		DBL_MAX_10_EXP	macro
cfloat.syn	cfloat		LDBL_MAX_10_EXP	macro
cfloat.syn	cfloat		FLT_MAX	macro
cfloat.syn	cfloat		DBL_MAX	macro
cfloat.syn	cfloat		LDBL_MAX	macro
cfloat.syn	cfloat		FLT_EPSILON	macro
cfloat.syn	cfloat		DBL_EPSILON	macro
cfloat.syn	cfloat		LDBL_EPSILON	macro
cfloat.syn	cfloat		FLT_MIN	macro
cfloat.syn	cfloat		DBL_MIN	macro
cfloat.syn	cfloat		LDBL_MIN	macro
cfloat.syn	cfloat		FLT_TRUE_MIN	macro
cfloat.syn	cfloat		DBL_TRUE_MIN	macro
cfloat.syn	cfloat		LDBL_TRUE_MIN	macro
cstdint.syn	cstdint	std	int8_t	alias
cstdint.syn	cstdint	std	int16_t	alias
cstdint.syn	cstdint	std	int32_t	alias
cstdint.syn	cstdint	std	int64_t	alias
cstdint.syn	cstdint	std	int_fast8_t	alias
cstdint.syn	cstdint	std	int_fast16_t	alias
cstdint.syn	cstdint	std	int_fast32_t	alias
cstdint.syn	cstdint	std	int_fast64_t	alias
cstdint.syn	cstdint	std	int_least8_t	alias
cstdint.syn	cstdint	std	int_least16_t	alias
cstdint.syn	cstdint	std	int_least32_t	alias
cstdint.syn	cstdint	std	int_least64_t	alias
cstdint.syn	cstdint	std	intmax_t	alias
cstdint.syn	cstdint	std	intptr_t	alias
cstdint.syn	cstdint	std	uint8_t	alias
cstdint.syn	cstdint	std	uint16_t	alias
cstdint.syn	cstdint	std	uint32_t	alias
cstdint.syn	cstdint	std	uint64_t	alias
cstdint.syn	cstdint	std	uint_fast8_t	alias
cstdint.syn	cstdint	std	uint_fast16_t	alias
cstdint.syn	cstdint	std	uint_fast32_t	alias
cstdint.syn	cstdint	std	uint_fast64_t	alias
cstdint.syn	cstdint	std	uint_least8_t	alias
cstdint.syn	cstdint	std	uint_least16_t	alias
cstdint.syn	cstdint	std	uint_least32_t	alias
cstdint.syn	cstdint	std	uint_least64_t	alias
cstdint.syn	cstdint	std	uintmax_t	alias
cstdint.syn	cstdint	std	uintptr_t	alias
cstdint.syn	cstdint		__STDC_VERSION_STDINT_H__	macro
cstdint.syn	cstdint		INTMAX_MIN	macro
cstdint.syn	cstdint		INTMAX_MAX	macro
cstdint.syn	cstdint		UINTMAX_MAX	macro
cstdint.syn	cstdint		INTMAX_WIDTH	macro
cstdint.syn	cstdint		UINTMAX_WIDTH	macro
cstdint.syn	cstdint		INTPTR_MIN	macro
cstdint.syn	cstdint		INTPTR_MAX	macro
cstdint.syn	cstdint		UINTPTR_MAX	macro
cstdint.syn	cstdint		INTPTR_WIDTH	macro
cstdint.syn	cstdint		UINTPTR_WIDTH	macro
cstdint.syn	cstdint		PTRDIFF_MIN	macro
cstdint.syn	cstdint		PTRDIFF_MAX	macro
cstdint.syn	cstdint		PTRDIFF_WIDTH	macro
cstdint.syn	cstdint		SIZE_MAX	macro
cstdint.syn	cstdint		SIZE_WIDTH	macro
cstdint.syn	cstdint		SIG_ATOMIC_MIN	macro
cstdint.syn	cstdint		SIG_ATOMIC_MAX	macro
cstdint.syn	cstdint		SIG_ATOMIC_WIDTH	macro
cstdint.syn	cstdint		WCHAR_MIN	macro
cstdint.syn	cstdint		WCHAR_MAX	macro
cstdint.syn	cstdint		WCHAR_WIDTH	macro
cstdint.syn	cstdint		WINT_MIN	macro
cstdint.syn	cstdint		WINT_MAX	macro
cstdint.syn	cstdint		WINT_WIDTH	macro
cstdint.syn	cstdint		INTMAX_C	macro
cstdint.syn	cstdint		UINTMAX_C	macro
stdfloat.syn	stdfloat	std	float16_t	alias
stdfloat.syn	stdfloat	std	float32_t	alias
stdfloat.syn	stdfloat	std	float64_t	alias
stdfloat.syn	stdfloat	std	float128_t	alias
stdfloat.syn	stdfloat	std	bfloat16_t	alias
new.syn	new	std	bad_alloc	class
new.syn	new	std	bad_array_new_length	class
new.syn	new	std	destroying_delete_t	class
new.syn	new	std	destroying_delete	variable
new.syn	new	std	align_val_t	class
new.syn	new	std	nothrow_t	class
new.syn	new	std	nothrow	variable
new.syn	new	std	new_handler	alias
new.syn	new	std	get_new_handler	function
new.syn	new	std	set_new_handler	function
new.syn	new	std	launder	function
new.syn	new	std	hardware_destructive_interference_size	variable
new.syn	new	std	hardware_constructive_interference_size	variable
new.syn	new		operator new	function
new.syn	new		operator delete	function
new.syn	new		operator new [ ]	function
new.syn	new		operator delete [ ]	function
bad.alloc	new	std::bad_alloc	what	member-function
new.badlength	new	std::bad_array_new_length	what	member-function
typeinfo.syn	typeinfo	std	type_info	class
typeinfo.syn	typeinfo	std	bad_cast	class
typeinfo.syn	typeinfo	std	bad_typeid	class
type.info	typeinfo	std::type_info	operator==	member-function
type.info	typeinfo	std::type_info	before	member-function
type.info	typeinfo	std::type_info	hash_code	member-function
type.info	typeinfo	std::type_info	name	member-function
type.info	typeinfo	std::type_info	operator=	member-function
bad.cast	typeinfo	std::bad_cast	what	member-function
bad.typeid	typeinfo	std::bad_typeid	what	member-function
type.index.synopsis	typeindex	std	type_index	class
type.index.synopsis	typeindex	std	hash	class
type.index	typeindex	std::type_index	operator==	member-function
type.index	typeindex	std::type_index	operator<	member-function
type.index	typeindex	std::type_index	operator>	member-function
type.index	typeindex	std::type_index	operator<=	member-function
type.index	typeindex	std::type_index	operator>=	member-function
type.index	typeindex	std::type_index	operator<=>	member-function
type.index	typeindex	std::type_index	hash_code	member-function
type.index	typeindex	std::type_index	name	member-function
type.index	typeindex	std::type_index	target	member-variable-private
source.location.syn	source_location	std	source_location	class
support.srcloc.class.general	source_location	std::source_location	current	member-function
support.srcloc.class.general	source_location	std::source_location	operator=	member-function
support.srcloc.class.general	source_location	std::source_location	line	member-function
support.srcloc.class.general	source_location	std::source_location	column	member-function
support.srcloc.class.general	source_location	std::source_location	file_name	member-function
support.srcloc.class.general	source_location	std::source_location	function_name	member-function
support.srcloc.class.general	source_location	std::source_location	line_	member-variable-private
exception.syn	exception	std	exception	class
exception.syn	exception	std	bad_exception	class
exception.syn	exception	std	nested_exception	class
exception.syn	exception	std	terminate_handler	alias
exception.syn	exception	std	get_terminate	function
exception.syn	exception	std	set_terminate	function
exception.syn	exception	std	terminate	function
exception.syn	exception	std	uncaught_exceptions	function
exception.syn	exception	std	exception_ptr	alias
exception.syn	exception	std	current_exception	function
exception.syn	exception	std	rethrow_exception	function
exception.syn	exception	std	make_exception_ptr	function
exception.syn	exception	std	exception_ptr_cast	function
exception.syn	exception	std	throw_with_nested	function
exception.syn	exception	std	rethrow_if_nested	function
exception	exception	std::exception	operator=	member-function
exception	exception	std::exception	what	member-function
bad.exception	exception	std::bad_exception	what	member-function
except.nested	exception	std::nested_exception	operator=	member-function
except.nested	exception	std::nested_exception	rethrow_nested	member-function
except.nested	exception	std::nested_exception	nested_ptr	member-function
contracts.syn	contracts	std::contracts	assertion_kind	class
contracts.syn	contracts	std::contracts::assertion_kind	assert	enumerator
contracts.syn	contracts	std::contracts	evaluation_semantic	class
contracts.syn	contracts	std::contracts::evaluation_semantic	ignore	enumerator
contracts.syn	contracts	std::contracts::evaluation_semantic	observe	enumerator
contracts.syn	contracts	std::contracts::evaluation_semantic	enforce	enumerator
contracts.syn	contracts	std::contracts::evaluation_semantic	quick_enforce	enumerator
contracts.syn	contracts	std::contracts	detection_mode	class
contracts.syn	contracts	std::contracts::detection_mode	predicate_false	enumerator
contracts.syn	contracts	std::contracts::detection_mode	evaluation_exception	enumerator
contracts.syn	contracts	std::contracts	contract_violation	class
contracts.syn	contracts	std::contracts::contract_violation	operator=	member-function
contracts.syn	contracts	std::contracts::contract_violation	comment	member-function
contracts.syn	contracts	std::contracts::contract_violation	detection_mode	member-function
contracts.syn	contracts	std::contracts::contract_violation	is_terminating	member-function
contracts.syn	contracts	std::contracts::contract_violation	kind	member-function
contracts.syn	contracts	std::contracts::contract_violation	location	member-function
contracts.syn	contracts	std::contracts::contract_violation	semantic	member-function
contracts.syn	contracts	std::contracts	invoke_default_contract_violation_handler	function
initializer.list.syn	initializer_list	std	initializer_list	class
initializer.list.syn	initializer_list	std::initializer_list	value_type	member-type
initializer.list.syn	initializer_list	std::initializer_list	reference	member-type
initializer.list.syn	initializer_list	std::initializer_list	const_reference	member-type
initializer.list.syn	initializer_list	std::initializer_list	size_type	member-type
initializer.list.syn	initializer_list	std::initializer_list	iterator	member-type
initializer.list.syn	initializer_list	std::initializer_list	const_iterator	member-type
initializer.list.syn	initializer_list	std::initializer_list	data	member-function
initializer.list.syn	initializer_list	std::initializer_list	size	member-function
initializer.list.syn	initializer_list	std::initializer_list	empty	member-function
initializer.list.syn	initializer_list	std::initializer_list	begin	member-function
initializer.list.syn	initializer_list	std::initializer_list	end	member-function
compare.syn	compare	std	partial_ordering	class
compare.syn	compare	std	weak_ordering	class
compare.syn	compare	std	strong_ordering	class
compare.syn	compare	std	is_eq	function
compare.syn	compare	std	is_neq	function
compare.syn	compare	std	is_lt	function
compare.syn	compare	std	is_lteq	function
compare.syn	compare	std	is_gt	function
compare.syn	compare	std	is_gteq	function
compare.syn	compare	std	common_comparison_category	class
compare.syn	compare	std::common_comparison_category	type	member-type
compare.syn	compare	std	common_comparison_category_t	alias
compare.syn	compare	std	three_way_comparable	concept
compare.syn	compare	std	three_way_comparable_with	concept
compare.syn	compare	std	compare_three_way_result	class
compare.syn	compare	std	compare_three_way_result_t	alias
compare.syn	compare	std	compare_three_way	class
compare.syn	compare	std	strong_order	variable
compare.syn	compare	std	weak_order	variable
compare.syn	compare	std	partial_order	variable
compare.syn	compare	std	compare_strong_order_fallback	variable
compare.syn	compare	std	compare_weak_order_fallback	variable
compare.syn	compare	std	compare_partial_order_fallback	variable
compare.syn	compare	std	type_order	class
compare.syn	compare	std	type_order_v	variable
cmp.partialord	compare	std::partial_ordering	less	member-variable
cmp.partialord	compare	std::partial_ordering	equivalent	member-variable
cmp.partialord	compare	std::partial_ordering	greater	member-variable
cmp.partialord	compare	std::partial_ordering	unordered	member-variable
cmp.weakord	compare	std::weak_ordering	less	member-variable
cmp.weakord	compare	std::weak_ordering	equivalent	member-variable
cmp.weakord	compare	std::weak_ordering	greater	member-variable
cmp.weakord	compare	std::weak_ordering	operator partial_ordering	member-function
cmp.strongord	compare	std::strong_ordering	less	member-variable
cmp.strongord	compare	std::strong_ordering	equal	member-variable
cmp.strongord	compare	std::strong_ordering	equivalent	member-variable
cmp.strongord	compare	std::strong_ordering	greater	member-variable
cmp.strongord	compare	std::strong_ordering	operator partial_ordering	member-function
cmp.strongord	compare	std::strong_ordering	operator weak_ordering	member-function
coroutine.syn	coroutine	std	coroutine_traits	class
coroutine.syn	coroutine	std	coroutine_handle	class
coroutine.syn	coroutine	std	operator==	function
coroutine.syn	coroutine	std	operator<=>	function
coroutine.syn	coroutine	std	hash	class
coroutine.syn	coroutine	std	noop_coroutine_promise	class
coroutine.syn	coroutine	std	noop_coroutine_handle	alias
coroutine.syn	coroutine	std	noop_coroutine	function
coroutine.syn	coroutine	std	suspend_never	class
coroutine.syn	coroutine	std	suspend_always	class
coroutine.handle.general	coroutine	std::coroutine_handle<void>	operator=	member-function
coroutine.handle.general	coroutine	std::coroutine_handle<void>	address	member-function
coroutine.handle.general	coroutine	std::coroutine_handle<void>	from_address	member-function
coroutine.handle.general	coroutine	std::coroutine_handle<void>	operator bool	member-function
coroutine.handle.general	coroutine	std::coroutine_handle<void>	done	member-function
coroutine.handle.general	coroutine	std::coroutine_handle<void>	operator()	member-function
coroutine.handle.general	coroutine	std::coroutine_handle<void>	resume	member-function
coroutine.handle.general	coroutine	std::coroutine_handle<void>	destroy	member-function
coroutine.handle.general	coroutine	std::coroutine_handle<void>	ptr	member-variable-private
coroutine.handle.general	coroutine	std::coroutine_handle	from_promise	member-function
coroutine.handle.general	coroutine	std::coroutine_handle	operator=	member-function
coroutine.handle.general	coroutine	std::coroutine_handle	address	member-function
coroutine.handle.general	coroutine	std::coroutine_handle	from_address	member-function
coroutine.handle.general	coroutine	std::coroutine_handle	operator coroutine_handle < >	member-function
coroutine.handle.general	coroutine	std::coroutine_handle	operator bool	member-function
coroutine.handle.general	coroutine	std::coroutine_handle	done	member-function
coroutine.handle.general	coroutine	std::coroutine_handle	operator()	member-function
coroutine.handle.general	coroutine	std::coroutine_handle	resume	member-function
coroutine.handle.general	coroutine	std::coroutine_handle	destroy	member-function
coroutine.handle.general	coroutine	std::coroutine_handle	promise	member-function
coroutine.handle.general	coroutine	std::coroutine_handle	ptr	member-variable-private
coroutine.handle.noop.general	coroutine	std::coroutine_handle<noop_coroutine_promise>	operator coroutine_handle < >	member-function
coroutine.handle.noop.general	coroutine	std::coroutine_handle<noop_coroutine_promise>	operator bool	member-function
coroutine.handle.noop.general	coroutine	std::coroutine_handle<noop_coroutine_promise>	done	member-function
coroutine.handle.noop.general	coroutine	std::coroutine_handle<noop_coroutine_promise>	operator()	member-function
coroutine.handle.noop.general	coroutine	std::coroutine_handle<noop_coroutine_promise>	resume	member-function
coroutine.handle.noop.general	coroutine	std::coroutine_handle<noop_coroutine_promise>	destroy	member-function
coroutine.handle.noop.general	coroutine	std::coroutine_handle<noop_coroutine_promise>	promise	member-function
coroutine.handle.noop.general	coroutine	std::coroutine_handle<noop_coroutine_promise>	address	member-function
coroutine.trivial.awaitables	coroutine	std::suspend_never	await_ready	member-function
coroutine.trivial.awaitables	coroutine	std::suspend_never	await_suspend	member-function
coroutine.trivial.awaitables	coroutine	std::suspend_never	await_resume	member-function
coroutine.trivial.awaitables	coroutine	std::suspend_always	await_ready	member-function
coroutine.trivial.awaitables	coroutine	std::suspend_always	await_suspend	member-function
coroutine.trivial.awaitables	coroutine	std::suspend_always	await_resume	member-function
cstdarg.syn	cstdarg	std	va_list	alias
cstdarg.syn	cstdarg		__STDC_VERSION_STDARG_H__	macro
cstdarg.syn	cstdarg		va_arg	macro
cstdarg.syn	cstdarg		va_copy	macro
cstdarg.syn	cstdarg		va_end	macro
cstdarg.syn	cstdarg		va_start	macro
csetjmp.syn	csetjmp	std	jmp_buf	alias
csetjmp.syn	csetjmp	std	longjmp	function
csetjmp.syn	csetjmp		__STDC_VERSION_SETJMP_H__	macro
csetjmp.syn	csetjmp		setjmp	macro
csignal.syn	csignal	std	sig_atomic_t	alias
csignal.syn	csignal	std	signal	function
csignal.syn	csignal	std	raise	function
csignal.syn	csignal		SIG_DFL	macro
csignal.syn	csignal		SIG_ERR	macro
csignal.syn	csignal		SIG_IGN	macro
csignal.syn	csignal		SIGABRT	macro
csignal.syn	csignal		SIGFPE	macro
csignal.syn	csignal		SIGILL	macro
csignal.syn	csignal		SIGINT	macro
csignal.syn	csignal		SIGSEGV	macro
csignal.syn	csignal		SIGTERM	macro
concepts.syn	concepts	std	same_as	concept
concepts.syn	concepts	std	derived_from	concept
concepts.syn	concepts	std	convertible_to	concept
concepts.syn	concepts	std	common_reference_with	concept
concepts.syn	concepts	std	common_with	concept
concepts.syn	concepts	std	integral	concept
concepts.syn	concepts	std	signed_integral	concept
concepts.syn	concepts	std	unsigned_integral	concept
concepts.syn	concepts	std	floating_point	concept
concepts.syn	concepts	std	assignable_from	concept
concepts.syn	concepts	std::ranges	swap	variable
concepts.syn	concepts	std	swappable	concept
concepts.syn	concepts	std	swappable_with	concept
concepts.syn	concepts	std	destructible	concept
concepts.syn	concepts	std	constructible_from	concept
concepts.syn	concepts	std	default_initializable	concept
concepts.syn	concepts	std	move_constructible	concept
concepts.syn	concepts	std	copy_constructible	concept
concepts.syn	concepts	std	equality_comparable	concept
concepts.syn	concepts	std	equality_comparable_with	concept
concepts.syn	concepts	std	totally_ordered	concept
concepts.syn	concepts	std	totally_ordered_with	concept
concepts.syn	concepts	std	movable	concept
concepts.syn	concepts	std	copyable	concept
concepts.syn	concepts	std	semiregular	concept
concepts.syn	concepts	std	regular	concept
concepts.syn	concepts	std	invocable	concept
concepts.syn	concepts	std	regular_invocable	concept
concepts.syn	concepts	std	predicate	concept
concepts.syn	concepts	std	relation	concept
concepts.syn	concepts	std	equivalence_relation	concept
concepts.syn	concepts	std	strict_weak_order	concept
concept.swappable	concepts	std	swap	function
stdexcept.syn	stdexcept	std	logic_error	class
stdexcept.syn	stdexcept	std	domain_error	class
stdexcept.syn	stdexcept	std	invalid_argument	class
stdexcept.syn	stdexcept	std	length_error	class
stdexcept.syn	stdexcept	std	out_of_range	class
stdexcept.syn	stdexcept	std	runtime_error	class
stdexcept.syn	stdexcept	std	range_error	class
stdexcept.syn	stdexcept	std	overflow_error	class
stdexcept.syn	stdexcept	std	underflow_error	class
cassert.syn	cassert		assert	macro
cerrno.syn	cerrno		errno	macro
cerrno.syn	cerrno		E2BIG	macro
cerrno.syn	cerrno		EACCES	macro
cerrno.syn	cerrno		EADDRINUSE	macro
cerrno.syn	cerrno		EADDRNOTAVAIL	macro
cerrno.syn	cerrno		EAFNOSUPPORT	macro
cerrno.syn	cerrno		EAGAIN	macro
cerrno.syn	cerrno		EALREADY	macro
cerrno.syn	cerrno		EBADF	macro
cerrno.syn	cerrno		EBADMSG	macro
cerrno.syn	cerrno		EBUSY	macro
cerrno.syn	cerrno		ECANCELED	macro
cerrno.syn	cerrno		ECHILD	macro
cerrno.syn	cerrno		ECONNABORTED	macro
cerrno.syn	cerrno		ECONNREFUSED	macro
cerrno.syn	cerrno		ECONNRESET	macro
cerrno.syn	cerrno		EDEADLK	macro
cerrno.syn	cerrno		EDESTADDRREQ	macro
cerrno.syn	cerrno		EDOM	macro
cerrno.syn	cerrno		EEXIST	macro
cerrno.syn	cerrno		EFAULT	macro
cerrno.syn	cerrno		EFBIG	macro
cerrno.syn	cerrno		EHOSTUNREACH	macro
cerrno.syn	cerrno		EIDRM	macro
cerrno.syn	cerrno		EILSEQ	macro
cerrno.syn	cerrno		EINPROGRESS	macro
cerrno.syn	cerrno		EINTR	macro
cerrno.syn	cerrno		EINVAL	macro
cerrno.syn	cerrno		EIO	macro
cerrno.syn	cerrno		EISCONN	macro
cerrno.syn	cerrno		EISDIR	macro
cerrno.syn	cerrno		ELOOP	macro
cerrno.syn	cerrno		EMFILE	macro
cerrno.syn	cerrno		EMLINK	macro
cerrno.syn	cerrno		EMSGSIZE	macro
cerrno.syn	cerrno		ENAMETOOLONG	macro
cerrno.syn	cerrno		ENETDOWN	macro
cerrno.syn	cerrno		ENETRESET	macro
cerrno.syn	cerrno		ENETUNREACH	macro
cerrno.syn	cerrno		ENFILE	macro
cerrno.syn	cerrno		ENOBUFS	macro
cerrno.syn	cerrno		ENODEV	macro
cerrno.syn	cerrno		ENOENT	macro
cerrno.syn	cerrno		ENOEXEC	macro
cerrno.syn	cerrno		ENOLCK	macro
cerrno.syn	cerrno		ENOLINK	macro
cerrno.syn	cerrno		ENOMEM	macro
cerrno.syn	cerrno		ENOMSG	macro
cerrno.syn	cerrno		ENOPROTOOPT	macro
cerrno.syn	cerrno		ENOSPC	macro
cerrno.syn	cerrno		ENOSYS	macro
cerrno.syn	cerrno		ENOTCONN	macro
cerrno.syn	cerrno		ENOTDIR	macro
cerrno.syn	cerrno		ENOTEMPTY	macro
cerrno.syn	cerrno		ENOTRECOVERABLE	macro
cerrno.syn	cerrno		ENOTSOCK	macro
cerrno.syn	cerrno		ENOTSUP	macro
cerrno.syn	cerrno		ENOTTY	macro
cerrno.syn	cerrno		ENXIO	macro
cerrno.syn	cerrno		EOPNOTSUPP	macro
cerrno.syn	cerrno		EOVERFLOW	macro
cerrno.syn	cerrno		EOWNERDEAD	macro
cerrno.syn	cerrno		EPERM	macro
cerrno.syn	cerrno		EPIPE	macro
cerrno.syn	cerrno		EPROTO	macro
cerrno.syn	cerrno		EPROTONOSUPPORT	macro
cerrno.syn	cerrno		EPROTOTYPE	macro
cerrno.syn	cerrno		ERANGE	macro
cerrno.syn	cerrno		EROFS	macro
cerrno.syn	cerrno		ESPIPE	macro
cerrno.syn	cerrno		ESRCH	macro
cerrno.syn	cerrno		ETIMEDOUT	macro
cerrno.syn	cerrno		ETXTBSY	macro
cerrno.syn	cerrno		EWOULDBLOCK	macro
cerrno.syn	cerrno		EXDEV	macro
system.error.syn	system_error	std	error_category	class
system.error.syn	system_error	std	generic_category	function
system.error.syn	system_error	std	system_category	function
system.error.syn	system_error	std	error_code	class
system.error.syn	system_error	std	error_condition	class
system.error.syn	system_error	std	system_error	class
system.error.syn	system_error	std	is_error_code_enum	class
system.error.syn	system_error	std	is_error_condition_enum	class
system.error.syn	system_error	std	errc	class
system.error.syn	system_error	std::errc	address_family_not_supported	enumerator
system.error.syn	system_error	std::errc	address_in_use	enumerator
system.error.syn	system_error	std::errc	address_not_available	enumerator
system.error.syn	system_error	std::errc	already_connected	enumerator
system.error.syn	system_error	std::errc	argument_list_too_long	enumerator
system.error.syn	system_error	std::errc	argument_out_of_domain	enumerator
system.error.syn	system_error	std::errc	bad_address	enumerator
system.error.syn	system_error	std::errc	bad_file_descriptor	enumerator
system.error.syn	system_error	std::errc	bad_message	enumerator
system.error.syn	system_error	std::errc	broken_pipe	enumerator
system.error.syn	system_error	std::errc	connection_aborted	enumerator
system.error.syn	system_error	std::errc	connection_already_in_progress	enumerator
system.error.syn	system_error	std::errc	connection_refused	enumerator
system.error.syn	system_error	std::errc	connection_reset	enumerator
system.error.syn	system_error	std::errc	cross_device_link	enumerator
system.error.syn	system_error	std::errc	destination_address_required	enumerator
system.error.syn	system_error	std::errc	device_or_resource_busy	enumerator
system.error.syn	system_error	std::errc	directory_not_empty	enumerator
system.error.syn	system_error	std::errc	executable_format_error	enumerator
system.error.syn	system_error	std::errc	file_exists	enumerator
system.error.syn	system_error	std::errc	file_too_large	enumerator
system.error.syn	system_error	std::errc	filename_too_long	enumerator
system.error.syn	system_error	std::errc	function_not_supported	enumerator
system.error.syn	system_error	std::errc	host_unreachable	enumerator
system.error.syn	system_error	std::errc	identifier_removed	enumerator
system.error.syn	system_error	std::errc	illegal_byte_sequence	enumerator
system.error.syn	system_error	std::errc	inappropriate_io_control_operation	enumerator
system.error.syn	system_error	std::errc	interrupted	enumerator
system.error.syn	system_error	std::errc	invalid_argument	enumerator
system.error.syn	system_error	std::errc	invalid_seek	enumerator
system.error.syn	system_error	std::errc	io_error	enumerator
system.error.syn	system_error	std::errc	is_a_directory	enumerator
system.error.syn	system_error	std::errc	message_size	enumerator
system.error.syn	system_error	std::errc	network_down	enumerator
system.error.syn	system_error	std::errc	network_reset	enumerator
system.error.syn	system_error	std::errc	network_unreachable	enumerator
system.error.syn	system_error	std::errc	no_buffer_space	enumerator
system.error.syn	system_error	std::errc	no_child_process	enumerator
system.error.syn	system_error	std::errc	no_link	enumerator
system.error.syn	system_error	std::errc	no_lock_available	enumerator
system.error.syn	system_error	std::errc	no_message	enumerator
system.error.syn	system_error	std::errc	no_protocol_option	enumerator
system.error.syn	system_error	std::errc	no_space_on_device	enumerator
system.error.syn	system_error	std::errc	no_such_device_or_address	enumerator
system.error.syn	system_error	std::errc	no_such_device	enumerator
system.error.syn	system_error	std::errc	no_such_file_or_directory	enumerator
system.error.syn	system_error	std::errc	no_such_process	enumerator
system.error.syn	system_error	std::errc	not_a_directory	enumerator
system.error.syn	system_error	std::errc	not_a_socket	enumerator
system.error.syn	system_error	std::errc	not_connected	enumerator
system.error.syn	system_error	std::errc	not_enough_memory	enumerator
system.error.syn	system_error	std::errc	not_supported	enumerator
system.error.syn	system_error	std::errc	operation_canceled	enumerator
system.error.syn	system_error	std::errc	operation_in_progress	enumerator
system.error.syn	system_error	std::errc	operation_not_permitted	enumerator
system.error.syn	system_error	std::errc	operation_not_supported	enumerator
system.error.syn	system_error	std::errc	operation_would_block	enumerator
system.error.syn	system_error	std::errc	owner_dead	enumerator
system.error.syn	system_error	std::errc	permission_denied	enumerator
system.error.syn	system_error	std::errc	protocol_error	enumerator
system.error.syn	system_error	std::errc	protocol_not_supported	enumerator
system.error.syn	system_error	std::errc	read_only_file_system	enumerator
system.error.syn	system_error	std::errc	resource_deadlock_would_occur	enumerator
system.error.syn	system_error	std::errc	resource_unavailable_try_again	enumerator
system.error.syn	system_error	std::errc	result_out_of_range	enumerator
system.error.syn	system_error	std::errc	state_not_recoverable	enumerator
system.error.syn	system_error	std::errc	text_file_busy	enumerator
system.error.syn	system_error	std::errc	timed_out	enumerator
system.error.syn	system_error	std::errc	too_many_files_open_in_system	enumerator
system.error.syn	system_error	std::errc	too_many_files_open	enumerator
system.error.syn	system_error	std::errc	too_many_links	enumerator
system.error.syn	system_error	std::errc	too_many_symbolic_link_levels	enumerator
system.error.syn	system_error	std::errc	value_too_large	enumerator
system.error.syn	system_error	std::errc	wrong_protocol_type	enumerator
system.error.syn	system_error	std	make_error_code	function
system.error.syn	system_error	std	operator<<	function
system.error.syn	system_error	std	make_error_condition	function
system.error.syn	system_error	std	operator==	function
system.error.syn	system_error	std	operator<=>	function
system.error.syn	system_error	std	hash	class
system.error.syn	system_error	std	is_error_code_enum_v	variable
system.error.syn	system_error	std	is_error_condition_enum_v	variable
syserr.errcat.overview	system_error	std::error_category	operator=	member-function
syserr.errcat.overview	system_error	std::error_category	name	member-function
syserr.errcat.overview	system_error	std::error_category	default_error_condition	member-function
syserr.errcat.overview	system_error	std::error_category	equivalent	member-function
syserr.errcat.overview	system_error	std::error_category	message	member-function
syserr.errcat.overview	system_error	std::error_category	operator==	member-function
syserr.errcat.overview	system_error	std::error_category	operator<=>	member-function
syserr.errcode.overview	system_error	std::error_code	assign	member-function
syserr.errcode.overview	system_error	std::error_code	operator=	member-function
syserr.errcode.overview	system_error	std::error_code	clear	member-function
syserr.errcode.overview	system_error	std::error_code	value	member-function
syserr.errcode.overview	system_error	std::error_code	category	member-function
syserr.errcode.overview	system_error	std::error_code	default_error_condition	member-function
syserr.errcode.overview	system_error	std::error_code	message	member-function
syserr.errcode.overview	system_error	std::error_code	operator bool	member-function
syserr.fmt	system_error	std::formatter<error_code, charT>	set_debug_format	member-function
syserr.fmt	system_error	std::formatter<error_code, charT>	parse	member-function
syserr.fmt	system_error	std::formatter<error_code, charT>	format	member-function
syserr.errcondition.overview	system_error	std::error_condition	assign	member-function
syserr.errcondition.overview	system_error	std::error_condition	operator=	member-function
syserr.errcondition.overview	system_error	std::error_condition	clear	member-function
syserr.errcondition.overview	system_error	std::error_condition	value	member-function
syserr.errcondition.overview	system_error	std::error_condition	category	member-function
syserr.errcondition.overview	system_error	std::error_condition	message	member-function
syserr.errcondition.overview	system_error	std::error_condition	operator bool	member-function
syserr.syserr.overview	system_error	std::system_error	code	member-function
syserr.syserr.overview	system_error	std::system_error	what	member-function
stacktrace.syn	stacktrace	std	stacktrace_entry	class
stacktrace.syn	stacktrace	std	basic_stacktrace	class
stacktrace.syn	stacktrace	std	stacktrace	alias
stacktrace.syn	stacktrace	std	swap	function
stacktrace.syn	stacktrace	std	to_string	function
stacktrace.syn	stacktrace	std	operator<<	function
stacktrace.syn	stacktrace	std::pmr	stacktrace	alias
stacktrace.syn	stacktrace	std	hash	class
stacktrace.entry.overview	stacktrace	std::stacktrace_entry	native_handle_type	member-type
stacktrace.entry.overview	stacktrace	std::stacktrace_entry	operator=	member-function
stacktrace.entry.overview	stacktrace	std::stacktrace_entry	native_handle	member-function
stacktrace.entry.overview	stacktrace	std::stacktrace_entry	operator bool	member-function
stacktrace.entry.overview	stacktrace	std::stacktrace_entry	description	member-function
stacktrace.entry.overview	stacktrace	std::stacktrace_entry	source_file	member-function
stacktrace.entry.overview	stacktrace	std::stacktrace_entry	source_line	member-function
stacktrace.basic.overview	stacktrace	std::basic_stacktrace	value_type	member-type
stacktrace.basic.overview	stacktrace	std::basic_stacktrace	const_reference	member-type
stacktrace.basic.overview	stacktrace	std::basic_stacktrace	reference	member-type
stacktrace.basic.overview	stacktrace	std::basic_stacktrace	const_iterator	member-type
stacktrace.basic.overview	stacktrace	std::basic_stacktrace	iterator	member-type
stacktrace.basic.overview	stacktrace	std::basic_stacktrace	reverse_iterator	member-type
stacktrace.basic.overview	stacktrace	std::basic_stacktrace	const_reverse_iterator	member-type
stacktrace.basic.overview	stacktrace	std::basic_stacktrace	difference_type	member-type
stacktrace.basic.overview	stacktrace	std::basic_stacktrace	size_type	member-type
stacktrace.basic.overview	stacktrace	std::basic_stacktrace	allocator_type	member-type
stacktrace.basic.overview	stacktrace	std::basic_stacktrace	current	member-function
stacktrace.basic.overview	stacktrace	std::basic_stacktrace	operator=	member-function
stacktrace.basic.overview	stacktrace	std::basic_stacktrace	get_allocator	member-function
stacktrace.basic.overview	stacktrace	std::basic_stacktrace	begin	member-function
stacktrace.basic.overview	stacktrace	std::basic_stacktrace	end	member-function
stacktrace.basic.overview	stacktrace	std::basic_stacktrace	rbegin	member-function
stacktrace.basic.overview	stacktrace	std::basic_stacktrace	rend	member-function
stacktrace.basic.overview	stacktrace	std::basic_stacktrace	cbegin	member-function
stacktrace.basic.overview	stacktrace	std::basic_stacktrace	cend	member-function
stacktrace.basic.overview	stacktrace	std::basic_stacktrace	crbegin	member-function
stacktrace.basic.overview	stacktrace	std::basic_stacktrace	crend	member-function
stacktrace.basic.overview	stacktrace	std::basic_stacktrace	empty	member-function
stacktrace.basic.overview	stacktrace	std::basic_stacktrace	size	member-function
stacktrace.basic.overview	stacktrace	std::basic_stacktrace	max_size	member-function
stacktrace.basic.overview	stacktrace	std::basic_stacktrace	operator[]	member-function
stacktrace.basic.overview	stacktrace	std::basic_stacktrace	at	member-function
stacktrace.basic.overview	stacktrace	std::basic_stacktrace	swap	member-function
debugging.syn	debugging	std	breakpoint	function
debugging.syn	debugging	std	breakpoint_if_debugging	function
debugging.syn	debugging	std	is_debugger_present	function
memory.syn	memory	std	pointer_traits	class
memory.syn	memory	std	to_address	function
memory.syn	memory	std	align	function
memory.syn	memory	std	assume_aligned	function
memory.syn	memory	std	is_sufficiently_aligned	function
memory.syn	memory	std	start_lifetime	function
memory.syn	memory	std	start_lifetime_as	function
memory.syn	memory	std	start_lifetime_as_array	function
memory.syn	memory	std	allocator_arg_t	class
memory.syn	memory	std	allocator_arg	variable
memory.syn	memory	std	uses_allocator	class
memory.syn	memory	std	uses_allocator_v	variable
memory.syn	memory	std	uses_allocator_construction_args	function
memory.syn	memory	std	make_obj_using_allocator	function
memory.syn	memory	std	uninitialized_construct_using_allocator	function
memory.syn	memory	std	allocator_traits	class
memory.syn	memory	std	allocation_result	class
memory.syn	memory	std::allocation_result	ptr	member-variable
memory.syn	memory	std::allocation_result	count	member-variable
memory.syn	memory	std	allocator	class
memory.syn	memory	std	operator==	function
memory.syn	memory	std	addressof	function
memory.syn	memory	std	uninitialized_default_construct	function
memory.syn	memory	std	uninitialized_default_construct_n	function
memory.syn	memory	std::ranges	uninitialized_default_construct	function
memory.syn	memory	std::ranges	uninitialized_default_construct_n	function
memory.syn	memory	std	uninitialized_value_construct	function
memory.syn	memory	std	uninitialized_value_construct_n	function
memory.syn	memory	std::ranges	uninitialized_value_construct	function
memory.syn	memory	std::ranges	uninitialized_value_construct_n	function
memory.syn	memory	std	uninitialized_copy	function
memory.syn	memory	std	uninitialized_copy_n	function
memory.syn	memory	std::ranges	uninitialized_copy_result	alias
memory.syn	memory	std::ranges	uninitialized_copy	function
memory.syn	memory	std::ranges	uninitialized_copy_n_result	alias
memory.syn	memory	std::ranges	uninitialized_copy_n	function
memory.syn	memory	std	uninitialized_move	function
memory.syn	memory	std	uninitialized_move_n	function
memory.syn	memory	std::ranges	uninitialized_move_result	alias
memory.syn	memory	std::ranges	uninitialized_move	function
memory.syn	memory	std::ranges	uninitialized_move_n_result	alias
memory.syn	memory	std::ranges	uninitialized_move_n	function
memory.syn	memory	std	uninitialized_fill	function
memory.syn	memory	std	uninitialized_fill_n	function
memory.syn	memory	std::ranges	uninitialized_fill	function
memory.syn	memory	std::ranges	uninitialized_fill_n	function
memory.syn	memory	std	construct_at	function
memory.syn	memory	std::ranges	construct_at	function
memory.syn	memory	std	destroy_at	function
memory.syn	memory	std	destroy	function
memory.syn	memory	std	destroy_n	function
memory.syn	memory	std::ranges	destroy_at	function
memory.syn	memory	std::ranges	destroy	function
memory.syn	memory	std::ranges	destroy_n	function
memory.syn	memory	std	max_pointer_bits_available	variable
memory.syn	memory	std	pointer_bits_available	function
memory.syn	memory	std	pointer_tag_pair	class
memory.syn	memory	std::tuple_element<0, pointer_tag_pair <Ptr, BitsRequested, TagT>>	type	member-type
memory.syn	memory	std::tuple_element<1, pointer_tag_pair <Ptr, BitsRequested, TagT>>	type	member-type
memory.syn	memory	std::tuple_element<0, const pointer_tag_pair <Ptr, BitsRequested, TagT>>	type	member-type
memory.syn	memory	std::tuple_element<1, const pointer_tag_pair <Ptr, BitsRequested, TagT>>	type	member-type
memory.syn	memory	std	get	function
memory.syn	memory	std	default_delete	class
memory.syn	memory	std	unique_ptr	class
memory.syn	memory	std	make_unique	function
memory.syn	memory	std	make_unique_for_overwrite	function
memory.syn	memory	std	swap	function
memory.syn	memory	std	operator<	function
memory.syn	memory	std	operator>	function
memory.syn	memory	std	operator<=	function
memory.syn	memory	std	operator>=	function
memory.syn	memory	std	operator<<	function
memory.syn	memory	std	bad_weak_ptr	class
memory.syn	memory	std	shared_ptr	class
memory.syn	memory	std	make_shared	function
memory.syn	memory	std	allocate_shared	function
memory.syn	memory	std	make_shared_for_overwrite	function
memory.syn	memory	std	allocate_shared_for_overwrite	function
memory.syn	memory	std	operator<=>	function
memory.syn	memory	std	static_pointer_cast	function
memory.syn	memory	std	dynamic_pointer_cast	function
memory.syn	memory	std	const_pointer_cast	function
memory.syn	memory	std	reinterpret_pointer_cast	function
memory.syn	memory	std	get_deleter	function
memory.syn	memory	std	weak_ptr	class
memory.syn	memory	std	owner_less	class
memory.syn	memory	std	owner_hash	class
memory.syn	memory	std	owner_equal	class
memory.syn	memory	std	enable_shared_from_this	class
memory.syn	memory	std	hash	class
memory.syn	memory	std	atomic	class
memory.syn	memory	std	out_ptr_t	class
memory.syn	memory	std	out_ptr	function
memory.syn	memory	std	inout_ptr_t	class
memory.syn	memory	std	inout_ptr	function
memory.syn	memory	std	indirect	class
memory.syn	memory	std	polymorphic	class
memory.syn	memory	std::pmr	indirect	alias
memory.syn	memory	std::pmr	polymorphic	alias
pointer.traits.general	memory	std::pointer_traits<T *>	pointer	member-type
pointer.traits.general	memory	std::pointer_traits<T *>	element_type	member-type
pointer.traits.general	memory	std::pointer_traits<T *>	difference_type	member-type
pointer.traits.general	memory	std::pointer_traits<T *>	rebind	member-type
pointer.traits.general	memory	std::pointer_traits<T *>	pointer_to	member-function
allocator.traits.general	memory	std::allocator_traits	allocator_type	member-type
allocator.traits.general	memory	std::allocator_traits	value_type	member-type
allocator.traits.general	memory	std::allocator_traits	pointer	member-type
allocator.traits.general	memory	std::allocator_traits	const_pointer	member-type
allocator.traits.general	memory	std::allocator_traits	void_pointer	member-type
allocator.traits.general	memory	std::allocator_traits	const_void_pointer	member-type
allocator.traits.general	memory	std::allocator_traits	difference_type	member-type
allocator.traits.general	memory	std::allocator_traits	size_type	member-type
allocator.traits.general	memory	std::allocator_traits	propagate_on_container_copy_assignment	member-type
allocator.traits.general	memory	std::allocator_traits	propagate_on_container_move_assignment	member-type
allocator.traits.general	memory	std::allocator_traits	propagate_on_container_swap	member-type
allocator.traits.general	memory	std::allocator_traits	is_always_equal	member-type
allocator.traits.general	memory	std::allocator_traits	rebind_alloc	member-type
allocator.traits.general	memory	std::allocator_traits	rebind_traits	member-type
allocator.traits.general	memory	std::allocator_traits	allocate	member-function
allocator.traits.general	memory	std::allocator_traits	allocate_at_least	member-function
allocator.traits.general	memory	std::allocator_traits	deallocate	member-function
allocator.traits.general	memory	std::allocator_traits	construct	member-function
allocator.traits.general	memory	std::allocator_traits	destroy	member-function
allocator.traits.general	memory	std::allocator_traits	max_size	member-function
allocator.traits.general	memory	std::allocator_traits	select_on_container_copy_construction	member-function
default.allocator.general	memory	std::allocator	value_type	member-type
default.allocator.general	memory	std::allocator	size_type	member-type
default.allocator.general	memory	std::allocator	difference_type	member-type
default.allocator.general	memory	std::allocator	propagate_on_container_move_assignment	member-type
default.allocator.general	memory	std::allocator	operator=	member-function
default.allocator.general	memory	std::allocator	allocate	member-function
default.allocator.general	memory	std::allocator	allocate_at_least	member-function
default.allocator.general	memory	std::allocator	deallocate	member-function
ptrtag.pair.general	memory	std::pointer_tag_pair	pointer_type	member-type
ptrtag.pair.general	memory	std::pointer_tag_pair	element_type	member-type
ptrtag.pair.general	memory	std::pointer_tag_pair	tagged_pointer_type	member-type
ptrtag.pair.general	memory	std::pointer_tag_pair	tag_type	member-type
ptrtag.pair.general	memory	std::pointer_tag_pair	bits_requested	member-variable
ptrtag.pair.general	memory	std::pointer_tag_pair	from_overaligned	member-function
ptrtag.pair.general	memory	std::pointer_tag_pair	tagged_pointer	member-function
ptrtag.pair.general	memory	std::pointer_tag_pair	from_tagged	member-function
ptrtag.pair.general	memory	std::pointer_tag_pair	pointer	member-function
ptrtag.pair.general	memory	std::pointer_tag_pair	tag	member-function
ptrtag.pair.general	memory	std::pointer_tag_pair	swap	member-function
ptrtag.pair.general	memory	std	pointer_tag_pair	function
unique.ptr.dltr.dflt	memory	std::default_delete	operator()	member-function
unique.ptr.dltr.dflt1	memory	std::default_delete<T []>	operator()	member-function
unique.ptr.single.general	memory	std::unique_ptr	pointer	member-type
unique.ptr.single.general	memory	std::unique_ptr	element_type	member-type
unique.ptr.single.general	memory	std::unique_ptr	deleter_type	member-type
unique.ptr.single.general	memory	std::unique_ptr	operator=	member-function
unique.ptr.single.general	memory	std::unique_ptr	operator*	member-function
unique.ptr.single.general	memory	std::unique_ptr	operator->	member-function
unique.ptr.single.general	memory	std::unique_ptr	get	member-function
unique.ptr.single.general	memory	std::unique_ptr	get_deleter	member-function
unique.ptr.single.general	memory	std::unique_ptr	operator bool	member-function
unique.ptr.single.general	memory	std::unique_ptr	release	member-function
unique.ptr.single.general	memory	std::unique_ptr	reset	member-function
unique.ptr.single.general	memory	std::unique_ptr	swap	member-function
unique.ptr.runtime.general	memory	std::unique_ptr<T [], D>	pointer	member-type
unique.ptr.runtime.general	memory	std::unique_ptr<T [], D>	element_type	member-type
unique.ptr.runtime.general	memory	std::unique_ptr<T [], D>	deleter_type	member-type
unique.ptr.runtime.general	memory	std::unique_ptr<T [], D>	operator=	member-function
unique.ptr.runtime.general	memory	std::unique_ptr<T [], D>	operator[]	member-function
unique.ptr.runtime.general	memory	std::unique_ptr<T [], D>	get	member-function
unique.ptr.runtime.general	memory	std::unique_ptr<T [], D>	get_deleter	member-function
unique.ptr.runtime.general	memory	std::unique_ptr<T [], D>	operator bool	member-function
unique.ptr.runtime.general	memory	std::unique_ptr<T [], D>	release	member-function
unique.ptr.runtime.general	memory	std::unique_ptr<T [], D>	reset	member-function
unique.ptr.runtime.general	memory	std::unique_ptr<T [], D>	swap	member-function
util.smartptr.weak.bad	memory	std::bad_weak_ptr	what	member-function
util.smartptr.shared.general	memory	std::shared_ptr	element_type	member-type
util.smartptr.shared.general	memory	std::shared_ptr	weak_type	member-type
util.smartptr.shared.general	memory	std::shared_ptr	operator=	member-function
util.smartptr.shared.general	memory	std::shared_ptr	swap	member-function
util.smartptr.shared.general	memory	std::shared_ptr	reset	member-function
util.smartptr.shared.general	memory	std::shared_ptr	get	member-function
util.smartptr.shared.general	memory	std::shared_ptr	operator*	member-function
util.smartptr.shared.general	memory	std::shared_ptr	operator->	member-function
util.smartptr.shared.general	memory	std::shared_ptr	operator[]	member-function
util.smartptr.shared.general	memory	std::shared_ptr	use_count	member-function
util.smartptr.shared.general	memory	std::shared_ptr	operator bool	member-function
util.smartptr.shared.general	memory	std::shared_ptr	owner_before	member-function
util.smartptr.shared.general	memory	std::shared_ptr	owner_hash	member-function
util.smartptr.shared.general	memory	std::shared_ptr	owner_equal	member-function
util.smartptr.shared.general	memory	std	shared_ptr	function
util.smartptr.weak.general	memory	std::weak_ptr	element_type	member-type
util.smartptr.weak.general	memory	std::weak_ptr	operator=	member-function
util.smartptr.weak.general	memory	std::weak_ptr	swap	member-function
util.smartptr.weak.general	memory	std::weak_ptr	reset	member-function
util.smartptr.weak.general	memory	std::weak_ptr	use_count	member-function
util.smartptr.weak.general	memory	std::weak_ptr	expired	member-function
util.smartptr.weak.general	memory	std::weak_ptr	lock	member-function
util.smartptr.weak.general	memory	std::weak_ptr	owner_before	member-function
util.smartptr.weak.general	memory	std::weak_ptr	owner_hash	member-function
util.smartptr.weak.general	memory	std::weak_ptr	owner_equal	member-function
util.smartptr.weak.general	memory	std	weak_ptr	function
util.smartptr.ownerless	memory	std::owner_less<shared_ptr <T>>	operator()	member-function
util.smartptr.ownerless	memory	std::owner_less<weak_ptr <T>>	operator()	member-function
util.smartptr.ownerless	memory	std::owner_less<void>	operator()	member-function
util.smartptr.ownerless	memory	std::owner_less<void>	is_transparent	member-type
util.smartptr.owner.hash	memory	std::owner_hash	operator()	member-function
util.smartptr.owner.hash	memory	std::owner_hash	is_transparent	member-type
util.smartptr.owner.equal	memory	std::owner_equal	operator()	member-function
util.smartptr.owner.equal	memory	std::owner_equal	is_transparent	member-type
util.smartptr.enab	memory	std::enable_shared_from_this	operator=	member-function-protected
util.smartptr.enab	memory	std::enable_shared_from_this	shared_from_this	member-function
util.smartptr.enab	memory	std::enable_shared_from_this	weak_from_this	member-function
out.ptr.t	memory	std::out_ptr_t	operator Pointer *	member-function
out.ptr.t	memory	std::out_ptr_t	operator void * *	member-function
out.ptr.t	memory	std::out_ptr_t	s	member-variable-private
inout.ptr.t	memory	std::inout_ptr_t	operator Pointer *	member-function
inout.ptr.t	memory	std::inout_ptr_t	operator void * *	member-function
inout.ptr.t	memory	std::inout_ptr_t	s	member-variable-private
indirect.syn	memory	std::indirect	value_type	member-type
indirect.syn	memory	std::indirect	allocator_type	member-type
indirect.syn	memory	std::indirect	pointer	member-type
indirect.syn	memory	std::indirect	const_pointer	member-type
indirect.syn	memory	std::indirect	operator=	member-function
indirect.syn	memory	std::indirect	operator*	member-function
indirect.syn	memory	std::indirect	operator->	member-function
indirect.syn	memory	std::indirect	valueless_after_move	member-function
indirect.syn	memory	std::indirect	get_allocator	member-function
indirect.syn	memory	std::indirect	swap	member-function
indirect.syn	memory	std	indirect	function
polymorphic.syn	memory	std::polymorphic	value_type	member-type
polymorphic.syn	memory	std::polymorphic	allocator_type	member-type
polymorphic.syn	memory	std::polymorphic	pointer	member-type
polymorphic.syn	memory	std::polymorphic	const_pointer	member-type
polymorphic.syn	memory	std::polymorphic	operator=	member-function
polymorphic.syn	memory	std::polymorphic	operator*	member-function
polymorphic.syn	memory	std::polymorphic	operator->	member-function
polymorphic.syn	memory	std::polymorphic	valueless_after_move	member-function
polymorphic.syn	memory	std::polymorphic	get_allocator	member-function
polymorphic.syn	memory	std::polymorphic	swap	member-function
mem.res.syn	memory_resource	std::pmr	memory_resource	class
mem.res.syn	memory_resource	std::pmr	operator==	function
mem.res.syn	memory_resource	std::pmr	polymorphic_allocator	class
mem.res.syn	memory_resource	std::pmr	new_delete_resource	function
mem.res.syn	memory_resource	std::pmr	null_memory_resource	function
mem.res.syn	memory_resource	std::pmr	set_default_resource	function
mem.res.syn	memory_resource	std::pmr	get_default_resource	function
mem.res.syn	memory_resource	std::pmr	pool_options	class
mem.res.syn	memory_resource	std::pmr	synchronized_pool_resource	class
mem.res.syn	memory_resource	std::pmr	unsynchronized_pool_resource	class
mem.res.syn	memory_resource	std::pmr	monotonic_buffer_resource	class
mem.res.class.general	memory_resource	std::pmr::memory_resource	operator=	member-function
mem.res.class.general	memory_resource	std::pmr::memory_resource	allocate	member-function
mem.res.class.general	memory_resource	std::pmr::memory_resource	deallocate	member-function
mem.res.class.general	memory_resource	std::pmr::memory_resource	is_equal	member-function
mem.res.class.general	memory_resource	std::pmr::memory_resource	do_allocate	member-function-private
mem.res.class.general	memory_resource	std::pmr::memory_resource	do_deallocate	member-function-private
mem.res.class.general	memory_resource	std::pmr::memory_resource	do_is_equal	member-function-private
mem.poly.allocator.class.general	memory_resource	std::pmr::polymorphic_allocator	value_type	member-type
mem.poly.allocator.class.general	memory_resource	std::pmr::polymorphic_allocator	operator=	member-function
mem.poly.allocator.class.general	memory_resource	std::pmr::polymorphic_allocator	allocate	member-function
mem.poly.allocator.class.general	memory_resource	std::pmr::polymorphic_allocator	deallocate	member-function
mem.poly.allocator.class.general	memory_resource	std::pmr::polymorphic_allocator	allocate_bytes	member-function
mem.poly.allocator.class.general	memory_resource	std::pmr::polymorphic_allocator	deallocate_bytes	member-function
mem.poly.allocator.class.general	memory_resource	std::pmr::polymorphic_allocator	allocate_object	member-function
mem.poly.allocator.class.general	memory_resource	std::pmr::polymorphic_allocator	deallocate_object	member-function
mem.poly.allocator.class.general	memory_resource	std::pmr::polymorphic_allocator	new_object	member-function
mem.poly.allocator.class.general	memory_resource	std::pmr::polymorphic_allocator	delete_object	member-function
mem.poly.allocator.class.general	memory_resource	std::pmr::polymorphic_allocator	construct	member-function
mem.poly.allocator.class.general	memory_resource	std::pmr::polymorphic_allocator	destroy	member-function
mem.poly.allocator.class.general	memory_resource	std::pmr::polymorphic_allocator	select_on_container_copy_construction	member-function
mem.poly.allocator.class.general	memory_resource	std::pmr::polymorphic_allocator	resource	member-function
mem.res.pool.overview	memory_resource	std::pmr::pool_options	max_blocks_per_chunk	member-variable
mem.res.pool.overview	memory_resource	std::pmr::pool_options	largest_required_pool_block	member-variable
mem.res.pool.overview	memory_resource	std::pmr::synchronized_pool_resource	operator=	member-function
mem.res.pool.overview	memory_resource	std::pmr::synchronized_pool_resource	release	member-function
mem.res.pool.overview	memory_resource	std::pmr::synchronized_pool_resource	upstream_resource	member-function
mem.res.pool.overview	memory_resource	std::pmr::synchronized_pool_resource	options	member-function
mem.res.pool.overview	memory_resource	std::pmr::synchronized_pool_resource	do_allocate	member-function-protected
mem.res.pool.overview	memory_resource	std::pmr::synchronized_pool_resource	do_deallocate	member-function-protected
mem.res.pool.overview	memory_resource	std::pmr::synchronized_pool_resource	do_is_equal	member-function-protected
mem.res.pool.overview	memory_resource	std::pmr::unsynchronized_pool_resource	operator=	member-function
mem.res.pool.overview	memory_resource	std::pmr::unsynchronized_pool_resource	release	member-function
mem.res.pool.overview	memory_resource	std::pmr::unsynchronized_pool_resource	upstream_resource	member-function
mem.res.pool.overview	memory_resource	std::pmr::unsynchronized_pool_resource	options	member-function
mem.res.pool.overview	memory_resource	std::pmr::unsynchronized_pool_resource	do_allocate	member-function-protected
mem.res.pool.overview	memory_resource	std::pmr::unsynchronized_pool_resource	do_deallocate	member-function-protected
mem.res.pool.overview	memory_resource	std::pmr::unsynchronized_pool_resource	do_is_equal	member-function-protected
mem.res.monotonic.buffer.general	memory_resource	std::pmr::monotonic_buffer_resource	operator=	member-function
mem.res.monotonic.buffer.general	memory_resource	std::pmr::monotonic_buffer_resource	release	member-function
mem.res.monotonic.buffer.general	memory_resource	std::pmr::monotonic_buffer_resource	upstream_resource	member-function
mem.res.monotonic.buffer.general	memory_resource	std::pmr::monotonic_buffer_resource	do_allocate	member-function-protected
mem.res.monotonic.buffer.general	memory_resource	std::pmr::monotonic_buffer_resource	do_deallocate	member-function-protected
mem.res.monotonic.buffer.general	memory_resource	std::pmr::monotonic_buffer_resource	do_is_equal	member-function-protected
allocator.adaptor.syn	scoped_allocator	std	scoped_allocator_adaptor	class
allocator.adaptor.syn	scoped_allocator	std	operator==	function
allocator.adaptor.syn	scoped_allocator	std::scoped_allocator_adaptor	OuterTraits	member-type-private
allocator.adaptor.syn	scoped_allocator	std::scoped_allocator_adaptor	outer_allocator_type	member-type
allocator.adaptor.syn	scoped_allocator	std::scoped_allocator_adaptor	inner_allocator_type	member-type
allocator.adaptor.syn	scoped_allocator	std::scoped_allocator_adaptor	value_type	member-type
allocator.adaptor.syn	scoped_allocator	std::scoped_allocator_adaptor	size_type	member-type
allocator.adaptor.syn	scoped_allocator	std::scoped_allocator_adaptor	difference_type	member-type
allocator.adaptor.syn	scoped_allocator	std::scoped_allocator_adaptor	pointer	member-type
allocator.adaptor.syn	scoped_allocator	std::scoped_allocator_adaptor	const_pointer	member-type
allocator.adaptor.syn	scoped_allocator	std::scoped_allocator_adaptor	void_pointer	member-type
allocator.adaptor.syn	scoped_allocator	std::scoped_allocator_adaptor	const_void_pointer	member-type
allocator.adaptor.syn	scoped_allocator	std::scoped_allocator_adaptor	propagate_on_container_copy_assignment	member-type
allocator.adaptor.syn	scoped_allocator	std::scoped_allocator_adaptor	propagate_on_container_move_assignment	member-type
allocator.adaptor.syn	scoped_allocator	std::scoped_allocator_adaptor	propagate_on_container_swap	member-type
allocator.adaptor.syn	scoped_allocator	std::scoped_allocator_adaptor	is_always_equal	member-type
allocator.adaptor.syn	scoped_allocator	std::scoped_allocator_adaptor	rebind	member-type
allocator.adaptor.syn	scoped_allocator	std::scoped_allocator_adaptor::rebind	other	member-type
allocator.adaptor.syn	scoped_allocator	std::scoped_allocator_adaptor	operator=	member-function
allocator.adaptor.syn	scoped_allocator	std::scoped_allocator_adaptor	inner_allocator	member-function
allocator.adaptor.syn	scoped_allocator	std::scoped_allocator_adaptor	outer_allocator	member-function
allocator.adaptor.syn	scoped_allocator	std::scoped_allocator_adaptor	allocate	member-function
allocator.adaptor.syn	scoped_allocator	std::scoped_allocator_adaptor	deallocate	member-function
allocator.adaptor.syn	scoped_allocator	std::scoped_allocator_adaptor	max_size	member-function
allocator.adaptor.syn	scoped_allocator	std::scoped_allocator_adaptor	construct	member-function
allocator.adaptor.syn	scoped_allocator	std::scoped_allocator_adaptor	destroy	member-function
allocator.adaptor.syn	scoped_allocator	std::scoped_allocator_adaptor	select_on_container_copy_construction	member-function
allocator.adaptor.syn	scoped_allocator	std	scoped_allocator_adaptor	function
intseq.intseq	utility	std	integer_sequence	class
intseq.intseq	utility	std::integer_sequence	value_type	member-type
intseq.intseq	utility	std::integer_sequence	size	member-function
meta.type.synop	type_traits	std	integral_constant	class
meta.type.synop	type_traits	std	bool_constant	alias
meta.type.synop	type_traits	std	true_type	alias
meta.type.synop	type_traits	std	false_type	alias
meta.type.synop	type_traits	std	is_void	class
meta.type.synop	type_traits	std	is_null_pointer	class
meta.type.synop	type_traits	std	is_integral	class
meta.type.synop	type_traits	std	is_floating_point	class
meta.type.synop	type_traits	std	is_array	class
meta.type.synop	type_traits	std	is_pointer	class
meta.type.synop	type_traits	std	is_lvalue_reference	class
meta.type.synop	type_traits	std	is_rvalue_reference	class
meta.type.synop	type_traits	std	is_member_object_pointer	class
meta.type.synop	type_traits	std	is_member_function_pointer	class
meta.type.synop	type_traits	std	is_enum	class
meta.type.synop	type_traits	std	is_union	class
meta.type.synop	type_traits	std	is_class	class
meta.type.synop	type_traits	std	is_function	class
meta.type.synop	type_traits	std	is_reflection	class
meta.type.synop	type_traits	std	is_reference	class
meta.type.synop	type_traits	std	is_arithmetic	class
meta.type.synop	type_traits	std	is_fundamental	class
meta.type.synop	type_traits	std	is_object	class
meta.type.synop	type_traits	std	is_scalar	class
meta.type.synop	type_traits	std	is_compound	class
meta.type.synop	type_traits	std	is_member_pointer	class
meta.type.synop	type_traits	std	is_const	class
meta.type.synop	type_traits	std	is_volatile	class
meta.type.synop	type_traits	std	is_trivially_copyable	class
meta.type.synop	type_traits	std	is_standard_layout	class
meta.type.synop	type_traits	std	is_empty	class
meta.type.synop	type_traits	std	is_polymorphic	class
meta.type.synop	type_traits	std	is_abstract	class
meta.type.synop	type_traits	std	is_final	class
meta.type.synop	type_traits	std	is_aggregate	class
meta.type.synop	type_traits	std	is_structural	class
meta.type.synop	type_traits	std	is_signed	class
meta.type.synop	type_traits	std	is_unsigned	class
meta.type.synop	type_traits	std	is_bounded_array	class
meta.type.synop	type_traits	std	is_unbounded_array	class
meta.type.synop	type_traits	std	is_scoped_enum	class
meta.type.synop	type_traits	std	is_constructible	class
meta.type.synop	type_traits	std	is_default_constructible	class
meta.type.synop	type_traits	std	is_copy_constructible	class
meta.type.synop	type_traits	std	is_move_constructible	class
meta.type.synop	type_traits	std	is_assignable	class
meta.type.synop	type_traits	std	is_copy_assignable	class
meta.type.synop	type_traits	std	is_move_assignable	class
meta.type.synop	type_traits	std	is_swappable_with	class
meta.type.synop	type_traits	std	is_swappable	class
meta.type.synop	type_traits	std	is_destructible	class
meta.type.synop	type_traits	std	is_trivially_constructible	class
meta.type.synop	type_traits	std	is_trivially_default_constructible	class
meta.type.synop	type_traits	std	is_trivially_copy_constructible	class
meta.type.synop	type_traits	std	is_trivially_move_constructible	class
meta.type.synop	type_traits	std	is_trivially_assignable	class
meta.type.synop	type_traits	std	is_trivially_copy_assignable	class
meta.type.synop	type_traits	std	is_trivially_move_assignable	class
meta.type.synop	type_traits	std	is_trivially_destructible	class
meta.type.synop	type_traits	std	is_nothrow_constructible	class
meta.type.synop	type_traits	std	is_nothrow_default_constructible	class
meta.type.synop	type_traits	std	is_nothrow_copy_constructible	class
meta.type.synop	type_traits	std	is_nothrow_move_constructible	class
meta.type.synop	type_traits	std	is_nothrow_assignable	class
meta.type.synop	type_traits	std	is_nothrow_copy_assignable	class
meta.type.synop	type_traits	std	is_nothrow_move_assignable	class
meta.type.synop	type_traits	std	is_nothrow_swappable_with	class
meta.type.synop	type_traits	std	is_nothrow_swappable	class
meta.type.synop	type_traits	std	is_nothrow_destructible	class
meta.type.synop	type_traits	std	is_implicit_lifetime	class
meta.type.synop	type_traits	std	has_virtual_destructor	class
meta.type.synop	type_traits	std	has_unique_object_representations	class
meta.type.synop	type_traits	std	reference_constructs_from_temporary	class
meta.type.synop	type_traits	std	reference_converts_from_temporary	class
meta.type.synop	type_traits	std	alignment_of	class
meta.type.synop	type_traits	std	rank	class
meta.type.synop	type_traits	std	extent	class
meta.type.synop	type_traits	std	is_same	class
meta.type.synop	type_traits	std	is_base_of	class
meta.type.synop	type_traits	std	is_virtual_base_of	class
meta.type.synop	type_traits	std	is_convertible	class
meta.type.synop	type_traits	std	is_nothrow_convertible	class
meta.type.synop	type_traits	std	is_layout_compatible	class
meta.type.synop	type_traits	std	is_pointer_interconvertible_base_of	class
meta.type.synop	type_traits	std	is_invocable	class
meta.type.synop	type_traits	std	is_invocable_r	class
meta.type.synop	type_traits	std	is_nothrow_invocable	class
meta.type.synop	type_traits	std	is_nothrow_invocable_r	class
meta.type.synop	type_traits	std	is_applicable	class
meta.type.synop	type_traits	std	is_nothrow_applicable	class
meta.type.synop	type_traits	std	remove_const	class
meta.type.synop	type_traits	std	remove_volatile	class
meta.type.synop	type_traits	std	remove_cv	class
meta.type.synop	type_traits	std	add_const	class
meta.type.synop	type_traits	std	add_volatile	class
meta.type.synop	type_traits	std	add_cv	class
meta.type.synop	type_traits	std	remove_const_t	alias
meta.type.synop	type_traits	std	remove_volatile_t	alias
meta.type.synop	type_traits	std	remove_cv_t	alias
meta.type.synop	type_traits	std	add_const_t	alias
meta.type.synop	type_traits	std	add_volatile_t	alias
meta.type.synop	type_traits	std	add_cv_t	alias
meta.type.synop	type_traits	std	remove_reference	class
meta.type.synop	type_traits	std	add_lvalue_reference	class
meta.type.synop	type_traits	std	add_rvalue_reference	class
meta.type.synop	type_traits	std	remove_reference_t	alias
meta.type.synop	type_traits	std	add_lvalue_reference_t	alias
meta.type.synop	type_traits	std	add_rvalue_reference_t	alias
meta.type.synop	type_traits	std	make_signed	class
meta.type.synop	type_traits	std	make_unsigned	class
meta.type.synop	type_traits	std	make_signed_t	alias
meta.type.synop	type_traits	std	make_unsigned_t	alias
meta.type.synop	type_traits	std	remove_extent	class
meta.type.synop	type_traits	std	remove_all_extents	class
meta.type.synop	type_traits	std	remove_extent_t	alias
meta.type.synop	type_traits	std	remove_all_extents_t	alias
meta.type.synop	type_traits	std	remove_pointer	class
meta.type.synop	type_traits	std	add_pointer	class
meta.type.synop	type_traits	std	remove_pointer_t	alias
meta.type.synop	type_traits	std	add_pointer_t	alias
meta.type.synop	type_traits	std	type_identity	class
meta.type.synop	type_traits	std	remove_cvref	class
meta.type.synop	type_traits	std	decay	class
meta.type.synop	type_traits	std	enable_if	class
meta.type.synop	type_traits	std	conditional	class
meta.type.synop	type_traits	std	common_type	class
meta.type.synop	type_traits	std	basic_common_reference	class
meta.type.synop	type_traits	std	common_reference	class
meta.type.synop	type_traits	std	underlying_type	class
meta.type.synop	type_traits	std	invoke_result	class
meta.type.synop	type_traits	std	apply_result	class
meta.type.synop	type_traits	std	unwrap_reference	class
meta.type.synop	type_traits	std	unwrap_ref_decay	class
meta.type.synop	type_traits	std	type_identity_t	alias
meta.type.synop	type_traits	std	remove_cvref_t	alias
meta.type.synop	type_traits	std	decay_t	alias
meta.type.synop	type_traits	std	enable_if_t	alias
meta.type.synop	type_traits	std	conditional_t	alias
meta.type.synop	type_traits	std	common_type_t	alias
meta.type.synop	type_traits	std	common_reference_t	alias
meta.type.synop	type_traits	std	underlying_type_t	alias
meta.type.synop	type_traits	std	invoke_result_t	alias
meta.type.synop	type_traits	std	apply_result_t	alias
meta.type.synop	type_traits	std	unwrap_reference_t	alias
meta.type.synop	type_traits	std	unwrap_ref_decay_t	alias
meta.type.synop	type_traits	std	void_t	alias
meta.type.synop	type_traits	std	conjunction	class
meta.type.synop	type_traits	std	disjunction	class
meta.type.synop	type_traits	std	negation	class
meta.type.synop	type_traits	std	is_void_v	variable
meta.type.synop	type_traits	std	is_null_pointer_v	variable
meta.type.synop	type_traits	std	is_integral_v	variable
meta.type.synop	type_traits	std	is_floating_point_v	variable
meta.type.synop	type_traits	std	is_array_v	variable
meta.type.synop	type_traits	std	is_pointer_v	variable
meta.type.synop	type_traits	std	is_lvalue_reference_v	variable
meta.type.synop	type_traits	std	is_rvalue_reference_v	variable
meta.type.synop	type_traits	std	is_member_object_pointer_v	variable
meta.type.synop	type_traits	std	is_member_function_pointer_v	variable
meta.type.synop	type_traits	std	is_enum_v	variable
meta.type.synop	type_traits	std	is_union_v	variable
meta.type.synop	type_traits	std	is_class_v	variable
meta.type.synop	type_traits	std	is_function_v	variable
meta.type.synop	type_traits	std	is_reflection_v	variable
meta.type.synop	type_traits	std	is_reference_v	variable
meta.type.synop	type_traits	std	is_arithmetic_v	variable
meta.type.synop	type_traits	std	is_fundamental_v	variable
meta.type.synop	type_traits	std	is_object_v	variable
meta.type.synop	type_traits	std	is_scalar_v	variable
meta.type.synop	type_traits	std	is_compound_v	variable
meta.type.synop	type_traits	std	is_member_pointer_v	variable
meta.type.synop	type_traits	std	is_const_v	variable
meta.type.synop	type_traits	std	is_volatile_v	variable
meta.type.synop	type_traits	std	is_trivially_copyable_v	variable
meta.type.synop	type_traits	std	is_standard_layout_v	variable
meta.type.synop	type_traits	std	is_empty_v	variable
meta.type.synop	type_traits	std	is_polymorphic_v	variable
meta.type.synop	type_traits	std	is_abstract_v	variable
meta.type.synop	type_traits	std	is_final_v	variable
meta.type.synop	type_traits	std	is_aggregate_v	variable
meta.type.synop	type_traits	std	is_structural_v	variable
meta.type.synop	type_traits	std	is_signed_v	variable
meta.type.synop	type_traits	std	is_unsigned_v	variable
meta.type.synop	type_traits	std	is_bounded_array_v	variable
meta.type.synop	type_traits	std	is_unbounded_array_v	variable
meta.type.synop	type_traits	std	is_scoped_enum_v	variable
meta.type.synop	type_traits	std	is_constructible_v	variable
meta.type.synop	type_traits	std	is_default_constructible_v	variable
meta.type.synop	type_traits	std	is_copy_constructible_v	variable
meta.type.synop	type_traits	std	is_move_constructible_v	variable
meta.type.synop	type_traits	std	is_assignable_v	variable
meta.type.synop	type_traits	std	is_copy_assignable_v	variable
meta.type.synop	type_traits	std	is_move_assignable_v	variable
meta.type.synop	type_traits	std	is_swappable_with_v	variable
meta.type.synop	type_traits	std	is_swappable_v	variable
meta.type.synop	type_traits	std	is_destructible_v	variable
meta.type.synop	type_traits	std	is_trivially_constructible_v	variable
meta.type.synop	type_traits	std	is_trivially_default_constructible_v	variable
meta.type.synop	type_traits	std	is_trivially_copy_constructible_v	variable
meta.type.synop	type_traits	std	is_trivially_move_constructible_v	variable
meta.type.synop	type_traits	std	is_trivially_assignable_v	variable
meta.type.synop	type_traits	std	is_trivially_copy_assignable_v	variable
meta.type.synop	type_traits	std	is_trivially_move_assignable_v	variable
meta.type.synop	type_traits	std	is_trivially_destructible_v	variable
meta.type.synop	type_traits	std	is_nothrow_constructible_v	variable
meta.type.synop	type_traits	std	is_nothrow_default_constructible_v	variable
meta.type.synop	type_traits	std	is_nothrow_copy_constructible_v	variable
meta.type.synop	type_traits	std	is_nothrow_move_constructible_v	variable
meta.type.synop	type_traits	std	is_nothrow_assignable_v	variable
meta.type.synop	type_traits	std	is_nothrow_copy_assignable_v	variable
meta.type.synop	type_traits	std	is_nothrow_move_assignable_v	variable
meta.type.synop	type_traits	std	is_nothrow_swappable_with_v	variable
meta.type.synop	type_traits	std	is_nothrow_swappable_v	variable
meta.type.synop	type_traits	std	is_nothrow_destructible_v	variable
meta.type.synop	type_traits	std	is_implicit_lifetime_v	variable
meta.type.synop	type_traits	std	has_virtual_destructor_v	variable
meta.type.synop	type_traits	std	has_unique_object_representations_v	variable
meta.type.synop	type_traits	std	reference_constructs_from_temporary_v	variable
meta.type.synop	type_traits	std	reference_converts_from_temporary_v	variable
meta.type.synop	type_traits	std	alignment_of_v	variable
meta.type.synop	type_traits	std	rank_v	variable
meta.type.synop	type_traits	std	extent_v	variable
meta.type.synop	type_traits	std	is_same_v	variable
meta.type.synop	type_traits	std	is_base_of_v	variable
meta.type.synop	type_traits	std	is_virtual_base_of_v	variable
meta.type.synop	type_traits	std	is_convertible_v	variable
meta.type.synop	type_traits	std	is_nothrow_convertible_v	variable
meta.type.synop	type_traits	std	is_layout_compatible_v	variable
meta.type.synop	type_traits	std	is_pointer_interconvertible_base_of_v	variable
meta.type.synop	type_traits	std	is_invocable_v	variable
meta.type.synop	type_traits	std	is_invocable_r_v	variable
meta.type.synop	type_traits	std	is_nothrow_invocable_v	variable
meta.type.synop	type_traits	std	is_nothrow_invocable_r_v	variable
meta.type.synop	type_traits	std	is_applicable_v	variable
meta.type.synop	type_traits	std	is_nothrow_applicable_v	variable
meta.type.synop	type_traits	std	conjunction_v	variable
meta.type.synop	type_traits	std	disjunction_v	variable
meta.type.synop	type_traits	std	negation_v	variable
meta.type.synop	type_traits	std	is_pointer_interconvertible_with_class	function
meta.type.synop	type_traits	std	is_corresponding_member	function
meta.type.synop	type_traits	std	is_constant_evaluated	function
meta.type.synop	type_traits	std	is_within_lifetime	function
meta.help	type_traits	std::integral_constant	value	member-variable
meta.help	type_traits	std::integral_constant	value_type	member-type
meta.help	type_traits	std::integral_constant	type	member-type
meta.help	type_traits	std::integral_constant	operator value_type	member-function
meta.help	type_traits	std::integral_constant	operator()	member-function
meta.syn	meta	std	is_string_literal	function
meta.syn	meta	std::meta	reflect_constant_string	function
meta.syn	meta	std::meta	reflect_constant_array	function
meta.syn	meta	std	define_static_string	function
meta.syn	meta	std	define_static_array	function
meta.syn	meta	std	define_static_object	function
meta.syn	meta	std::meta	info	alias
meta.syn	meta	std::meta	exception	class
meta.syn	meta	std::meta	operators	class
meta.syn	meta	std::meta	operators	enum
meta.syn	meta	std::meta	operator_of	function
meta.syn	meta	std::meta	symbol_of	function
meta.syn	meta	std::meta	u8symbol_of	function
meta.syn	meta	std::meta	has_identifier	function
meta.syn	meta	std::meta	identifier_of	function
meta.syn	meta	std::meta	u8identifier_of	function
meta.syn	meta	std::meta	display_string_of	function
meta.syn	meta	std::meta	u8display_string_of	function
meta.syn	meta	std::meta	source_location_of	function
meta.syn	meta	std::meta	type_of	function
meta.syn	meta	std::meta	object_of	function
meta.syn	meta	std::meta	constant_of	function
meta.syn	meta	std::meta	is_public	function
meta.syn	meta	std::meta	is_protected	function
meta.syn	meta	std::meta	is_private	function
meta.syn	meta	std::meta	is_virtual	function
meta.syn	meta	std::meta	is_pure_virtual	function
meta.syn	meta	std::meta	is_override	function
meta.syn	meta	std::meta	is_final	function
meta.syn	meta	std::meta	is_deleted	function
meta.syn	meta	std::meta	is_defaulted	function
meta.syn	meta	std::meta	is_user_provided	function
meta.syn	meta	std::meta	is_user_declared	function
meta.syn	meta	std::meta	is_explicit	function
meta.syn	meta	std::meta	is_noexcept	function
meta.syn	meta	std::meta	is_bit_field	function
meta.syn	meta	std::meta	is_enumerator	function
meta.syn	meta	std::meta	is_annotation	function
meta.syn	meta	std::meta	is_const	function
meta.syn	meta	std::meta	is_volatile	function
meta.syn	meta	std::meta	is_mutable_member	function
meta.syn	meta	std::meta	is_lvalue_reference_qualified	function
meta.syn	meta	std::meta	is_rvalue_reference_qualified	function
meta.syn	meta	std::meta	has_static_storage_duration	function
meta.syn	meta	std::meta	has_thread_storage_duration	function
meta.syn	meta	std::meta	has_automatic_storage_duration	function
meta.syn	meta	std::meta	has_internal_linkage	function
meta.syn	meta	std::meta	has_module_linkage	function
meta.syn	meta	std::meta	has_external_linkage	function
meta.syn	meta	std::meta	has_c_language_linkage	function
meta.syn	meta	std::meta	has_linkage	function
meta.syn	meta	std::meta	is_complete_type	function
meta.syn	meta	std::meta	is_enumerable_type	function
meta.syn	meta	std::meta	is_variable	function
meta.syn	meta	std::meta	is_type	function
meta.syn	meta	std::meta	is_namespace	function
meta.syn	meta	std::meta	is_type_alias	function
meta.syn	meta	std::meta	is_namespace_alias	function
meta.syn	meta	std::meta	is_function	function
meta.syn	meta	std::meta	is_conversion_function	function
meta.syn	meta	std::meta	is_operator_function	function
meta.syn	meta	std::meta	is_literal_operator	function
meta.syn	meta	std::meta	is_special_member_function	function
meta.syn	meta	std::meta	is_constructor	function
meta.syn	meta	std::meta	is_default_constructor	function
meta.syn	meta	std::meta	is_copy_constructor	function
meta.syn	meta	std::meta	is_move_constructor	function
meta.syn	meta	std::meta	is_assignment	function
meta.syn	meta	std::meta	is_copy_assignment	function
meta.syn	meta	std::meta	is_move_assignment	function
meta.syn	meta	std::meta	is_destructor	function
meta.syn	meta	std::meta	is_function_parameter	function
meta.syn	meta	std::meta	is_explicit_object_parameter	function
meta.syn	meta	std::meta	has_default_argument	function
meta.syn	meta	std::meta	is_vararg_function	function
meta.syn	meta	std::meta	is_template	function
meta.syn	meta	std::meta	is_function_template	function
meta.syn	meta	std::meta	is_variable_template	function
meta.syn	meta	std::meta	is_class_template	function
meta.syn	meta	std::meta	is_alias_template	function
meta.syn	meta	std::meta	is_conversion_function_template	function
meta.syn	meta	std::meta	is_operator_function_template	function
meta.syn	meta	std::meta	is_literal_operator_template	function
meta.syn	meta	std::meta	is_constructor_template	function
meta.syn	meta	std::meta	is_concept	function
meta.syn	meta	std::meta	is_value	function
meta.syn	meta	std::meta	is_object	function
meta.syn	meta	std::meta	is_structured_binding	function
meta.syn	meta	std::meta	is_class_member	function
meta.syn	meta	std::meta	is_namespace_member	function
meta.syn	meta	std::meta	is_nonstatic_data_member	function
meta.syn	meta	std::meta	is_static_member	function
meta.syn	meta	std::meta	is_base	function
meta.syn	meta	std::meta	has_default_member_initializer	function
meta.syn	meta	std::meta	has_parent	function
meta.syn	meta	std::meta	parent_of	function
meta.syn	meta	std::meta	dealias	function
meta.syn	meta	std::meta	has_template_arguments	function
meta.syn	meta	std::meta	template_of	function
meta.syn	meta	std::meta	template_arguments_of	function
meta.syn	meta	std::meta	parameters_of	function
meta.syn	meta	std::meta	variable_of	function
meta.syn	meta	std::meta	return_type_of	function
meta.syn	meta	std::meta	access_context	class
meta.syn	meta	std::meta	is_accessible	function
meta.syn	meta	std::meta	has_inaccessible_nonstatic_data_members	function
meta.syn	meta	std::meta	has_inaccessible_bases	function
meta.syn	meta	std::meta	has_inaccessible_subobjects	function
meta.syn	meta	std::meta	current_function	function
meta.syn	meta	std::meta	current_class	function
meta.syn	meta	std::meta	current_namespace	function
meta.syn	meta	std::meta	members_of	function
meta.syn	meta	std::meta	bases_of	function
meta.syn	meta	std::meta	static_data_members_of	function
meta.syn	meta	std::meta	nonstatic_data_members_of	function
meta.syn	meta	std::meta	subobjects_of	function
meta.syn	meta	std::meta	enumerators_of	function
meta.syn	meta	std::meta	member_offset	class
meta.syn	meta	std::meta	offset_of	function
meta.syn	meta	std::meta	size_of	function
meta.syn	meta	std::meta	alignment_of	function
meta.syn	meta	std::meta	bit_size_of	function
meta.syn	meta	std::meta	annotations_of	function
meta.syn	meta	std::meta	annotations_of_with_type	function
meta.syn	meta	std::meta	extract	function
meta.syn	meta	std::meta	reflection_range	concept
meta.syn	meta	std::meta	can_substitute	function
meta.syn	meta	std::meta	substitute	function
meta.syn	meta	std::meta	reflect_constant	function
meta.syn	meta	std::meta	reflect_object	function
meta.syn	meta	std::meta	reflect_function	function
meta.syn	meta	std::meta	data_member_options	class
meta.syn	meta	std::meta	data_member_spec	function
meta.syn	meta	std::meta	is_data_member_spec	function
meta.syn	meta	std::meta	define_aggregate	function
meta.syn	meta	std::meta	is_void_type	function
meta.syn	meta	std::meta	is_null_pointer_type	function
meta.syn	meta	std::meta	is_integral_type	function
meta.syn	meta	std::meta	is_floating_point_type	function
meta.syn	meta	std::meta	is_array_type	function
meta.syn	meta	std::meta	is_pointer_type	function
meta.syn	meta	std::meta	is_lvalue_reference_type	function
meta.syn	meta	std::meta	is_rvalue_reference_type	function
meta.syn	meta	std::meta	is_member_object_pointer_type	function
meta.syn	meta	std::meta	is_member_function_pointer_type	function
meta.syn	meta	std::meta	is_enum_type	function
meta.syn	meta	std::meta	is_union_type	function
meta.syn	meta	std::meta	is_class_type	function
meta.syn	meta	std::meta	is_function_type	function
meta.syn	meta	std::meta	is_reflection_type	function
meta.syn	meta	std::meta	is_reference_type	function
meta.syn	meta	std::meta	is_arithmetic_type	function
meta.syn	meta	std::meta	is_fundamental_type	function
meta.syn	meta	std::meta	is_object_type	function
meta.syn	meta	std::meta	is_scalar_type	function
meta.syn	meta	std::meta	is_compound_type	function
meta.syn	meta	std::meta	is_member_pointer_type	function
meta.syn	meta	std::meta	is_const_type	function
meta.syn	meta	std::meta	is_volatile_type	function
meta.syn	meta	std::meta	is_trivially_copyable_type	function
meta.syn	meta	std::meta	is_standard_layout_type	function
meta.syn	meta	std::meta	is_empty_type	function
meta.syn	meta	std::meta	is_polymorphic_type	function
meta.syn	meta	std::meta	is_abstract_type	function
meta.syn	meta	std::meta	is_final_type	function
meta.syn	meta	std::meta	is_aggregate_type	function
meta.syn	meta	std::meta	is_structural_type	function
meta.syn	meta	std::meta	is_signed_type	function
meta.syn	meta	std::meta	is_unsigned_type	function
meta.syn	meta	std::meta	is_bounded_array_type	function
meta.syn	meta	std::meta	is_unbounded_array_type	function
meta.syn	meta	std::meta	is_scoped_enum_type	function
meta.syn	meta	std::meta	is_constructible_type	function
meta.syn	meta	std::meta	is_default_constructible_type	function
meta.syn	meta	std::meta	is_copy_constructible_type	function
meta.syn	meta	std::meta	is_move_constructible_type	function
meta.syn	meta	std::meta	is_assignable_type	function
meta.syn	meta	std::meta	is_copy_assignable_type	function
meta.syn	meta	std::meta	is_move_assignable_type	function
meta.syn	meta	std::meta	is_swappable_with_type	function
meta.syn	meta	std::meta	is_swappable_type	function
meta.syn	meta	std::meta	is_destructible_type	function
meta.syn	meta	std::meta	is_trivially_constructible_type	function
meta.syn	meta	std::meta	is_trivially_default_constructible_type	function
meta.syn	meta	std::meta	is_trivially_copy_constructible_type	function
meta.syn	meta	std::meta	is_trivially_move_constructible_type	function
meta.syn	meta	std::meta	is_trivially_assignable_type	function
meta.syn	meta	std::meta	is_trivially_copy_assignable_type	function
meta.syn	meta	std::meta	is_trivially_move_assignable_type	function
meta.syn	meta	std::meta	is_trivially_destructible_type	function
meta.syn	meta	std::meta	is_nothrow_constructible_type	function
meta.syn	meta	std::meta	is_nothrow_default_constructible_type	function
meta.syn	meta	std::meta	is_nothrow_copy_constructible_type	function
meta.syn	meta	std::meta	is_nothrow_move_constructible_type	function
meta.syn	meta	std::meta	is_nothrow_assignable_type	function
meta.syn	meta	std::meta	is_nothrow_copy_assignable_type	function
meta.syn	meta	std::meta	is_nothrow_move_assignable_type	function
meta.syn	meta	std::meta	is_nothrow_swappable_with_type	function
meta.syn	meta	std::meta	is_nothrow_swappable_type	function
meta.syn	meta	std::meta	is_nothrow_destructible_type	function
meta.syn	meta	std::meta	is_implicit_lifetime_type	function
meta.syn	meta	std::meta	has_virtual_destructor	function
meta.syn	meta	std::meta	has_unique_object_representations	function
meta.syn	meta	std::meta	reference_constructs_from_temporary	function
meta.syn	meta	std::meta	reference_converts_from_temporary	function
meta.syn	meta	std::meta	rank	function
meta.syn	meta	std::meta	extent	function
meta.syn	meta	std::meta	is_same_type	function
meta.syn	meta	std::meta	is_base_of_type	function
meta.syn	meta	std::meta	is_virtual_base_of_type	function
meta.syn	meta	std::meta	is_convertible_type	function
meta.syn	meta	std::meta	is_nothrow_convertible_type	function
meta.syn	meta	std::meta	is_layout_compatible_type	function
meta.syn	meta	std::meta	is_pointer_interconvertible_base_of_type	function
meta.syn	meta	std::meta	is_invocable_type	function
meta.syn	meta	std::meta	is_invocable_r_type	function
meta.syn	meta	std::meta	is_nothrow_invocable_type	function
meta.syn	meta	std::meta	is_nothrow_invocable_r_type	function
meta.syn	meta	std::meta	remove_const	function
meta.syn	meta	std::meta	remove_volatile	function
meta.syn	meta	std::meta	remove_cv	function
meta.syn	meta	std::meta	add_const	function
meta.syn	meta	std::meta	add_volatile	function
meta.syn	meta	std::meta	add_cv	function
meta.syn	meta	std::meta	remove_reference	function
meta.syn	meta	std::meta	add_lvalue_reference	function
meta.syn	meta	std::meta	add_rvalue_reference	function
meta.syn	meta	std::meta	make_signed	function
meta.syn	meta	std::meta	make_unsigned	function
meta.syn	meta	std::meta	remove_extent	function
meta.syn	meta	std::meta	remove_all_extents	function
meta.syn	meta	std::meta	remove_pointer	function
meta.syn	meta	std::meta	add_pointer	function
meta.syn	meta	std::meta	remove_cvref	function
meta.syn	meta	std::meta	decay	function
meta.syn	meta	std::meta	common_type	function
meta.syn	meta	std::meta	common_reference	function
meta.syn	meta	std::meta	underlying_type	function
meta.syn	meta	std::meta	invoke_result	function
meta.syn	meta	std::meta	unwrap_reference	function
meta.syn	meta	std::meta	unwrap_ref_decay	function
meta.syn	meta	std::meta	tuple_size	function
meta.syn	meta	std::meta	tuple_element	function
meta.syn	meta	std::meta	is_applicable_type	function
meta.syn	meta	std::meta	is_nothrow_applicable_type	function
meta.syn	meta	std::meta	apply_result	function
meta.syn	meta	std::meta	variant_size	function
meta.syn	meta	std::meta	variant_alternative	function
meta.syn	meta	std::meta	type_order	function
meta.reflection.exception	meta	std::meta::exception	operator=	member-function
meta.reflection.exception	meta	std::meta::exception	what	member-function
meta.reflection.exception	meta	std::meta::exception	u8what	member-function
meta.reflection.exception	meta	std::meta::exception	from	member-function
meta.reflection.exception	meta	std::meta::exception	where	member-function
meta.reflection.access.context	meta	std::meta::access_context	scope	member-function
meta.reflection.access.context	meta	std::meta::access_context	designating_class	member-function
meta.reflection.access.context	meta	std::meta::access_context	current	member-function
meta.reflection.access.context	meta	std::meta::access_context	unprivileged	member-function
meta.reflection.access.context	meta	std::meta::access_context	unchecked	member-function
meta.reflection.access.context	meta	std::meta::access_context	via	member-function
meta.reflection.define.aggregate	meta	std::meta::data_member_options	name	member-variable
meta.reflection.define.aggregate	meta	std::meta::data_member_options	alignment	member-variable
meta.reflection.define.aggregate	meta	std::meta::data_member_options	bit_width	member-variable
meta.reflection.define.aggregate	meta	std::meta::data_member_options	no_unique_address	member-variable
meta.reflection.define.aggregate	meta	std::meta::data_member_options	annotations	member-variable
ratio.syn	ratio	std	ratio	class
ratio.syn	ratio	std	ratio_add	alias
ratio.syn	ratio	std	ratio_subtract	alias
ratio.syn	ratio	std	ratio_multiply	alias
ratio.syn	ratio	std	ratio_divide	alias
ratio.syn	ratio	std	ratio_equal	class
ratio.syn	ratio	std	ratio_not_equal	class
ratio.syn	ratio	std	ratio_less	class
ratio.syn	ratio	std	ratio_less_equal	class
ratio.syn	ratio	std	ratio_greater	class
ratio.syn	ratio	std	ratio_greater_equal	class
ratio.syn	ratio	std	ratio_equal_v	variable
ratio.syn	ratio	std	ratio_not_equal_v	variable
ratio.syn	ratio	std	ratio_less_v	variable
ratio.syn	ratio	std	ratio_less_equal_v	variable
ratio.syn	ratio	std	ratio_greater_v	variable
ratio.syn	ratio	std	ratio_greater_equal_v	variable
ratio.syn	ratio	std	quecto	alias
ratio.syn	ratio	std	ronto	alias
ratio.syn	ratio	std	yocto	alias
ratio.syn	ratio	std	zepto	alias
ratio.syn	ratio	std	atto	alias
ratio.syn	ratio	std	femto	alias
ratio.syn	ratio	std	pico	alias
ratio.syn	ratio	std	nano	alias
ratio.syn	ratio	std	micro	alias
ratio.syn	ratio	std	milli	alias
ratio.syn	ratio	std	centi	alias
ratio.syn	ratio	std	deci	alias
ratio.syn	ratio	std	deca	alias
ratio.syn	ratio	std	hecto	alias
ratio.syn	ratio	std	kilo	alias
ratio.syn	ratio	std	mega	alias
ratio.syn	ratio	std	giga	alias
ratio.syn	ratio	std	tera	alias
ratio.syn	ratio	std	peta	alias
ratio.syn	ratio	std	exa	alias
ratio.syn	ratio	std	zetta	alias
ratio.syn	ratio	std	yotta	alias
ratio.syn	ratio	std	ronna	alias
ratio.syn	ratio	std	quetta	alias
ratio.ratio	ratio	std::ratio	num	member-variable
ratio.ratio	ratio	std::ratio	den	member-variable
ratio.ratio	ratio	std::ratio	type	member-type
utility.syn	utility	std	swap	function
utility.syn	utility	std	exchange	function
utility.syn	utility	std	forward	function
utility.syn	utility	std	forward_like	function
utility.syn	utility	std	move	function
utility.syn	utility	std	move_if_noexcept	function
utility.syn	utility	std	as_const	function
utility.syn	utility	std	declval	function
utility.syn	utility	std	cmp_equal	function
utility.syn	utility	std	cmp_not_equal	function
utility.syn	utility	std	cmp_less	function
utility.syn	utility	std	cmp_greater	function
utility.syn	utility	std	cmp_less_equal	function
utility.syn	utility	std	cmp_greater_equal	function
utility.syn	utility	std	in_range	function
utility.syn	utility	std	to_underlying	function
utility.syn	utility	std	unreachable	function
utility.syn	utility	std	observable_checkpoint	function
utility.syn	utility	std	constant_wrapper	class
utility.syn	utility	std	cw	variable
utility.syn	utility	std	index_sequence	alias
utility.syn	utility	std	make_integer_sequence	alias
utility.syn	utility	std	make_index_sequence	alias
utility.syn	utility	std	index_sequence_for	alias
utility.syn	utility	std	tuple_size	class
utility.syn	utility	std	tuple_element	class
utility.syn	utility	std	get	function
utility.syn	utility	std	pair	class
utility.syn	utility	std::basic_common_reference<pair <T1, T2>, pair <U1, U2>, TQual, UQual>	type	member-type
utility.syn	utility	std::common_type<pair <T1, T2>, pair <U1, U2>>	type	member-type
utility.syn	utility	std	operator==	function
utility.syn	utility	std	operator<=>	function
utility.syn	utility	std	make_pair	function
utility.syn	utility	std	piecewise_construct_t	class
utility.syn	utility	std	piecewise_construct	variable
utility.syn	utility	std	tuple	class
utility.syn	utility	std	in_place_t	class
utility.syn	utility	std	in_place	variable
utility.syn	utility	std	in_place_type_t	class
utility.syn	utility	std	in_place_type	variable
utility.syn	utility	std	in_place_index_t	class
utility.syn	utility	std	in_place_index	variable
utility.syn	utility	std	monostate	class
utility.syn	utility	std	hash	class
const.wrap.class	utility	std::constant_wrapper	type	member-type
const.wrap.class	utility	std::constant_wrapper	value_type	member-type
const.wrap.class	utility	std::constant_wrapper	operator=	member-function
const.wrap.class	utility	std::constant_wrapper	operator decltype	member-function
const.wrap.class	utility	std::constant_wrapper	operator()	member-function
const.wrap.class	utility	std::constant_wrapper	operator[]	member-function
pairs.pair	utility	std::pair	first_type	member-type
pairs.pair	utility	std::pair	second_type	member-type
pairs.pair	utility	std::pair	first	member-variable
pairs.pair	utility	std::pair	second	member-variable
pairs.pair	utility	std::pair	operator=	member-function
pairs.pair	utility	std::pair	swap	member-function
pairs.pair	utility	std	pair	function
tuple.syn	tuple	std	tuple	class
tuple.syn	tuple	std	ignore	variable
tuple.syn	tuple	std	make_tuple	function
tuple.syn	tuple	std	forward_as_tuple	function
tuple.syn	tuple	std	tie	function
tuple.syn	tuple	std	tuple_cat	function
tuple.syn	tuple	std	apply	function
tuple.syn	tuple	std	make_from_tuple	function
tuple.syn	tuple	std	tuple_size	class
tuple.syn	tuple	std	tuple_element	class
tuple.syn	tuple	std	tuple_element_t	alias
tuple.syn	tuple	std	get	function
tuple.syn	tuple	std	operator==	function
tuple.syn	tuple	std	operator<=>	function
tuple.syn	tuple	std	swap	function
tuple.syn	tuple	std	tuple_size_v	variable
tuple.tuple.general	tuple	std::tuple	operator=	member-function
tuple.tuple.general	tuple	std::tuple	swap	member-function
tuple.tuple.general	tuple	std	tuple	function
optional.syn	optional	std	optional	class
optional.syn	optional	std	nullopt_t	class
optional.syn	optional	std	nullopt	function
optional.syn	optional	std	bad_optional_access	class
optional.syn	optional	std	operator==	function
optional.syn	optional	std	operator!=	function
optional.syn	optional	std	operator<	function
optional.syn	optional	std	operator>	function
optional.syn	optional	std	operator<=	function
optional.syn	optional	std	operator>=	function
optional.syn	optional	std	operator<=>	function
optional.syn	optional	std	swap	function
optional.syn	optional	std	make_optional	function
optional.syn	optional	std	hash	class
optional.optional.general	optional	std::optional	value_type	member-type
optional.optional.general	optional	std::optional	iterator	member-type
optional.optional.general	optional	std::optional	const_iterator	member-type
optional.optional.general	optional	std::optional	operator=	member-function
optional.optional.general	optional	std::optional	emplace	member-function
optional.optional.general	optional	std::optional	swap	member-function
optional.optional.general	optional	std::optional	begin	member-function
optional.optional.general	optional	std::optional	end	member-function
optional.optional.general	optional	std::optional	operator->	member-function
optional.optional.general	optional	std::optional	operator*	member-function
optional.optional.general	optional	std::optional	operator bool	member-function
optional.optional.general	optional	std::optional	has_value	member-function
optional.optional.general	optional	std::optional	value	member-function
optional.optional.general	optional	std::optional	value_or	member-function
optional.optional.general	optional	std::optional	and_then	member-function
optional.optional.general	optional	std::optional	transform	member-function
optional.optional.general	optional	std::optional	or_else	member-function
optional.optional.general	optional	std::optional	reset	member-function
optional.optional.general	optional	std	optional	function
optional.optional.ref.general	optional	std::optional<T &>	value_type	member-type
optional.optional.ref.general	optional	std::optional<T &>	iterator	member-type
optional.optional.ref.general	optional	std::optional<T &>	operator=	member-function
optional.optional.ref.general	optional	std::optional<T &>	emplace	member-function
optional.optional.ref.general	optional	std::optional<T &>	swap	member-function
optional.optional.ref.general	optional	std::optional<T &>	begin	member-function
optional.optional.ref.general	optional	std::optional<T &>	end	member-function
optional.optional.ref.general	optional	std::optional<T &>	operator->	member-function
optional.optional.ref.general	optional	std::optional<T &>	operator*	member-function
optional.optional.ref.general	optional	std::optional<T &>	operator bool	member-function
optional.optional.ref.general	optional	std::optional<T &>	has_value	member-function
optional.optional.ref.general	optional	std::optional<T &>	value	member-function
optional.optional.ref.general	optional	std::optional<T &>	value_or	member-function
optional.optional.ref.general	optional	std::optional<T &>	and_then	member-function
optional.optional.ref.general	optional	std::optional<T &>	transform	member-function
optional.optional.ref.general	optional	std::optional<T &>	or_else	member-function
optional.optional.ref.general	optional	std::optional<T &>	reset	member-function
optional.bad.access	optional	std::bad_optional_access	what	member-function
variant.syn	variant	std	variant	class
variant.syn	variant	std	variant_size	class
variant.syn	variant	std	variant_size_v	variable
variant.syn	variant	std	variant_alternative	class
variant.syn	variant	std	variant_alternative_t	alias
variant.syn	variant	std	variant_npos	variable
variant.syn	variant	std	holds_alternative	function
variant.syn	variant	std	get	function
variant.syn	variant	std	get_if	function
variant.syn	variant	std	operator==	function
variant.syn	variant	std	operator!=	function
variant.syn	variant	std	operator<	function
variant.syn	variant	std	operator>	function
variant.syn	variant	std	operator<=	function
variant.syn	variant	std	operator>=	function
variant.syn	variant	std	operator<=>	function
variant.syn	variant	std	visit	function
variant.syn	variant	std	monostate	class
variant.syn	variant	std	swap	function
variant.syn	variant	std	bad_variant_access	class
variant.syn	variant	std	hash	class
variant.variant.general	variant	std::variant	operator=	member-function
variant.variant.general	variant	std::variant	emplace	member-function
variant.variant.general	variant	std::variant	valueless_by_exception	member-function
variant.variant.general	variant	std::variant	index	member-function
variant.variant.general	variant	std::variant	swap	member-function
variant.variant.general	variant	std::variant	visit	member-function
variant.bad.access	variant	std::bad_variant_access	what	member-function
any.synop	any	std	bad_any_cast	class
any.synop	any	std	any	class
any.synop	any	std	swap	function
any.synop	any	std	make_any	function
any.synop	any	std	any_cast	function
any.bad.any.cast	any	std::bad_any_cast	what	member-function
any.class.general	any	std::any	operator=	member-function
any.class.general	any	std::any	emplace	member-function
any.class.general	any	std::any	reset	member-function
any.class.general	any	std::any	swap	member-function
any.class.general	any	std::any	has_value	member-function
any.class.general	any	std::any	type	member-function
expected.syn	expected	std	unexpected	class
expected.syn	expected	std	bad_expected_access	class
expected.syn	expected	std	unexpect_t	class
expected.syn	expected	std	unexpect	variable
expected.syn	expected	std	expected	class
expected.un.general	expected	std::unexpected	operator=	member-function
expected.un.general	expected	std::unexpected	error	member-function
expected.un.general	expected	std::unexpected	swap	member-function
expected.un.general	expected	std	unexpected	function
expected.bad	expected	std::bad_expected_access	what	member-function
expected.bad	expected	std::bad_expected_access	error	member-function
expected.bad.void	expected	std::bad_expected_access<void>	operator=	member-function-protected
expected.bad.void	expected	std::bad_expected_access<void>	what	member-function
expected.object.general	expected	std::expected	value_type	member-type
expected.object.general	expected	std::expected	error_type	member-type
expected.object.general	expected	std::expected	unexpected_type	member-type
expected.object.general	expected	std::expected	rebind	member-type
expected.object.general	expected	std::expected	operator=	member-function
expected.object.general	expected	std::expected	emplace	member-function
expected.object.general	expected	std::expected	swap	member-function
expected.object.general	expected	std::expected	operator->	member-function
expected.object.general	expected	std::expected	operator*	member-function
expected.object.general	expected	std::expected	operator bool	member-function
expected.object.general	expected	std::expected	has_value	member-function
expected.object.general	expected	std::expected	has_error	member-function
expected.object.general	expected	std::expected	value	member-function
expected.object.general	expected	std::expected	error	member-function
expected.object.general	expected	std::expected	value_or	member-function
expected.object.general	expected	std::expected	error_or	member-function
expected.object.general	expected	std::expected	and_then	member-function
expected.object.general	expected	std::expected	or_else	member-function
expected.object.general	expected	std::expected	transform	member-function
expected.object.general	expected	std::expected	transform_error	member-function
expected.void.general	expected	std::expected<T, E>	value_type	member-type
expected.void.general	expected	std::expected<T, E>	error_type	member-type
expected.void.general	expected	std::expected<T, E>	unexpected_type	member-type
expected.void.general	expected	std::expected<T, E>	rebind	member-type
expected.void.general	expected	std::expected<T, E>	operator=	member-function
expected.void.general	expected	std::expected<T, E>	emplace	member-function
expected.void.general	expected	std::expected<T, E>	swap	member-function
expected.void.general	expected	std::expected<T, E>	operator bool	member-function
expected.void.general	expected	std::expected<T, E>	has_value	member-function
expected.void.general	expected	std::expected<T, E>	has_error	member-function
expected.void.general	expected	std::expected<T, E>	operator*	member-function
expected.void.general	expected	std::expected<T, E>	value	member-function
expected.void.general	expected	std::expected<T, E>	error	member-function
expected.void.general	expected	std::expected<T, E>	error_or	member-function
expected.void.general	expected	std::expected<T, E>	and_then	member-function
expected.void.general	expected	std::expected<T, E>	or_else	member-function
expected.void.general	expected	std::expected<T, E>	transform	member-function
expected.void.general	expected	std::expected<T, E>	transform_error	member-function
bitset.syn	bitset	std	bitset	class
bitset.syn	bitset	std	operator&	function
bitset.syn	bitset	std	operator|	function
bitset.syn	bitset	std	operator^	function
bitset.syn	bitset	std	operator>>	function
bitset.syn	bitset	std	operator<<	function
template.bitset.general	bitset	std::bitset	reference	member-type
template.bitset.general	bitset	std::bitset::reference	operator=	member-function
template.bitset.general	bitset	std::bitset::reference	operator bool	member-function
template.bitset.general	bitset	std::bitset::reference	operator~	member-function
template.bitset.general	bitset	std::bitset::reference	flip	member-function
template.bitset.general	bitset	std::bitset	operator&=	member-function
template.bitset.general	bitset	std::bitset	operator|=	member-function
template.bitset.general	bitset	std::bitset	operator^=	member-function
template.bitset.general	bitset	std::bitset	operator<<=	member-function
template.bitset.general	bitset	std::bitset	operator>>=	member-function
template.bitset.general	bitset	std::bitset	operator<<	member-function
template.bitset.general	bitset	std::bitset	operator>>	member-function
template.bitset.general	bitset	std::bitset	set	member-function
template.bitset.general	bitset	std::bitset	reset	member-function
template.bitset.general	bitset	std::bitset	operator~	member-function
template.bitset.general	bitset	std::bitset	flip	member-function
template.bitset.general	bitset	std::bitset	operator[]	member-function
template.bitset.general	bitset	std::bitset	to_ulong	member-function
template.bitset.general	bitset	std::bitset	to_ullong	member-function
template.bitset.general	bitset	std::bitset	to_string	member-function
template.bitset.general	bitset	std::bitset	count	member-function
template.bitset.general	bitset	std::bitset	size	member-function
template.bitset.general	bitset	std::bitset	operator==	member-function
template.bitset.general	bitset	std::bitset	test	member-function
template.bitset.general	bitset	std::bitset	all	member-function
template.bitset.general	bitset	std::bitset	any	member-function
template.bitset.general	bitset	std::bitset	none	member-function
template.bitset.general	bitset	std	hash	class
functional.syn	functional	std	invoke	function
functional.syn	functional	std	invoke_r	function
functional.syn	functional	std	reference_wrapper	class
functional.syn	functional	std	ref	function
functional.syn	functional	std	cref	function
functional.syn	functional	std	plus	class
functional.syn	functional	std	minus	class
functional.syn	functional	std	multiplies	class
functional.syn	functional	std	divides	class
functional.syn	functional	std	modulus	class
functional.syn	functional	std	negate	class
functional.syn	functional	std	equal_to	class
functional.syn	functional	std	not_equal_to	class
functional.syn	functional	std	greater	class
functional.syn	functional	std	less	class
functional.syn	functional	std	greater_equal	class
functional.syn	functional	std	less_equal	class
functional.syn	functional	std	compare_three_way	class
functional.syn	functional	std	logical_and	class
functional.syn	functional	std	logical_or	class
functional.syn	functional	std	logical_not	class
functional.syn	functional	std	bit_and	class
functional.syn	functional	std	bit_or	class
functional.syn	functional	std	bit_xor	class
functional.syn	functional	std	bit_not	class
functional.syn	functional	std	identity	class
functional.syn	functional	std	not_fn	function
functional.syn	functional	std	bind_front	function
functional.syn	functional	std	bind_back	function
functional.syn	functional	std	is_bind_expression	class
functional.syn	functional	std	is_bind_expression_v	variable
functional.syn	functional	std	is_placeholder	class
functional.syn	functional	std	is_placeholder_v	variable
functional.syn	functional	std	bind	function
functional.syn	functional	std::placeholders	_1	variable
functional.syn	functional	std::placeholders	_2	variable
functional.syn	functional	std	mem_fn	function
functional.syn	functional	std	bad_function_call	class
functional.syn	functional	std	function	class
functional.syn	functional	std	swap	function
functional.syn	functional	std	operator==	function
functional.syn	functional	std	move_only_function	class
functional.syn	functional	std	copyable_function	class
functional.syn	functional	std	function_ref	class
functional.syn	functional	std	default_searcher	class
functional.syn	functional	std	boyer_moore_searcher	class
functional.syn	functional	std	boyer_moore_horspool_searcher	class
functional.syn	functional	std	hash	class
functional.syn	functional	std::ranges	equal_to	class
functional.syn	functional	std::ranges	not_equal_to	class
functional.syn	functional	std::ranges	greater	class
functional.syn	functional	std::ranges	less	class
functional.syn	functional	std::ranges	greater_equal	class
functional.syn	functional	std::ranges	less_equal	class
refwrap.general	functional	std::reference_wrapper	type	member-type
refwrap.general	functional	std::reference_wrapper	operator=	member-function
refwrap.general	functional	std::reference_wrapper	operator T &	member-function
refwrap.general	functional	std::reference_wrapper	get	member-function
refwrap.general	functional	std::reference_wrapper	operator()	member-function
refwrap.general	functional	std	reference_wrapper	function
comparisons.three.way	functional	std::compare_three_way	operator()	member-function
comparisons.three.way	functional	std::compare_three_way	is_transparent	member-type
range.cmp	functional	std::ranges::equal_to	operator()	member-function
range.cmp	functional	std::ranges::equal_to	is_transparent	member-type
range.cmp	functional	std::ranges::not_equal_to	operator()	member-function
range.cmp	functional	std::ranges::not_equal_to	is_transparent	member-type
range.cmp	functional	std::ranges::greater	operator()	member-function
range.cmp	functional	std::ranges::greater	is_transparent	member-type
range.cmp	functional	std::ranges::less	operator()	member-function
range.cmp	functional	std::ranges::less	is_transparent	member-type
range.cmp	functional	std::ranges::greater_equal	operator()	member-function
range.cmp	functional	std::ranges::greater_equal	is_transparent	member-type
func.wrap.badcall	functional	std::bad_function_call	what	member-function
func.wrap.func.general	functional	std::function<R (ArgTypes ...)>	result_type	member-type
func.wrap.func.general	functional	std::function<R (ArgTypes ...)>	operator=	member-function
func.wrap.func.general	functional	std::function<R (ArgTypes ...)>	swap	member-function
func.wrap.func.general	functional	std::function<R (ArgTypes ...)>	operator bool	member-function
func.wrap.func.general	functional	std::function<R (ArgTypes ...)>	operator()	member-function
func.wrap.func.general	functional	std::function<R (ArgTypes ...)>	target_type	member-function
func.wrap.func.general	functional	std::function<R (ArgTypes ...)>	target	member-function
func.wrap.func.general	functional	std	function	function
func.wrap.move.class	functional	std::move_only_function<R (ArgTypes ...)cv ?noexcept (?)>	result_type	member-type
func.wrap.move.class	functional	std::move_only_function<R (ArgTypes ...)cv ?noexcept (?)>	operator=	member-function
func.wrap.move.class	functional	std::move_only_function<R (ArgTypes ...)cv ?noexcept (?)>	operator bool	member-function
func.wrap.move.class	functional	std::move_only_function<R (ArgTypes ...)cv ?noexcept (?)>	operator()	member-function
func.wrap.move.class	functional	std::move_only_function<R (ArgTypes ...)cv ?noexcept (?)>	swap	member-function
func.wrap.copy.class	functional	std::copyable_function<R (ArgTypes ...)cv ?noexcept (?)>	result_type	member-type
func.wrap.copy.class	functional	std::copyable_function<R (ArgTypes ...)cv ?noexcept (?)>	operator=	member-function
func.wrap.copy.class	functional	std::copyable_function<R (ArgTypes ...)cv ?noexcept (?)>	operator bool	member-function
func.wrap.copy.class	functional	std::copyable_function<R (ArgTypes ...)cv ?noexcept (?)>	operator()	member-function
func.wrap.copy.class	functional	std::copyable_function<R (ArgTypes ...)cv ?noexcept (?)>	swap	member-function
func.wrap.ref.class	functional	std::function_ref<R (ArgTypes ...)cv noexcept (?)>	operator=	member-function
func.wrap.ref.class	functional	std::function_ref<R (ArgTypes ...)cv noexcept (?)>	operator()	member-function
func.wrap.ref.class	functional	std	function_ref	function
func.search.default	functional	std::default_searcher	operator()	member-function
func.search.default	functional	std::default_searcher	pat_first_	member-variable-private
func.search.bm	functional	std::boyer_moore_searcher	operator()	member-function
func.search.bm	functional	std::boyer_moore_searcher	pat_first_	member-variable-private
func.search.bmh	functional	std::boyer_moore_horspool_searcher	operator()	member-function
func.search.bmh	functional	std::boyer_moore_horspool_searcher	pat_first_	member-variable-private
bit.syn	bit	std	bit_cast	function
bit.syn	bit	std	byteswap	function
bit.syn	bit	std	has_single_bit	function
bit.syn	bit	std	bit_ceil	function
bit.syn	bit	std	bit_floor	function
bit.syn	bit	std	bit_width	function
bit.syn	bit	std	shl	function
bit.syn	bit	std	shr	function
bit.syn	bit	std	rotl	function
bit.syn	bit	std	rotr	function
bit.syn	bit	std	countl_zero	function
bit.syn	bit	std	countl_one	function
bit.syn	bit	std	countr_zero	function
bit.syn	bit	std	countr_one	function
bit.syn	bit	std	popcount	function
bit.syn	bit	std	bit_reverse	function
bit.syn	bit	std	bit_repeat	function
bit.syn	bit	std	bit_compress	function
bit.syn	bit	std	bit_expand	function
bit.syn	bit	std	endian	class
bit.syn	bit	std::endian	little	enumerator
bit.syn	bit	std::endian	big	enumerator
bit.syn	bit	std::endian	native	enumerator
stdbit.h.syn	stdbit.h		stdc_leading_zeros	function
stdbit.h.syn	stdbit.h		stdc_leading_ones	function
stdbit.h.syn	stdbit.h		stdc_trailing_zeros	function
stdbit.h.syn	stdbit.h		stdc_trailing_ones	function
stdbit.h.syn	stdbit.h		stdc_first_leading_zero	function
stdbit.h.syn	stdbit.h		stdc_first_leading_one	function
stdbit.h.syn	stdbit.h		stdc_first_trailing_zero	function
stdbit.h.syn	stdbit.h		stdc_first_trailing_one	function
stdbit.h.syn	stdbit.h		stdc_count_zeros	function
stdbit.h.syn	stdbit.h		stdc_count_ones	function
stdbit.h.syn	stdbit.h		stdc_has_single_bit	function
stdbit.h.syn	stdbit.h		stdc_bit_width	function
stdbit.h.syn	stdbit.h		stdc_bit_floor	function
stdbit.h.syn	stdbit.h		stdc_bit_ceil	function
stdbit.h.syn	stdbit.h		__STDC_VERSION_STDBIT_H__	macro
stdbit.h.syn	stdbit.h		__STDC_ENDIAN_BIG__	macro
stdbit.h.syn	stdbit.h		__STDC_ENDIAN_LITTLE__	macro
stdbit.h.syn	stdbit.h		__STDC_ENDIAN_NATIVE__	macro
