# decl	subclause	header	entity	kind	checks	note	declaration
0	charconv.syn	charconv	std::chars_format	enumdef	5		enum class chars_format
1	charconv.syn	charconv	std::to_chars_result	classdef	1	presence only: presence	struct to_chars_result
2	charconv.syn	charconv	std::to_chars_result::ptr	variable	1		char*ptr
3	charconv.syn	charconv	std::to_chars_result::ec	variable	1		errc ec
4	charconv.syn	charconv	std::to_chars_result::operator==	function	1		friend bool operator==(const to_chars_result&, const to_chars_result&) = default
5	charconv.syn	charconv	std::to_chars_result::operator bool	function	3		constexpr explicit operator bool()const noexcept
6	charconv.syn	charconv	std::to_chars	function	22		constexpr to_chars_result to_chars(char*first, char*last, ⟨integer-type⟩ value, int base = 10)
7	charconv.syn	charconv	std::to_chars	function	1		to_chars_result to_chars(char*first, char*last, bool value, int base = 10) = delete
8	charconv.syn	charconv	std::to_chars	function	3		to_chars_result to_chars(char*first, char*last, ⟨floating-point-type⟩ value)
9	charconv.syn	charconv	std::to_chars	function	3		to_chars_result to_chars(char*first, char*last, ⟨floating-point-type⟩ value, chars_format fmt)
10	charconv.syn	charconv	std::to_chars	function	3		to_chars_result to_chars(char*first, char*last, ⟨floating-point-type⟩ value, chars_format fmt, int precision)
11	charconv.syn	charconv	std::from_chars_result	classdef	1	presence only: presence	struct from_chars_result
12	charconv.syn	charconv	std::from_chars_result::ptr	variable	1		const char*ptr
13	charconv.syn	charconv	std::from_chars_result::ec	variable	1		errc ec
14	charconv.syn	charconv	std::from_chars_result::operator==	function	1		friend bool operator==(const from_chars_result&, const from_chars_result&) = default
15	charconv.syn	charconv	std::from_chars_result::operator bool	function	3		constexpr explicit operator bool()const noexcept
16	charconv.syn	charconv	std::from_chars	function	22		constexpr from_chars_result from_chars(const char*first, const char*last, ⟨integer-type⟩&value, int base = 10)
17	charconv.syn	charconv	std::from_chars	function	6		from_chars_result from_chars(const char*first, const char*last, ⟨floating-point-type⟩&value, chars_format fmt = chars_format::general)
18	locale.syn	locale	std::locale	classdecl	1	presence only: presence	class locale
19	locale.syn	locale	std::use_facet	function	1		const Facet&use_facet(const locale&)
20	locale.syn	locale	std::has_facet	function	1		bool has_facet(const locale&)noexcept
21	locale.syn	locale	std::isspace	function	1		bool isspace(charT c, const locale&loc)
22	locale.syn	locale	std::isprint	function	1		bool isprint(charT c, const locale&loc)
23	locale.syn	locale	std::iscntrl	function	1		bool iscntrl(charT c, const locale&loc)
24	locale.syn	locale	std::isupper	function	1		bool isupper(charT c, const locale&loc)
25	locale.syn	locale	std::islower	function	1		bool islower(charT c, const locale&loc)
26	locale.syn	locale	std::isalpha	function	1		bool isalpha(charT c, const locale&loc)
27	locale.syn	locale	std::isdigit	function	1		bool isdigit(charT c, const locale&loc)
28	locale.syn	locale	std::ispunct	function	1		bool ispunct(charT c, const locale&loc)
29	locale.syn	locale	std::isxdigit	function	1		bool isxdigit(charT c, const locale&loc)
30	locale.syn	locale	std::isalnum	function	1		bool isalnum(charT c, const locale&loc)
31	locale.syn	locale	std::isgraph	function	1		bool isgraph(charT c, const locale&loc)
32	locale.syn	locale	std::isblank	function	1		bool isblank(charT c, const locale&loc)
33	locale.syn	locale	std::toupper	function	1		charT toupper(charT c, const locale&loc)
34	locale.syn	locale	std::tolower	function	1		charT tolower(charT c, const locale&loc)
35	locale.syn	locale	std::ctype_base	classdecl	1	presence only: presence	class ctype_base
36	locale.syn	locale	std::ctype	classdecl	1	presence only: presence	class ctype
37	locale.syn	locale	std::ctype	classdecl	1		class ctype<char>
38	locale.syn	locale	std::ctype_byname	classdecl	1	presence only: presence	class ctype_byname
39	locale.syn	locale	std::codecvt_base	classdecl	1	presence only: presence	class codecvt_base
40	locale.syn	locale	std::codecvt	classdecl	1	presence only: presence	class codecvt
41	locale.syn	locale	std::codecvt_byname	classdecl	1	presence only: presence	class codecvt_byname
42	locale.syn	locale	std::num_get	classdecl	1	presence only: presence	class num_get
43	locale.syn	locale	std::num_put	classdecl	1	presence only: presence	class num_put
44	locale.syn	locale	std::numpunct	classdecl	1	presence only: presence	class numpunct
45	locale.syn	locale	std::numpunct_byname	classdecl	1	presence only: presence	class numpunct_byname
46	locale.syn	locale	std::collate	classdecl	1	presence only: presence	class collate
47	locale.syn	locale	std::collate_byname	classdecl	1	presence only: presence	class collate_byname
48	locale.syn	locale	std::time_base	classdecl	1	presence only: presence	class time_base
49	locale.syn	locale	std::time_get	classdecl	1	presence only: presence	class time_get
50	locale.syn	locale	std::time_get_byname	classdecl	1	presence only: presence	class time_get_byname
51	locale.syn	locale	std::time_put	classdecl	1	presence only: presence	class time_put
52	locale.syn	locale	std::time_put_byname	classdecl	1	presence only: presence	class time_put_byname
53	locale.syn	locale	std::money_base	classdecl	1	presence only: presence	class money_base
54	locale.syn	locale	std::money_get	classdecl	1	presence only: presence	class money_get
55	locale.syn	locale	std::money_put	classdecl	1	presence only: presence	class money_put
56	locale.syn	locale	std::moneypunct	classdecl	1	presence only: presence	class moneypunct
57	locale.syn	locale	std::moneypunct_byname	classdecl	1	presence only: presence	class moneypunct_byname
58	locale.syn	locale	std::messages_base	classdecl	1	presence only: presence	class messages_base
59	locale.syn	locale	std::messages	classdecl	1	presence only: presence	class messages
60	locale.syn	locale	std::messages_byname	classdecl	1	presence only: presence	class messages_byname
61	locale.general	locale	std::locale	classdef	1	presence only: presence	class locale
62	locale.general	locale	std::locale::facet	classdecl	1	presence only: presence	class facet
63	locale.general	locale	std::locale::id	classdecl	1	presence only: presence	class id
64	locale.general	locale	std::locale::category	alias	1		using category = int
65	locale.general	locale	std::locale::none	variable	1		static const category none = 0, collate = 0x010, ctype = 0x020, monetary = 0x040, numeric = 0x080, time = 0x100, messages = 0x200, all = collate|ctype|monetary|numeric|time|messages
66	locale.general	locale	std::locale::collate	variable	1		collate = 0x010
67	locale.general	locale	std::locale::ctype	variable	1		ctype = 0x020
68	locale.general	locale	std::locale::monetary	variable	1		monetary = 0x040
69	locale.general	locale	std::locale::numeric	variable	1		numeric = 0x080
70	locale.general	locale	std::locale::time	variable	1		time = 0x100
71	locale.general	locale	std::locale::messages	variable	1		messages = 0x200
72	locale.general	locale	std::locale::all	variable	1		all = collate|ctype|monetary|numeric|time|messages
73	locale.general	locale	std::locale::locale	function	1		locale()noexcept
74	locale.general	locale	std::locale::locale	function	1		locale(const locale&other)noexcept
75	locale.general	locale	std::locale::locale	function	1		explicit locale(const char*std_name)
76	locale.general	locale	std::locale::locale	function	1		explicit locale(const string&std_name)
77	locale.general	locale	std::locale::locale	function	1		locale(const locale&other, const char*std_name, category)
78	locale.general	locale	std::locale::locale	function	1		locale(const locale&other, const string&std_name, category)
79	locale.general	locale	std::locale::locale	function	1		locale(const locale&other, Facet*f)
80	locale.general	locale	std::locale::locale	function	1		locale(const locale&other, const locale&one, category)
81	locale.general	locale	std::locale::~locale	function	1		~locale()
82	locale.general	locale	std::locale::operator=	function	1		const locale&operator = (const locale&other)noexcept
83	locale.general	locale	std::locale::combine	function	1		locale combine(const locale&other)const
84	locale.general	locale	std::locale::name	function	1		string name()const
85	locale.general	locale	std::locale::encoding	function	1		text_encoding encoding()const
86	locale.general	locale	std::locale::operator==	function	1		bool operator==(const locale&other)const
87	locale.general	locale	std::locale::operator()	function	1		bool operator()(const basic_string<charT, traits, Allocator>&s1, const basic_string<charT, traits, Allocator>&s2)const
88	locale.general	locale	std::locale::global	function	1		static locale global(const locale&)
89	locale.general	locale	std::locale::classic	function	1		static const locale&classic()
90	locale.facet	locale	std::locale::facet	classdef	1	presence only: presence	class locale::facet
91	locale.facet	locale	std::locale::facet::facet	function	0	not probed (no sample, or a hidden friend whose signature is exposition-only)	explicit facet(size_t refs = 0)
92	locale.facet	locale	std::locale::facet::~facet	function	0	not probed (no sample, or a hidden friend whose signature is exposition-only)	virtual~facet()
93	locale.facet	locale	std::locale::facet::facet	function	0	not probed (no sample, or a hidden friend whose signature is exposition-only)	facet(const facet&) = delete
94	locale.facet	locale	std::locale::facet::operator=	function	1		void operator = (const facet&) = delete
95	locale.id	locale	std::locale::id	classdef	1	presence only: presence	class locale::id
96	locale.id	locale	std::locale::id::id	function	1		id()
97	locale.id	locale	std::locale::id::operator=	function	1		void operator = (const id&) = delete
98	locale.id	locale	std::locale::id::id	function	1		id(const id&) = delete
99	category.ctype.general	locale	std::ctype_base	classdef	1	presence only: presence	class ctype_base
100	category.ctype.general	locale	std::ctype_base::mask	alias	1		using mask = ⟨see below⟩
101	category.ctype.general	locale	std::ctype_base::space	variable	1		static constexpr mask space = 1<<0
102	category.ctype.general	locale	std::ctype_base::print	variable	1		static constexpr mask print = 1<<1
103	category.ctype.general	locale	std::ctype_base::cntrl	variable	1		static constexpr mask cntrl = 1<<2
104	category.ctype.general	locale	std::ctype_base::upper	variable	1		static constexpr mask upper = 1<<3
105	category.ctype.general	locale	std::ctype_base::lower	variable	1		static constexpr mask lower = 1<<4
106	category.ctype.general	locale	std::ctype_base::alpha	variable	1		static constexpr mask alpha = 1<<5
107	category.ctype.general	locale	std::ctype_base::digit	variable	1		static constexpr mask digit = 1<<6
108	category.ctype.general	locale	std::ctype_base::punct	variable	1		static constexpr mask punct = 1<<7
109	category.ctype.general	locale	std::ctype_base::xdigit	variable	1		static constexpr mask xdigit = 1<<8
110	category.ctype.general	locale	std::ctype_base::blank	variable	1		static constexpr mask blank = 1<<9
111	category.ctype.general	locale	std::ctype_base::alnum	variable	1		static constexpr mask alnum = alpha|digit
112	category.ctype.general	locale	std::ctype_base::graph	variable	1		static constexpr mask graph = alnum|punct
113	locale.ctype.general	locale	std::ctype	classdef	3		class ctype:public locale::facet, public ctype_base
114	locale.ctype.general	locale	std::ctype::char_type	alias	1		using char_type = charT
115	locale.ctype.general	locale	std::ctype::ctype	function	2		explicit ctype(size_t refs = 0)
116	locale.ctype.general	locale	std::ctype::is	function	1		bool is(mask m, charT c)const
117	locale.ctype.general	locale	std::ctype::is	function	1		const charT*is(const charT*low, const charT*high, mask*vec)const
118	locale.ctype.general	locale	std::ctype::scan_is	function	1		const charT*scan_is(mask m, const charT*low, const charT*high)const
119	locale.ctype.general	locale	std::ctype::scan_not	function	1		const charT*scan_not(mask m, const charT*low, const charT*high)const
120	locale.ctype.general	locale	std::ctype::toupper	function	1		charT toupper(charT c)const
121	locale.ctype.general	locale	std::ctype::toupper	function	1		const charT*toupper(charT*low, const charT*high)const
122	locale.ctype.general	locale	std::ctype::tolower	function	1		charT tolower(charT c)const
123	locale.ctype.general	locale	std::ctype::tolower	function	1		const charT*tolower(charT*low, const charT*high)const
124	locale.ctype.general	locale	std::ctype::widen	function	1		charT widen(char c)const
125	locale.ctype.general	locale	std::ctype::widen	function	1		const char*widen(const char*low, const char*high, charT*to)const
126	locale.ctype.general	locale	std::ctype::narrow	function	1		char narrow(charT c, char dfault)const
127	locale.ctype.general	locale	std::ctype::narrow	function	1		const charT*narrow(const charT*low, const charT*high, char dfault, char*to)const
128	locale.ctype.general	locale	std::ctype::id	variable	1		static locale::id id
129	locale.ctype.general	locale	std::ctype::~ctype	function	0	not probed (no sample, or a hidden friend whose signature is exposition-only)	~ctype()
130	locale.ctype.general	locale	std::ctype::do_is	function	1		virtual bool do_is(mask m, charT c)const
131	locale.ctype.general	locale	std::ctype::do_is	function	1		virtual const charT*do_is(const charT*low, const charT*high, mask*vec)const
132	locale.ctype.general	locale	std::ctype::do_scan_is	function	1		virtual const charT*do_scan_is(mask m, const charT*low, const charT*high)const
133	locale.ctype.general	locale	std::ctype::do_scan_not	function	1		virtual const charT*do_scan_not(mask m, const charT*low, const charT*high)const
134	locale.ctype.general	locale	std::ctype::do_toupper	function	1		virtual charT do_toupper(charT)const
135	locale.ctype.general	locale	std::ctype::do_toupper	function	1		virtual const charT*do_toupper(charT*low, const charT*high)const
136	locale.ctype.general	locale	std::ctype::do_tolower	function	1		virtual charT do_tolower(charT)const
137	locale.ctype.general	locale	std::ctype::do_tolower	function	1		virtual const charT*do_tolower(charT*low, const charT*high)const
138	locale.ctype.general	locale	std::ctype::do_widen	function	1		virtual charT do_widen(char)const
139	locale.ctype.general	locale	std::ctype::do_widen	function	1		virtual const char*do_widen(const char*low, const char*high, charT*dest)const
140	locale.ctype.general	locale	std::ctype::do_narrow	function	1		virtual char do_narrow(charT, char dfault)const
141	locale.ctype.general	locale	std::ctype::do_narrow	function	1		virtual const charT*do_narrow(const charT*low, const charT*high, char dfault, char*dest)const
142	locale.ctype.byname	locale	std::ctype_byname	classdef	2		class ctype_byname:public ctype<charT>
143	locale.ctype.byname	locale	std::ctype_byname::mask	alias	1		using mask = ctype<charT>::mask
144	locale.ctype.byname	locale	std::ctype_byname::ctype_byname	function	2		explicit ctype_byname(const char*, size_t refs = 0)
145	locale.ctype.byname	locale	std::ctype_byname::ctype_byname	function	2		explicit ctype_byname(const string&, size_t refs = 0)
146	locale.ctype.byname	locale	std::ctype_byname::~ctype_byname	function	0	not probed (no sample, or a hidden friend whose signature is exposition-only)	~ctype_byname()
147	facet.ctype.special.general	locale	std::ctype	classdef	1		class ctype<char>:public locale::facet, public ctype_base
148	facet.ctype.special.general	locale	std::ctype::char_type	alias	1		using char_type = char
149	facet.ctype.special.general	locale	std::ctype::ctype	function	2		explicit ctype(const mask*tab = nullptr, bool del = false, size_t refs = 0)
150	facet.ctype.special.general	locale	std::ctype::is	function	1		bool is(mask m, char c)const
151	facet.ctype.special.general	locale	std::ctype::is	function	1		const char*is(const char*low, const char*high, mask*vec)const
152	facet.ctype.special.general	locale	std::ctype::scan_is	function	1		const char*scan_is(mask m, const char*low, const char*high)const
153	facet.ctype.special.general	locale	std::ctype::scan_not	function	1		const char*scan_not(mask m, const char*low, const char*high)const
154	facet.ctype.special.general	locale	std::ctype::toupper	function	1		char toupper(char c)const
155	facet.ctype.special.general	locale	std::ctype::toupper	function	1		const char*toupper(char*low, const char*high)const
156	facet.ctype.special.general	locale	std::ctype::tolower	function	1		char tolower(char c)const
157	facet.ctype.special.general	locale	std::ctype::tolower	function	1		const char*tolower(char*low, const char*high)const
158	facet.ctype.special.general	locale	std::ctype::widen	function	1		char widen(char c)const
159	facet.ctype.special.general	locale	std::ctype::widen	function	1		const char*widen(const char*low, const char*high, char*to)const
160	facet.ctype.special.general	locale	std::ctype::narrow	function	1		char narrow(char c, char dfault)const
161	facet.ctype.special.general	locale	std::ctype::narrow	function	1		const char*narrow(const char*low, const char*high, char dfault, char*to)const
162	facet.ctype.special.general	locale	std::ctype::id	variable	1		static locale::id id
163	facet.ctype.special.general	locale	std::ctype::table_size	variable	1		static const size_t table_size = ⟨implementation-defined⟩
164	facet.ctype.special.general	locale	std::ctype::table	function	1		const mask*table()const noexcept
165	facet.ctype.special.general	locale	std::ctype::classic_table	function	1		static const mask*classic_table()noexcept
166	facet.ctype.special.general	locale	std::ctype::~ctype	function	0	not probed (no sample, or a hidden friend whose signature is exposition-only)	~ctype()
167	facet.ctype.special.general	locale	std::ctype::do_toupper	function	1		virtual char do_toupper(char c)const
168	facet.ctype.special.general	locale	std::ctype::do_toupper	function	1		virtual const char*do_toupper(char*low, const char*high)const
169	facet.ctype.special.general	locale	std::ctype::do_tolower	function	1		virtual char do_tolower(char c)const
170	facet.ctype.special.general	locale	std::ctype::do_tolower	function	1		virtual const char*do_tolower(char*low, const char*high)const
171	facet.ctype.special.general	locale	std::ctype::do_widen	function	1		virtual char do_widen(char c)const
172	facet.ctype.special.general	locale	std::ctype::do_widen	function	1		virtual const char*do_widen(const char*low, const char*high, char*to)const
173	facet.ctype.special.general	locale	std::ctype::do_narrow	function	1		virtual char do_narrow(char c, char dfault)const
174	facet.ctype.special.general	locale	std::ctype::do_narrow	function	1		virtual const char*do_narrow(const char*low, const char*high, char dfault, char*to)const
175	locale.codecvt.general	locale	std::codecvt_base	classdef	1	presence only: presence	class codecvt_base
176	locale.codecvt.general	locale	std::codecvt_base::result	enumdef	5		enum result
177	locale.codecvt.general	locale	std::codecvt	classdef	3		class codecvt:public locale::facet, public codecvt_base
178	locale.codecvt.general	locale	std::codecvt::intern_type	alias	1		using intern_type = internT
179	locale.codecvt.general	locale	std::codecvt::extern_type	alias	1		using extern_type = externT
180	locale.codecvt.general	locale	std::codecvt::state_type	alias	1		using state_type = stateT
181	locale.codecvt.general	locale	std::codecvt::codecvt	function	2		explicit codecvt(size_t refs = 0)
182	locale.codecvt.general	locale	std::codecvt::out	function	1		result out(stateT&state, const internT*from, const internT*from_end, const internT*&from_next, externT*to, externT*to_end, externT*&to_next)const
183	locale.codecvt.general	locale	std::codecvt::unshift	function	1		result unshift(stateT&state, externT*to, externT*to_end, externT*&to_next)const
184	locale.codecvt.general	locale	std::codecvt::in	function	1		result in(stateT&state, const externT*from, const externT*from_end, const externT*&from_next, internT*to, internT*to_end, internT*&to_next)const
185	locale.codecvt.general	locale	std::codecvt::encoding	function	1		int encoding()const noexcept
186	locale.codecvt.general	locale	std::codecvt::always_noconv	function	1		bool always_noconv()const noexcept
187	locale.codecvt.general	locale	std::codecvt::length	function	1		int length(stateT&, const externT*from, const externT*end, size_t max)const
188	locale.codecvt.general	locale	std::codecvt::max_length	function	1		int max_length()const noexcept
189	locale.codecvt.general	locale	std::codecvt::id	variable	1		static locale::id id
190	locale.codecvt.general	locale	std::codecvt::~codecvt	function	0	not probed (no sample, or a hidden friend whose signature is exposition-only)	~codecvt()
191	locale.codecvt.general	locale	std::codecvt::do_out	function	1		virtual result do_out(stateT&state, const internT*from, const internT*from_end, const internT*&from_next, externT*to, externT*to_end, externT*&to_next)const
192	locale.codecvt.general	locale	std::codecvt::do_in	function	1		virtual result do_in(stateT&state, const externT*from, const externT*from_end, const externT*&from_next, internT*to, internT*to_end, internT*&to_next)const
193	locale.codecvt.general	locale	std::codecvt::do_unshift	function	1		virtual result do_unshift(stateT&state, externT*to, externT*to_end, externT*&to_next)const
194	locale.codecvt.general	locale	std::codecvt::do_encoding	function	1		virtual int do_encoding()const noexcept
195	locale.codecvt.general	locale	std::codecvt::do_always_noconv	function	1		virtual bool do_always_noconv()const noexcept
196	locale.codecvt.general	locale	std::codecvt::do_length	function	1		virtual int do_length(stateT&, const externT*from, const externT*end, size_t max)const
197	locale.codecvt.general	locale	std::codecvt::do_max_length	function	1		virtual int do_max_length()const noexcept
198	locale.codecvt.byname	locale	std::codecvt_byname	classdef	2		class codecvt_byname:public codecvt<internT, externT, stateT>
199	locale.codecvt.byname	locale	std::codecvt_byname::codecvt_byname	function	2		explicit codecvt_byname(const char*, size_t refs = 0)
200	locale.codecvt.byname	locale	std::codecvt_byname::codecvt_byname	function	2		explicit codecvt_byname(const string&, size_t refs = 0)
201	locale.codecvt.byname	locale	std::codecvt_byname::~codecvt_byname	function	0	not probed (no sample, or a hidden friend whose signature is exposition-only)	~codecvt_byname()
202	locale.num.get.general	locale	std::num_get	classdef	2		class num_get:public locale::facet
203	locale.num.get.general	locale	std::num_get::char_type	alias	1		using char_type = charT
204	locale.num.get.general	locale	std::num_get::iter_type	alias	1		using iter_type = InputIterator
205	locale.num.get.general	locale	std::num_get::num_get	function	2		explicit num_get(size_t refs = 0)
206	locale.num.get.general	locale	std::num_get::get	function	1		iter_type get(iter_type in, iter_type end, ios_base&, ios_base::iostate&err, bool&v)const
207	locale.num.get.general	locale	std::num_get::get	function	1		iter_type get(iter_type in, iter_type end, ios_base&, ios_base::iostate&err, long&v)const
208	locale.num.get.general	locale	std::num_get::get	function	1		iter_type get(iter_type in, iter_type end, ios_base&, ios_base::iostate&err, long long&v)const
209	locale.num.get.general	locale	std::num_get::get	function	1		iter_type get(iter_type in, iter_type end, ios_base&, ios_base::iostate&err, unsigned short&v)const
210	locale.num.get.general	locale	std::num_get::get	function	1		iter_type get(iter_type in, iter_type end, ios_base&, ios_base::iostate&err, unsigned int&v)const
211	locale.num.get.general	locale	std::num_get::get	function	1		iter_type get(iter_type in, iter_type end, ios_base&, ios_base::iostate&err, unsigned long&v)const
212	locale.num.get.general	locale	std::num_get::get	function	1		iter_type get(iter_type in, iter_type end, ios_base&, ios_base::iostate&err, unsigned long long&v)const
213	locale.num.get.general	locale	std::num_get::get	function	1		iter_type get(iter_type in, iter_type end, ios_base&, ios_base::iostate&err, float&v)const
214	locale.num.get.general	locale	std::num_get::get	function	1		iter_type get(iter_type in, iter_type end, ios_base&, ios_base::iostate&err, double&v)const
215	locale.num.get.general	locale	std::num_get::get	function	1		iter_type get(iter_type in, iter_type end, ios_base&, ios_base::iostate&err, long double&v)const
216	locale.num.get.general	locale	std::num_get::get	function	1		iter_type get(iter_type in, iter_type end, ios_base&, ios_base::iostate&err, void*&v)const
217	locale.num.get.general	locale	std::num_get::id	variable	1		static locale::id id
218	locale.num.get.general	locale	std::num_get::~num_get	function	0	not probed (no sample, or a hidden friend whose signature is exposition-only)	~num_get()
219	locale.num.get.general	locale	std::num_get::do_get	function	1		virtual iter_type do_get(iter_type, iter_type, ios_base&, ios_base::iostate&err, bool&v)const
220	locale.num.get.general	locale	std::num_get::do_get	function	1		virtual iter_type do_get(iter_type, iter_type, ios_base&, ios_base::iostate&err, long&v)const
221	locale.num.get.general	locale	std::num_get::do_get	function	1		virtual iter_type do_get(iter_type, iter_type, ios_base&, ios_base::iostate&err, long long&v)const
222	locale.num.get.general	locale	std::num_get::do_get	function	1		virtual iter_type do_get(iter_type, iter_type, ios_base&, ios_base::iostate&err, unsigned short&v)const
223	locale.num.get.general	locale	std::num_get::do_get	function	1		virtual iter_type do_get(iter_type, iter_type, ios_base&, ios_base::iostate&err, unsigned int&v)const
224	locale.num.get.general	locale	std::num_get::do_get	function	1		virtual iter_type do_get(iter_type, iter_type, ios_base&, ios_base::iostate&err, unsigned long&v)const
225	locale.num.get.general	locale	std::num_get::do_get	function	1		virtual iter_type do_get(iter_type, iter_type, ios_base&, ios_base::iostate&err, unsigned long long&v)const
226	locale.num.get.general	locale	std::num_get::do_get	function	1		virtual iter_type do_get(iter_type, iter_type, ios_base&, ios_base::iostate&err, float&v)const
227	locale.num.get.general	locale	std::num_get::do_get	function	1		virtual iter_type do_get(iter_type, iter_type, ios_base&, ios_base::iostate&err, double&v)const
228	locale.num.get.general	locale	std::num_get::do_get	function	1		virtual iter_type do_get(iter_type, iter_type, ios_base&, ios_base::iostate&err, long double&v)const
229	locale.num.get.general	locale	std::num_get::do_get	function	1		virtual iter_type do_get(iter_type, iter_type, ios_base&, ios_base::iostate&err, void*&v)const
230	locale.nm.put.general	locale	std::num_put	classdef	2		class num_put:public locale::facet
231	locale.nm.put.general	locale	std::num_put::char_type	alias	1		using char_type = charT
232	locale.nm.put.general	locale	std::num_put::iter_type	alias	1		using iter_type = OutputIterator
233	locale.nm.put.general	locale	std::num_put::num_put	function	2		explicit num_put(size_t refs = 0)
234	locale.nm.put.general	locale	std::num_put::put	function	1		iter_type put(iter_type s, ios_base&f, char_type fill, bool v)const
235	locale.nm.put.general	locale	std::num_put::put	function	1		iter_type put(iter_type s, ios_base&f, char_type fill, long v)const
236	locale.nm.put.general	locale	std::num_put::put	function	1		iter_type put(iter_type s, ios_base&f, char_type fill, long long v)const
237	locale.nm.put.general	locale	std::num_put::put	function	1		iter_type put(iter_type s, ios_base&f, char_type fill, unsigned long v)const
238	locale.nm.put.general	locale	std::num_put::put	function	1		iter_type put(iter_type s, ios_base&f, char_type fill, unsigned long long v)const
239	locale.nm.put.general	locale	std::num_put::put	function	1		iter_type put(iter_type s, ios_base&f, char_type fill, double v)const
240	locale.nm.put.general	locale	std::num_put::put	function	1		iter_type put(iter_type s, ios_base&f, char_type fill, long double v)const
241	locale.nm.put.general	locale	std::num_put::put	function	1		iter_type put(iter_type s, ios_base&f, char_type fill, const void*v)const
242	locale.nm.put.general	locale	std::num_put::id	variable	1		static locale::id id
243	locale.nm.put.general	locale	std::num_put::~num_put	function	0	not probed (no sample, or a hidden friend whose signature is exposition-only)	~num_put()
244	locale.nm.put.general	locale	std::num_put::do_put	function	1		virtual iter_type do_put(iter_type, ios_base&, char_type fill, bool v)const
245	locale.nm.put.general	locale	std::num_put::do_put	function	1		virtual iter_type do_put(iter_type, ios_base&, char_type fill, long v)const
246	locale.nm.put.general	locale	std::num_put::do_put	function	1		virtual iter_type do_put(iter_type, ios_base&, char_type fill, long long v)const
247	locale.nm.put.general	locale	std::num_put::do_put	function	1		virtual iter_type do_put(iter_type, ios_base&, char_type fill, unsigned long)const
248	locale.nm.put.general	locale	std::num_put::do_put	function	1		virtual iter_type do_put(iter_type, ios_base&, char_type fill, unsigned long long)const
249	locale.nm.put.general	locale	std::num_put::do_put	function	1		virtual iter_type do_put(iter_type, ios_base&, char_type fill, double v)const
250	locale.nm.put.general	locale	std::num_put::do_put	function	1		virtual iter_type do_put(iter_type, ios_base&, char_type fill, long double v)const
251	locale.nm.put.general	locale	std::num_put::do_put	function	1		virtual iter_type do_put(iter_type, ios_base&, char_type fill, const void*v)const
252	locale.numpunct.general	locale	std::numpunct	classdef	2		class numpunct:public locale::facet
253	locale.numpunct.general	locale	std::numpunct::char_type	alias	1		using char_type = charT
254	locale.numpunct.general	locale	std::numpunct::string_type	alias	1		using string_type = basic_string<charT>
255	locale.numpunct.general	locale	std::numpunct::numpunct	function	2		explicit numpunct(size_t refs = 0)
256	locale.numpunct.general	locale	std::numpunct::decimal_point	function	1		char_type decimal_point()const
257	locale.numpunct.general	locale	std::numpunct::thousands_sep	function	1		char_type thousands_sep()const
258	locale.numpunct.general	locale	std::numpunct::grouping	function	1		string grouping()const
259	locale.numpunct.general	locale	std::numpunct::truename	function	1		string_type truename()const
260	locale.numpunct.general	locale	std::numpunct::falsename	function	1		string_type falsename()const
261	locale.numpunct.general	locale	std::numpunct::id	variable	1		static locale::id id
262	locale.numpunct.general	locale	std::numpunct::~numpunct	function	0	not probed (no sample, or a hidden friend whose signature is exposition-only)	~numpunct()
263	locale.numpunct.general	locale	std::numpunct::do_decimal_point	function	1		virtual char_type do_decimal_point()const
264	locale.numpunct.general	locale	std::numpunct::do_thousands_sep	function	1		virtual char_type do_thousands_sep()const
265	locale.numpunct.general	locale	std::numpunct::do_grouping	function	1		virtual string do_grouping()const
266	locale.numpunct.general	locale	std::numpunct::do_truename	function	1		virtual string_type do_truename()const
267	locale.numpunct.general	locale	std::numpunct::do_falsename	function	1		virtual string_type do_falsename()const
268	locale.numpunct.byname	locale	std::numpunct_byname	classdef	2		class numpunct_byname:public numpunct<charT>
269	locale.numpunct.byname	locale	std::numpunct_byname::char_type	alias	1		using char_type = charT
270	locale.numpunct.byname	locale	std::numpunct_byname::string_type	alias	1		using string_type = basic_string<charT>
271	locale.numpunct.byname	locale	std::numpunct_byname::numpunct_byname	function	2		explicit numpunct_byname(const char*, size_t refs = 0)
272	locale.numpunct.byname	locale	std::numpunct_byname::numpunct_byname	function	2		explicit numpunct_byname(const string&, size_t refs = 0)
273	locale.numpunct.byname	locale	std::numpunct_byname::~numpunct_byname	function	0	not probed (no sample, or a hidden friend whose signature is exposition-only)	~numpunct_byname()
274	locale.collate.general	locale	std::collate	classdef	2		class collate:public locale::facet
275	locale.collate.general	locale	std::collate::char_type	alias	1		using char_type = charT
276	locale.collate.general	locale	std::collate::string_type	alias	1		using string_type = basic_string<charT>
277	locale.collate.general	locale	std::collate::collate	function	2		explicit collate(size_t refs = 0)
278	locale.collate.general	locale	std::collate::compare	function	1		int compare(const charT*low1, const charT*high1, const charT*low2, const charT*high2)const
279	locale.collate.general	locale	std::collate::transform	function	1		string_type transform(const charT*low, const charT*high)const
280	locale.collate.general	locale	std::collate::hash	function	1		long hash(const charT*low, const charT*high)const
281	locale.collate.general	locale	std::collate::id	variable	1		static locale::id id
282	locale.collate.general	locale	std::collate::~collate	function	0	not probed (no sample, or a hidden friend whose signature is exposition-only)	~collate()
283	locale.collate.general	locale	std::collate::do_compare	function	1		virtual int do_compare(const charT*low1, const charT*high1, const charT*low2, const charT*high2)const
284	locale.collate.general	locale	std::collate::do_transform	function	1		virtual string_type do_transform(const charT*low, const charT*high)const
285	locale.collate.general	locale	std::collate::do_hash	function	1		virtual long do_hash(const charT*low, const charT*high)const
286	locale.collate.byname	locale	std::collate_byname	classdef	2		class collate_byname:public collate<charT>
287	locale.collate.byname	locale	std::collate_byname::string_type	alias	1		using string_type = basic_string<charT>
288	locale.collate.byname	locale	std::collate_byname::collate_byname	function	2		explicit collate_byname(const char*, size_t refs = 0)
289	locale.collate.byname	locale	std::collate_byname::collate_byname	function	2		explicit collate_byname(const string&, size_t refs = 0)
290	locale.collate.byname	locale	std::collate_byname::~collate_byname	function	0	not probed (no sample, or a hidden friend whose signature is exposition-only)	~collate_byname()
291	locale.time.get.general	locale	std::time_base	classdef	1	presence only: presence	class time_base
292	locale.time.get.general	locale	std::time_base::dateorder	enumdef	6		enum dateorder
293	locale.time.get.general	locale	std::time_get	classdef	3		class time_get:public locale::facet, public time_base
294	locale.time.get.general	locale	std::time_get::char_type	alias	1		using char_type = charT
295	locale.time.get.general	locale	std::time_get::iter_type	alias	1		using iter_type = InputIterator
296	locale.time.get.general	locale	std::time_get::time_get	function	2		explicit time_get(size_t refs = 0)
297	locale.time.get.general	locale	std::time_get::date_order	function	1		dateorder date_order()const
298	locale.time.get.general	locale	std::time_get::get_time	function	1		iter_type get_time(iter_type s, iter_type end, ios_base&f, ios_base::iostate&err, tm*t)const
299	locale.time.get.general	locale	std::time_get::get_date	function	1		iter_type get_date(iter_type s, iter_type end, ios_base&f, ios_base::iostate&err, tm*t)const
300	locale.time.get.general	locale	std::time_get::get_weekday	function	1		iter_type get_weekday(iter_type s, iter_type end, ios_base&f, ios_base::iostate&err, tm*t)const
301	locale.time.get.general	locale	std::time_get::get_monthname	function	1		iter_type get_monthname(iter_type s, iter_type end, ios_base&f, ios_base::iostate&err, tm*t)const
302	locale.time.get.general	locale	std::time_get::get_year	function	1		iter_type get_year(iter_type s, iter_type end, ios_base&f, ios_base::iostate&err, tm*t)const
303	locale.time.get.general	locale	std::time_get::get	function	2		iter_type get(iter_type s, iter_type end, ios_base&f, ios_base::iostate&err, tm*t, char format, char modifier = 0)const
304	locale.time.get.general	locale	std::time_get::get	function	1		iter_type get(iter_type s, iter_type end, ios_base&f, ios_base::iostate&err, tm*t, const char_type*fmt, const char_type*fmtend)const
305	locale.time.get.general	locale	std::time_get::id	variable	1		static locale::id id
306	locale.time.get.general	locale	std::time_get::~time_get	function	0	not probed (no sample, or a hidden friend whose signature is exposition-only)	~time_get()
307	locale.time.get.general	locale	std::time_get::do_date_order	function	1		virtual dateorder do_date_order()const
308	locale.time.get.general	locale	std::time_get::do_get_time	function	1		virtual iter_type do_get_time(iter_type s, iter_type end, ios_base&, ios_base::iostate&err, tm*t)const
309	locale.time.get.general	locale	std::time_get::do_get_date	function	1		virtual iter_type do_get_date(iter_type s, iter_type end, ios_base&, ios_base::iostate&err, tm*t)const
310	locale.time.get.general	locale	std::time_get::do_get_weekday	function	1		virtual iter_type do_get_weekday(iter_type s, iter_type end, ios_base&, ios_base::iostate&err, tm*t)const
311	locale.time.get.general	locale	std::time_get::do_get_monthname	function	1		virtual iter_type do_get_monthname(iter_type s, iter_type end, ios_base&, ios_base::iostate&err, tm*t)const
312	locale.time.get.general	locale	std::time_get::do_get_year	function	1		virtual iter_type do_get_year(iter_type s, iter_type end, ios_base&, ios_base::iostate&err, tm*t)const
313	locale.time.get.general	locale	std::time_get::do_get	function	1		virtual iter_type do_get(iter_type s, iter_type end, ios_base&f, ios_base::iostate&err, tm*t, char format, char modifier)const
314	locale.time.get.byname	locale	std::time_get_byname	classdef	2		class time_get_byname:public time_get<charT, InputIterator>
315	locale.time.get.byname	locale	std::time_get_byname::dateorder	alias	1		using dateorder = time_base::dateorder
316	locale.time.get.byname	locale	std::time_get_byname::iter_type	alias	1		using iter_type = InputIterator
317	locale.time.get.byname	locale	std::time_get_byname::time_get_byname	function	2		explicit time_get_byname(const char*, size_t refs = 0)
318	locale.time.get.byname	locale	std::time_get_byname::time_get_byname	function	2		explicit time_get_byname(const string&, size_t refs = 0)
319	locale.time.get.byname	locale	std::time_get_byname::~time_get_byname	function	0	not probed (no sample, or a hidden friend whose signature is exposition-only)	~time_get_byname()
320	locale.time.put.general	locale	std::time_put	classdef	2		class time_put:public locale::facet
321	locale.time.put.general	locale	std::time_put::char_type	alias	1		using char_type = charT
322	locale.time.put.general	locale	std::time_put::iter_type	alias	1		using iter_type = OutputIterator
323	locale.time.put.general	locale	std::time_put::time_put	function	2		explicit time_put(size_t refs = 0)
324	locale.time.put.general	locale	std::time_put::put	function	1		iter_type put(iter_type s, ios_base&f, char_type fill, const tm*tmb, const charT*pattern, const charT*pat_end)const
325	locale.time.put.general	locale	std::time_put::put	function	2		iter_type put(iter_type s, ios_base&f, char_type fill, const tm*tmb, char format, char modifier = 0)const
326	locale.time.put.general	locale	std::time_put::id	variable	1		static locale::id id
327	locale.time.put.general	locale	std::time_put::~time_put	function	0	not probed (no sample, or a hidden friend whose signature is exposition-only)	~time_put()
328	locale.time.put.general	locale	std::time_put::do_put	function	1		virtual iter_type do_put(iter_type s, ios_base&, char_type, const tm*t, char format, char modifier)const
329	locale.time.put.byname	locale	std::time_put_byname	classdef	2		class time_put_byname:public time_put<charT, OutputIterator>
330	locale.time.put.byname	locale	std::time_put_byname::char_type	alias	1		using char_type = charT
331	locale.time.put.byname	locale	std::time_put_byname::iter_type	alias	1		using iter_type = OutputIterator
332	locale.time.put.byname	locale	std::time_put_byname::time_put_byname	function	2		explicit time_put_byname(const char*, size_t refs = 0)
333	locale.time.put.byname	locale	std::time_put_byname::time_put_byname	function	2		explicit time_put_byname(const string&, size_t refs = 0)
334	locale.time.put.byname	locale	std::time_put_byname::~time_put_byname	function	0	not probed (no sample, or a hidden friend whose signature is exposition-only)	~time_put_byname()
335	locale.money.get.general	locale	std::money_get	classdef	2		class money_get:public locale::facet
336	locale.money.get.general	locale	std::money_get::char_type	alias	1		using char_type = charT
337	locale.money.get.general	locale	std::money_get::iter_type	alias	1		using iter_type = InputIterator
338	locale.money.get.general	locale	std::money_get::string_type	alias	1		using string_type = basic_string<charT>
339	locale.money.get.general	locale	std::money_get::money_get	function	2		explicit money_get(size_t refs = 0)
340	locale.money.get.general	locale	std::money_get::get	function	1		iter_type get(iter_type s, iter_type end, bool intl, ios_base&f, ios_base::iostate&err, long double&units)const
341	locale.money.get.general	locale	std::money_get::get	function	1		iter_type get(iter_type s, iter_type end, bool intl, ios_base&f, ios_base::iostate&err, string_type&digits)const
342	locale.money.get.general	locale	std::money_get::id	variable	1		static locale::id id
343	locale.money.get.general	locale	std::money_get::~money_get	function	0	not probed (no sample, or a hidden friend whose signature is exposition-only)	~money_get()
344	locale.money.get.general	locale	std::money_get::do_get	function	1		virtual iter_type do_get(iter_type, iter_type, bool, ios_base&, ios_base::iostate&err, long double&units)const
345	locale.money.get.general	locale	std::money_get::do_get	function	1		virtual iter_type do_get(iter_type, iter_type, bool, ios_base&, ios_base::iostate&err, string_type&digits)const
346	locale.money.put.general	locale	std::money_put	classdef	2		class money_put:public locale::facet
347	locale.money.put.general	locale	std::money_put::char_type	alias	1		using char_type = charT
348	locale.money.put.general	locale	std::money_put::iter_type	alias	1		using iter_type = OutputIterator
349	locale.money.put.general	locale	std::money_put::string_type	alias	1		using string_type = basic_string<charT>
350	locale.money.put.general	locale	std::money_put::money_put	function	2		explicit money_put(size_t refs = 0)
351	locale.money.put.general	locale	std::money_put::put	function	1		iter_type put(iter_type s, bool intl, ios_base&f, char_type fill, long double units)const
352	locale.money.put.general	locale	std::money_put::put	function	1		iter_type put(iter_type s, bool intl, ios_base&f, char_type fill, const string_type&digits)const
353	locale.money.put.general	locale	std::money_put::id	variable	1		static locale::id id
354	locale.money.put.general	locale	std::money_put::~money_put	function	0	not probed (no sample, or a hidden friend whose signature is exposition-only)	~money_put()
355	locale.money.put.general	locale	std::money_put::do_put	function	1		virtual iter_type do_put(iter_type, bool, ios_base&, char_type fill, long double units)const
356	locale.money.put.general	locale	std::money_put::do_put	function	1		virtual iter_type do_put(iter_type, bool, ios_base&, char_type fill, const string_type&digits)const
357	locale.moneypunct.general	locale	std::money_base	classdef	1	presence only: presence	class money_base
358	locale.moneypunct.general	locale	std::money_base::part	enumdef	6		enum part
359	locale.moneypunct.general	locale	std::money_base::pattern	classdef	1	presence only: presence	struct pattern
360	locale.moneypunct.general	locale	std::money_base::pattern::field	variable	1		char field[4]
361	locale.moneypunct.general	locale	std::moneypunct	classdef	3		class moneypunct:public locale::facet, public money_base
362	locale.moneypunct.general	locale	std::moneypunct::char_type	alias	1		using char_type = charT
363	locale.moneypunct.general	locale	std::moneypunct::string_type	alias	1		using string_type = basic_string<charT>
364	locale.moneypunct.general	locale	std::moneypunct::moneypunct	function	2		explicit moneypunct(size_t refs = 0)
365	locale.moneypunct.general	locale	std::moneypunct::decimal_point	function	1		charT decimal_point()const
366	locale.moneypunct.general	locale	std::moneypunct::thousands_sep	function	1		charT thousands_sep()const
367	locale.moneypunct.general	locale	std::moneypunct::grouping	function	1		string grouping()const
368	locale.moneypunct.general	locale	std::moneypunct::curr_symbol	function	1		string_type curr_symbol()const
369	locale.moneypunct.general	locale	std::moneypunct::positive_sign	function	1		string_type positive_sign()const
370	locale.moneypunct.general	locale	std::moneypunct::negative_sign	function	1		string_type negative_sign()const
371	locale.moneypunct.general	locale	std::moneypunct::frac_digits	function	1		int frac_digits()const
372	locale.moneypunct.general	locale	std::moneypunct::pos_format	function	1		pattern pos_format()const
373	locale.moneypunct.general	locale	std::moneypunct::neg_format	function	1		pattern neg_format()const
374	locale.moneypunct.general	locale	std::moneypunct::id	variable	1		static locale::id id
375	locale.moneypunct.general	locale	std::moneypunct::intl	variable	1		static const bool intl = International
376	locale.moneypunct.general	locale	std::moneypunct::~moneypunct	function	0	not probed (no sample, or a hidden friend whose signature is exposition-only)	~moneypunct()
377	locale.moneypunct.general	locale	std::moneypunct::do_decimal_point	function	1		virtual charT do_decimal_point()const
378	locale.moneypunct.general	locale	std::moneypunct::do_thousands_sep	function	1		virtual charT do_thousands_sep()const
379	locale.moneypunct.general	locale	std::moneypunct::do_grouping	function	1		virtual string do_grouping()const
380	locale.moneypunct.general	locale	std::moneypunct::do_curr_symbol	function	1		virtual string_type do_curr_symbol()const
381	locale.moneypunct.general	locale	std::moneypunct::do_positive_sign	function	1		virtual string_type do_positive_sign()const
382	locale.moneypunct.general	locale	std::moneypunct::do_negative_sign	function	1		virtual string_type do_negative_sign()const
383	locale.moneypunct.general	locale	std::moneypunct::do_frac_digits	function	1		virtual int do_frac_digits()const
384	locale.moneypunct.general	locale	std::moneypunct::do_pos_format	function	1		virtual pattern do_pos_format()const
385	locale.moneypunct.general	locale	std::moneypunct::do_neg_format	function	1		virtual pattern do_neg_format()const
386	locale.moneypunct.byname	locale	std::moneypunct_byname	classdef	2		class moneypunct_byname:public moneypunct<charT, Intl>
387	locale.moneypunct.byname	locale	std::moneypunct_byname::pattern	alias	1		using pattern = money_base::pattern
388	locale.moneypunct.byname	locale	std::moneypunct_byname::string_type	alias	1		using string_type = basic_string<charT>
389	locale.moneypunct.byname	locale	std::moneypunct_byname::moneypunct_byname	function	2		explicit moneypunct_byname(const char*, size_t refs = 0)
390	locale.moneypunct.byname	locale	std::moneypunct_byname::moneypunct_byname	function	2		explicit moneypunct_byname(const string&, size_t refs = 0)
391	locale.moneypunct.byname	locale	std::moneypunct_byname::~moneypunct_byname	function	0	not probed (no sample, or a hidden friend whose signature is exposition-only)	~moneypunct_byname()
392	locale.messages.general	locale	std::messages_base	classdef	1	presence only: presence	class messages_base
393	locale.messages.general	locale	std::messages_base::catalog	alias	1		using catalog = ⟨unspecified signed integer type⟩
394	locale.messages.general	locale	std::messages	classdef	3		class messages:public locale::facet, public messages_base
395	locale.messages.general	locale	std::messages::char_type	alias	1		using char_type = charT
396	locale.messages.general	locale	std::messages::string_type	alias	1		using string_type = basic_string<charT>
397	locale.messages.general	locale	std::messages::messages	function	2		explicit messages(size_t refs = 0)
398	locale.messages.general	locale	std::messages::open	function	1		catalog open(const string&fn, const locale&)const
399	locale.messages.general	locale	std::messages::get	function	1		string_type get(catalog c, int set, int msgid, const string_type&dfault)const
400	locale.messages.general	locale	std::messages::close	function	1		void close(catalog c)const
401	locale.messages.general	locale	std::messages::id	variable	1		static locale::id id
402	locale.messages.general	locale	std::messages::~messages	function	0	not probed (no sample, or a hidden friend whose signature is exposition-only)	~messages()
403	locale.messages.general	locale	std::messages::do_open	function	1		virtual catalog do_open(const string&, const locale&)const
404	locale.messages.general	locale	std::messages::do_get	function	1		virtual string_type do_get(catalog, int set, int msgid, const string_type&dfault)const
405	locale.messages.general	locale	std::messages::do_close	function	1		virtual void do_close(catalog)const
406	locale.messages.byname	locale	std::messages_byname	classdef	2		class messages_byname:public messages<charT>
407	locale.messages.byname	locale	std::messages_byname::catalog	alias	1		using catalog = messages_base::catalog
408	locale.messages.byname	locale	std::messages_byname::string_type	alias	1		using string_type = basic_string<charT>
409	locale.messages.byname	locale	std::messages_byname::messages_byname	function	2		explicit messages_byname(const char*, size_t refs = 0)
410	locale.messages.byname	locale	std::messages_byname::messages_byname	function	2		explicit messages_byname(const string&, size_t refs = 0)
411	locale.messages.byname	locale	std::messages_byname::~messages_byname	function	0	not probed (no sample, or a hidden friend whose signature is exposition-only)	~messages_byname()
412	clocale.syn	clocale	std::lconv	classdecl	1	presence only: presence	struct lconv
413	clocale.syn	clocale	std::setlocale	function	1		char*setlocale(int category, const char*locale)
414	clocale.syn	clocale	std::localeconv	function	1		lconv*localeconv()
415	text.encoding.syn	text_encoding	std::text_encoding	classdecl	1	presence only: presence	struct text_encoding
416	text.encoding.syn	text_encoding	std::hash	classdecl	1	presence only: presence	struct hash
417	text.encoding.syn	text_encoding	std::hash	classdecl	1		struct hash<text_encoding>
418	text.encoding.overview	text_encoding	std::text_encoding	classdef	1	presence only: presence	struct text_encoding
419	text.encoding.overview	text_encoding	std::text_encoding::max_name_length	variable	1		static constexpr size_t max_name_length = 63
420	text.encoding.overview	text_encoding	std::text_encoding::id	enumdef	2		enum class id:int_least32_t
421	text.encoding.overview	text_encoding	std::text_encoding::text_encoding	function	1		constexpr text_encoding() = default
422	text.encoding.overview	text_encoding	std::text_encoding::text_encoding	function	1		constexpr explicit text_encoding(string_view enc)noexcept
423	text.encoding.overview	text_encoding	std::text_encoding::text_encoding	function	1		constexpr text_encoding(id i)noexcept
424	text.encoding.overview	text_encoding	std::text_encoding::mib	function	2		constexpr id mib()const noexcept
425	text.encoding.overview	text_encoding	std::text_encoding::name	function	2		constexpr const char*name()const noexcept
426	text.encoding.overview	text_encoding	std::text_encoding::aliases_view	classdecl	1	presence only: presence	struct aliases_view
427	text.encoding.overview	text_encoding	std::text_encoding::aliases	function	2		constexpr aliases_view aliases()const noexcept
428	text.encoding.overview	text_encoding	std::text_encoding::operator==	function	2		friend constexpr bool operator==(const text_encoding&a, const text_encoding&b)noexcept
429	text.encoding.overview	text_encoding	std::text_encoding::operator==	function	2		friend constexpr bool operator==(const text_encoding&encoding, id i)noexcept
430	text.encoding.overview	text_encoding	std::text_encoding::literal	function	2		static consteval text_encoding literal()noexcept
431	text.encoding.overview	text_encoding	std::text_encoding::environment	function	1		static text_encoding environment()
432	text.encoding.overview	text_encoding	std::text_encoding::environment_is	function	0	not probed (no sample, or a hidden friend whose signature is exposition-only)	static bool environment_is()
433	text.encoding.id	text_encoding	std::text_encoding::id	enumdef	260		enum class text_encoding::id:int_least32_t
434	format.syn	format	std::basic_format_context	classdecl	1	presence only: presence	class basic_format_context
435	format.syn	format	std::format_context	alias	1		using format_context = basic_format_context<⟨unspecified⟩, char>
436	format.syn	format	std::wformat_context	alias	1		using wformat_context = basic_format_context<⟨unspecified⟩, wchar_t>
437	format.syn	format	std::basic_format_args	classdecl	1	presence only: presence	class basic_format_args
438	format.syn	format	std::format_args	alias	1		using format_args = basic_format_args<format_context>
439	format.syn	format	std::wformat_args	alias	1		using wformat_args = basic_format_args<wformat_context>
440	format.syn	format	std::basic_format_string	classdecl	1	presence only: presence	struct basic_format_string
441	format.syn	format	std::dynamic_format	function	2		constexpr ⟨dynamic-format-string⟩<char>dynamic_format(string_view fmt)noexcept
442	format.syn	format	std::dynamic_format	function	2		constexpr ⟨dynamic-format-string⟩<wchar_t>dynamic_format(wstring_view fmt)noexcept
443	format.syn	format	std::format_string	alias	1		using format_string = basic_format_string<char, type_identity_t<Args>...>
444	format.syn	format	std::wformat_string	alias	1		using wformat_string = basic_format_string<wchar_t, type_identity_t<Args>...>
445	format.syn	format	std::format	function	2		constexpr string format(format_string<Args...>fmt, Args&&...args)
446	format.syn	format	std::format	function	2		constexpr wstring format(wformat_string<Args...>fmt, Args&&...args)
447	format.syn	format	std::format	function	1		string format(const locale&loc, format_string<Args...>fmt, Args&&...args)
448	format.syn	format	std::format	function	1		wstring format(const locale&loc, wformat_string<Args...>fmt, Args&&...args)
449	format.syn	format	std::vformat	function	2		constexpr string vformat(string_view fmt, format_args args)
450	format.syn	format	std::vformat	function	2		constexpr wstring vformat(wstring_view fmt, wformat_args args)
451	format.syn	format	std::vformat	function	1		string vformat(const locale&loc, string_view fmt, format_args args)
452	format.syn	format	std::vformat	function	1		wstring vformat(const locale&loc, wstring_view fmt, wformat_args args)
453	format.syn	format	std::format_to	function	1		constexpr Out format_to(Out out, format_string<Args...>fmt, Args&&...args)
454	format.syn	format	std::format_to	function	1		constexpr Out format_to(Out out, wformat_string<Args...>fmt, Args&&...args)
455	format.syn	format	std::format_to	function	1		Out format_to(Out out, const locale&loc, format_string<Args...>fmt, Args&&...args)
456	format.syn	format	std::format_to	function	1		Out format_to(Out out, const locale&loc, wformat_string<Args...>fmt, Args&&...args)
457	format.syn	format	std::vformat_to	function	1		constexpr Out vformat_to(Out out, string_view fmt, format_args args)
458	format.syn	format	std::vformat_to	function	1		constexpr Out vformat_to(Out out, wstring_view fmt, wformat_args args)
459	format.syn	format	std::vformat_to	function	1		Out vformat_to(Out out, const locale&loc, string_view fmt, format_args args)
460	format.syn	format	std::vformat_to	function	1		Out vformat_to(Out out, const locale&loc, wstring_view fmt, wformat_args args)
461	format.syn	format	std::format_to_n_result	classdef	1	presence only: presence	struct format_to_n_result
462	format.syn	format	std::format_to_n_result::out	variable	1		Out out
463	format.syn	format	std::format_to_n_result::size	variable	1		iter_difference_t<Out>size
464	format.syn	format	std::format_to_n	function	1		constexpr format_to_n_result<Out>format_to_n(Out out, iter_difference_t<Out>n, format_string<Args...>fmt, Args&&...args)
465	format.syn	format	std::format_to_n	function	1		constexpr format_to_n_result<Out>format_to_n(Out out, iter_difference_t<Out>n, wformat_string<Args...>fmt, Args&&...args)
466	format.syn	format	std::format_to_n	function	1		format_to_n_result<Out>format_to_n(Out out, iter_difference_t<Out>n, const locale&loc, format_string<Args...>fmt, Args&&...args)
467	format.syn	format	std::format_to_n	function	1		format_to_n_result<Out>format_to_n(Out out, iter_difference_t<Out>n, const locale&loc, wformat_string<Args...>fmt, Args&&...args)
468	format.syn	format	std::formatted_size	function	2		constexpr size_t formatted_size(format_string<Args...>fmt, Args&&...args)
469	format.syn	format	std::formatted_size	function	2		constexpr size_t formatted_size(wformat_string<Args...>fmt, Args&&...args)
470	format.syn	format	std::formatted_size	function	1		size_t formatted_size(const locale&loc, format_string<Args...>fmt, Args&&...args)
471	format.syn	format	std::formatted_size	function	1		size_t formatted_size(const locale&loc, wformat_string<Args...>fmt, Args&&...args)
472	format.syn	format	std::formatter	classdecl	1	presence only: presence	struct formatter
473	format.syn	format	std::enable_nonlocking_formatter_optimization	variable	1		constexpr bool enable_nonlocking_formatter_optimization = false
474	format.syn	format	std::formattable	concept	1	presence only: presence	concept formattable = ⟨see below⟩
475	format.syn	format	std::basic_format_parse_context	classdecl	1	presence only: presence	class basic_format_parse_context
476	format.syn	format	std::format_parse_context	alias	1		using format_parse_context = basic_format_parse_context<char>
477	format.syn	format	std::wformat_parse_context	alias	1		using wformat_parse_context = basic_format_parse_context<wchar_t>
478	format.syn	format	std::range_format	enumdef	7		enum class range_format
479	format.syn	format	std::format_kind	variable	1		constexpr ⟨unspecified⟩ format_kind = ⟨unspecified⟩
480	format.syn	format	std::format_kind	variable	0	not probed (no sample, or a hidden friend whose signature is exposition-only)	requires same_as<R, remove_cvref_t<R>>constexpr range_format format_kind<R> = ⟨see below⟩
481	format.syn	format	std::range_formatter	classdecl	1	presence only: presence	requires same_as<remove_cvref_t<T>, T>&&formattable<T, charT>class range_formatter
482	format.syn	format	std::formatter	classdecl	1		requires(format_kind<R>!=range_format::disabled)&&formattable<ranges::range_reference_t<R>, charT>struct formatter<R, charT>:⟨range-default-formatter⟩<format_kind<R>, R, charT>
483	format.syn	format	std::enable_nonlocking_formatter_optimization	variable	1		requires(format_kind<R>!=range_format::disabled)constexpr bool enable_nonlocking_formatter_optimization<R> = false
484	format.syn	format	std::basic_format_arg	classdecl	1	presence only: presence	class basic_format_arg
485	format.syn	format	std::make_format_args	function	2		constexpr ⟨format-arg-store⟩<Context, Args...>make_format_args(Args&...fmt_args)
486	format.syn	format	std::make_wformat_args	function	2		constexpr ⟨format-arg-store⟩<wformat_context, Args...>make_wformat_args(Args&...args)
487	format.syn	format	std::format_error	classdecl	1	presence only: presence	class format_error
488	format.fmt.string	format	std::basic_format_string	classdef	1	presence only: presence	struct basic_format_string
489	format.fmt.string	format	std::basic_format_string::basic_format_string	function	1		consteval basic_format_string(const T&s)
490	format.fmt.string	format	std::basic_format_string::basic_format_string	function	1		constexpr basic_format_string(⟨dynamic-format-string⟩<charT>s)noexcept:str(s.⟨str⟩)
491	format.fmt.string	format	std::basic_format_string::get	function	2		constexpr basic_string_view<charT>get()const noexcept
492	format.parse.ctx	format	std::basic_format_parse_context	classdef	1	presence only: presence	class basic_format_parse_context
493	format.parse.ctx	format	std::basic_format_parse_context::char_type	alias	1		using char_type = charT
494	format.parse.ctx	format	std::basic_format_parse_context::const_iterator	alias	1		using const_iterator = basic_string_view<charT>::const_iterator
495	format.parse.ctx	format	std::basic_format_parse_context::iterator	alias	1		using iterator = const_iterator
496	format.parse.ctx	format	std::basic_format_parse_context::basic_format_parse_context	function	1		constexpr explicit basic_format_parse_context(basic_string_view<charT>fmt)noexcept
497	format.parse.ctx	format	std::basic_format_parse_context::basic_format_parse_context	function	1		basic_format_parse_context(const basic_format_parse_context&) = delete
498	format.parse.ctx	format	std::basic_format_parse_context::operator=	function	1		basic_format_parse_context&operator = (const basic_format_parse_context&) = delete
499	format.parse.ctx	format	std::basic_format_parse_context::begin	function	2		constexpr const_iterator begin()const noexcept
500	format.parse.ctx	format	std::basic_format_parse_context::end	function	2		constexpr const_iterator end()const noexcept
501	format.parse.ctx	format	std::basic_format_parse_context::advance_to	function	2		constexpr void advance_to(const_iterator it)
502	format.parse.ctx	format	std::basic_format_parse_context::next_arg_id	function	2		constexpr size_t next_arg_id()
503	format.parse.ctx	format	std::basic_format_parse_context::check_arg_id	function	2		constexpr void check_arg_id(size_t id)
504	format.parse.ctx	format	std::basic_format_parse_context::check_dynamic_spec	function	2		constexpr void check_dynamic_spec(size_t id)noexcept
505	format.parse.ctx	format	std::basic_format_parse_context::check_dynamic_spec_integral	function	2		constexpr void check_dynamic_spec_integral(size_t id)noexcept
506	format.parse.ctx	format	std::basic_format_parse_context::check_dynamic_spec_string	function	2		constexpr void check_dynamic_spec_string(size_t id)noexcept
507	format.context	format	std::basic_format_context	classdef	1	presence only: presence	class basic_format_context
508	format.context	format	std::basic_format_context::iterator	alias	1		using iterator = Out
509	format.context	format	std::basic_format_context::char_type	alias	1		using char_type = charT
510	format.context	format	std::basic_format_context::formatter_type	alias	1		using formatter_type = formatter<T, charT>
511	format.context	format	std::basic_format_context::arg	function	2		constexpr basic_format_arg<basic_format_context>arg(size_t id)const noexcept
512	format.context	format	std::basic_format_context::locale	function	1		std::locale locale()
513	format.context	format	std::basic_format_context::out	function	2		constexpr iterator out()
514	format.context	format	std::basic_format_context::advance_to	function	1		constexpr void advance_to(iterator it)
515	format.arg	format	std::basic_format_arg	classdef	1	presence only: presence	class basic_format_arg
516	format.arg	format	std::basic_format_arg::handle	classdecl	1	presence only: presence	class handle
517	format.arg	format	std::basic_format_arg::basic_format_arg	function	1		constexpr basic_format_arg()noexcept
518	format.arg	format	std::basic_format_arg::operator bool	function	3		constexpr explicit operator bool()const noexcept
519	format.arg	format	std::basic_format_arg::visit	function	2		constexpr decltype(auto)visit(this basic_format_arg arg, Visitor&&vis)
520	format.arg	format	std::basic_format_arg::visit	function	2		constexpr R visit(this basic_format_arg arg, Visitor&&vis)
521	format.arg	format	std::basic_format_arg::handle	classdef	1	presence only: presence	class basic_format_arg<Context>::handle
522	format.arg	format	std::basic_format_arg::handle::format	function	1	presence only: exposition-only or unspecified: char-type	constexpr void format(basic_format_parse_context<⟨char-type⟩>&, Context&ctx)const
523	format.args	format	std::basic_format_args	classdef	1	presence only: presence	class basic_format_args
524	format.args	format	std::basic_format_args::basic_format_args	function	1		constexpr basic_format_args(const ⟨format-arg-store⟩<Context, Args...>&store)noexcept
525	format.args	format	std::basic_format_args::get	function	2		constexpr basic_format_arg<Context>get(size_t i)const noexcept
526	format.args	format	std::basic_format_args	guide	0	not probed (no sample, or a hidden friend whose signature is exposition-only)	basic_format_args(⟨format-arg-store⟩<Context, Args...>)->basic_format_args<Context>
527	format.tuple	format	std::formatter	classdef	0	not probed (no sample, or a hidden friend whose signature is exposition-only)	struct formatter<⟨pair-or-tuple⟩<Ts...>, charT>
528	format.tuple	format	std::formatter::set_separator	function	0	not probed (no sample, or a hidden friend whose signature is exposition-only)	constexpr void set_separator(basic_string_view<charT>sep)noexcept
529	format.tuple	format	std::formatter::set_brackets	function	0	not probed (no sample, or a hidden friend whose signature is exposition-only)	constexpr void set_brackets(basic_string_view<charT>opening, basic_string_view<charT>closing)noexcept
530	format.tuple	format	std::formatter::parse	function	0	not probed (no sample, or a hidden friend whose signature is exposition-only)	constexpr typename ParseContext::iterator parse(ParseContext&ctx)
531	format.tuple	format	std::formatter::format	function	0	not probed (no sample, or a hidden friend whose signature is exposition-only)	constexpr typename FormatContext::iterator format(⟨see below⟩&elems, FormatContext&ctx)const
532	format.tuple	format	std::enable_nonlocking_formatter_optimization	variable	0	not probed (no sample, or a hidden friend whose signature is exposition-only)	constexpr bool enable_nonlocking_formatter_optimization<⟨pair-or-tuple⟩<Ts...>> = (enable_nonlocking_formatter_optimization<remove_cvref_t<Ts>>&&...)
533	format.error	format	std::format_error	classdef	2		class format_error:public runtime_error
534	format.error	format	std::format_error::format_error	function	1		constexpr explicit format_error(const string&what_arg)
535	format.error	format	std::format_error::format_error	function	1		constexpr explicit format_error(const char*what_arg)
536	re.syn	regex	std::regex_constants::syntax_option_type	alias	1		using syntax_option_type = ⟨T1⟩
537	re.syn	regex	std::regex_constants::match_flag_type	alias	1		using match_flag_type = ⟨T2⟩
538	re.syn	regex	std::regex_constants::error_type	alias	1		using error_type = ⟨T3⟩
539	re.syn	regex	std::regex_error	classdecl	1	presence only: presence	class regex_error
540	re.syn	regex	std::regex_traits	classdecl	1	presence only: presence	struct regex_traits
541	re.syn	regex	std::basic_regex	classdecl	1	presence only: presence	class basic_regex
542	re.syn	regex	std::regex	alias	1		using regex = basic_regex<char>
543	re.syn	regex	std::wregex	alias	1		using wregex = basic_regex<wchar_t>
544	re.syn	regex	std::swap	function	1		void swap(basic_regex<charT, traits>&e1, basic_regex<charT, traits>&e2)
545	re.syn	regex	std::sub_match	classdecl	1	presence only: presence	class sub_match
546	re.syn	regex	std::csub_match	alias	1		using csub_match = sub_match<const char*>
547	re.syn	regex	std::wcsub_match	alias	1		using wcsub_match = sub_match<const wchar_t*>
548	re.syn	regex	std::ssub_match	alias	1		using ssub_match = sub_match<string::const_iterator>
549	re.syn	regex	std::wssub_match	alias	1		using wssub_match = sub_match<wstring::const_iterator>
550	re.syn	regex	std::operator==	function	1		bool operator==(const sub_match<BiIter>&lhs, const sub_match<BiIter>&rhs)
551	re.syn	regex	std::operator<=>	function	1		auto operator<=>(const sub_match<BiIter>&lhs, const sub_match<BiIter>&rhs)
552	re.syn	regex	std::operator==	function	1		bool operator==(const sub_match<BiIter>&lhs, const basic_string<typename iterator_traits<BiIter>::value_type, ST, SA>&rhs)
553	re.syn	regex	std::operator<=>	function	1		auto operator<=>(const sub_match<BiIter>&lhs, const basic_string<typename iterator_traits<BiIter>::value_type, ST, SA>&rhs)
554	re.syn	regex	std::operator==	function	1		bool operator==(const sub_match<BiIter>&lhs, const typename iterator_traits<BiIter>::value_type*rhs)
555	re.syn	regex	std::operator<=>	function	1		auto operator<=>(const sub_match<BiIter>&lhs, const typename iterator_traits<BiIter>::value_type*rhs)
556	re.syn	regex	std::operator==	function	1		bool operator==(const sub_match<BiIter>&lhs, const typename iterator_traits<BiIter>::value_type&rhs)
557	re.syn	regex	std::operator<=>	function	1		auto operator<=>(const sub_match<BiIter>&lhs, const typename iterator_traits<BiIter>::value_type&rhs)
558	re.syn	regex	std::operator<<	function	1		basic_ostream<charT, ST>&operator<<(basic_ostream<charT, ST>&os, const sub_match<BiIter>&m)
559	re.syn	regex	std::match_results	classdecl	1	presence only: presence	class match_results
560	re.syn	regex	std::cmatch	alias	1		using cmatch = match_results<const char*>
561	re.syn	regex	std::wcmatch	alias	1		using wcmatch = match_results<const wchar_t*>
562	re.syn	regex	std::smatch	alias	1		using smatch = match_results<string::const_iterator>
563	re.syn	regex	std::wsmatch	alias	1		using wsmatch = match_results<wstring::const_iterator>
564	re.syn	regex	std::operator==	function	1		bool operator==(const match_results<BidirectionalIterator, Allocator>&m1, const match_results<BidirectionalIterator, Allocator>&m2)
565	re.syn	regex	std::swap	function	1		void swap(match_results<BidirectionalIterator, Allocator>&m1, match_results<BidirectionalIterator, Allocator>&m2)
566	re.syn	regex	std::regex_match	function	2		bool regex_match(BidirectionalIterator first, BidirectionalIterator last, match_results<BidirectionalIterator, Allocator>&m, const basic_regex<charT, traits>&e, regex_constants::match_flag_type flags = regex_constants::match_default)
567	re.syn	regex	std::regex_match	function	2		bool regex_match(BidirectionalIterator first, BidirectionalIterator last, const basic_regex<charT, traits>&e, regex_constants::match_flag_type flags = regex_constants::match_default)
568	re.syn	regex	std::regex_match	function	2		bool regex_match(const charT*str, match_results<const charT*, Allocator>&m, const basic_regex<charT, traits>&e, regex_constants::match_flag_type flags = regex_constants::match_default)
569	re.syn	regex	std::regex_match	function	0	not probed (no sample, or a hidden friend whose signature is exposition-only)	bool regex_match(const basic_string<charT, ST, SA>&s, match_results<typename basic_string<charT, ST, SA>::const_iterator, Allocator>&m, const basic_regex<charT, traits>&e, regex_constants::match_flag_type flags = regex_constants::match_default)
570	re.syn	regex	std::regex_match	function	0	not probed (no sample, or a hidden friend whose signature is exposition-only)	bool regex_match(const basic_string<charT, ST, SA>&&, match_results<typename basic_string<charT, ST, SA>::const_iterator, Allocator>&, const basic_regex<charT, traits>&, regex_constants::match_flag_type = regex_constants::match_default) = delete
571	re.syn	regex	std::regex_match	function	2		bool regex_match(const charT*str, const basic_regex<charT, traits>&e, regex_constants::match_flag_type flags = regex_constants::match_default)
572	re.syn	regex	std::regex_match	function	2		bool regex_match(const basic_string<charT, ST, SA>&s, const basic_regex<charT, traits>&e, regex_constants::match_flag_type flags = regex_constants::match_default)
573	re.syn	regex	std::regex_search	function	2		bool regex_search(BidirectionalIterator first, BidirectionalIterator last, match_results<BidirectionalIterator, Allocator>&m, const basic_regex<charT, traits>&e, regex_constants::match_flag_type flags = regex_constants::match_default)
574	re.syn	regex	std::regex_search	function	2		bool regex_search(BidirectionalIterator first, BidirectionalIterator last, const basic_regex<charT, traits>&e, regex_constants::match_flag_type flags = regex_constants::match_default)
575	re.syn	regex	std::regex_search	function	2		bool regex_search(const charT*str, match_results<const charT*, Allocator>&m, const basic_regex<charT, traits>&e, regex_constants::match_flag_type flags = regex_constants::match_default)
576	re.syn	regex	std::regex_search	function	2		bool regex_search(const charT*str, const basic_regex<charT, traits>&e, regex_constants::match_flag_type flags = regex_constants::match_default)
577	re.syn	regex	std::regex_search	function	2		bool regex_search(const basic_string<charT, ST, SA>&s, const basic_regex<charT, traits>&e, regex_constants::match_flag_type flags = regex_constants::match_default)
578	re.syn	regex	std::regex_search	function	0	not probed (no sample, or a hidden friend whose signature is exposition-only)	bool regex_search(const basic_string<charT, ST, SA>&s, match_results<typename basic_string<charT, ST, SA>::const_iterator, Allocator>&m, const basic_regex<charT, traits>&e, regex_constants::match_flag_type flags = regex_constants::match_default)
579	re.syn	regex	std::regex_search	function	0	not probed (no sample, or a hidden friend whose signature is exposition-only)	bool regex_search(const basic_string<charT, ST, SA>&&, match_results<typename basic_string<charT, ST, SA>::const_iterator, Allocator>&, const basic_regex<charT, traits>&, regex_constants::match_flag_type = regex_constants::match_default) = delete
580	re.syn	regex	std::regex_replace	function	2		OutputIterator regex_replace(OutputIterator out, BidirectionalIterator first, BidirectionalIterator last, const basic_regex<charT, traits>&e, const basic_string<charT, ST, SA>&fmt, regex_constants::match_flag_type flags = regex_constants::match_default)
581	re.syn	regex	std::regex_replace	function	2		OutputIterator regex_replace(OutputIterator out, BidirectionalIterator first, BidirectionalIterator last, const basic_regex<charT, traits>&e, const charT*fmt, regex_constants::match_flag_type flags = regex_constants::match_default)
582	re.syn	regex	std::regex_replace	function	2		basic_string<charT, ST, SA>regex_replace(const basic_string<charT, ST, SA>&s, const basic_regex<charT, traits>&e, const basic_string<charT, FST, FSA>&fmt, regex_constants::match_flag_type flags = regex_constants::match_default)
583	re.syn	regex	std::regex_replace	function	2		basic_string<charT, ST, SA>regex_replace(const basic_string<charT, ST, SA>&s, const basic_regex<charT, traits>&e, const charT*fmt, regex_constants::match_flag_type flags = regex_constants::match_default)
584	re.syn	regex	std::regex_replace	function	2		basic_string<charT>regex_replace(const charT*s, const basic_regex<charT, traits>&e, const basic_string<charT, ST, SA>&fmt, regex_constants::match_flag_type flags = regex_constants::match_default)
585	re.syn	regex	std::regex_replace	function	2		basic_string<charT>regex_replace(const charT*s, const basic_regex<charT, traits>&e, const charT*fmt, regex_constants::match_flag_type flags = regex_constants::match_default)
586	re.syn	regex	std::regex_iterator	classdecl	1	presence only: presence	class regex_iterator
587	re.syn	regex	std::cregex_iterator	alias	1		using cregex_iterator = regex_iterator<const char*>
588	re.syn	regex	std::wcregex_iterator	alias	1		using wcregex_iterator = regex_iterator<const wchar_t*>
589	re.syn	regex	std::sregex_iterator	alias	1		using sregex_iterator = regex_iterator<string::const_iterator>
590	re.syn	regex	std::wsregex_iterator	alias	1		using wsregex_iterator = regex_iterator<wstring::const_iterator>
591	re.syn	regex	std::regex_token_iterator	classdecl	1	presence only: presence	class regex_token_iterator
592	re.syn	regex	std::cregex_token_iterator	alias	1		using cregex_token_iterator = regex_token_iterator<const char*>
593	re.syn	regex	std::wcregex_token_iterator	alias	1		using wcregex_token_iterator = regex_token_iterator<const wchar_t*>
594	re.syn	regex	std::sregex_token_iterator	alias	1		using sregex_token_iterator = regex_token_iterator<string::const_iterator>
595	re.syn	regex	std::wsregex_token_iterator	alias	1		using wsregex_token_iterator = regex_token_iterator<wstring::const_iterator>
596	re.syn	regex	std::pmr::match_results	alias	1		using match_results = std::match_results<BidirectionalIterator, polymorphic_allocator<sub_match<BidirectionalIterator>>>
597	re.syn	regex	std::pmr::cmatch	alias	1		using cmatch = match_results<const char*>
598	re.syn	regex	std::pmr::wcmatch	alias	1		using wcmatch = match_results<const wchar_t*>
599	re.syn	regex	std::pmr::smatch	alias	1		using smatch = match_results<string::const_iterator>
600	re.syn	regex	std::pmr::wsmatch	alias	1		using wsmatch = match_results<wstring::const_iterator>
601	re.synopt	regex	std::regex_constants::syntax_option_type	alias	1		using syntax_option_type = ⟨T1⟩
602	re.synopt	regex	std::regex_constants::icase	variable	1		inline constexpr syntax_option_type icase = ⟨unspecified⟩
603	re.synopt	regex	std::regex_constants::nosubs	variable	1		inline constexpr syntax_option_type nosubs = ⟨unspecified⟩
604	re.synopt	regex	std::regex_constants::optimize	variable	1		inline constexpr syntax_option_type optimize = ⟨unspecified⟩
605	re.synopt	regex	std::regex_constants::collate	variable	1		inline constexpr syntax_option_type collate = ⟨unspecified⟩
606	re.synopt	regex	std::regex_constants::ECMAScript	variable	1		inline constexpr syntax_option_type ECMAScript = ⟨unspecified⟩
607	re.synopt	regex	std::regex_constants::basic	variable	1		inline constexpr syntax_option_type basic = ⟨unspecified⟩
608	re.synopt	regex	std::regex_constants::extended	variable	1		inline constexpr syntax_option_type extended = ⟨unspecified⟩
609	re.synopt	regex	std::regex_constants::awk	variable	1		inline constexpr syntax_option_type awk = ⟨unspecified⟩
610	re.synopt	regex	std::regex_constants::grep	variable	1		inline constexpr syntax_option_type grep = ⟨unspecified⟩
611	re.synopt	regex	std::regex_constants::egrep	variable	1		inline constexpr syntax_option_type egrep = ⟨unspecified⟩
612	re.synopt	regex	std::regex_constants::multiline	variable	1		inline constexpr syntax_option_type multiline = ⟨unspecified⟩
613	re.matchflag	regex	std::regex_constants::match_flag_type	alias	1		using match_flag_type = ⟨T2⟩
614	re.matchflag	regex	std::regex_constants::match_default	variable	1		inline constexpr match_flag_type match_default = {}
615	re.matchflag	regex	std::regex_constants::match_not_bol	variable	1		inline constexpr match_flag_type match_not_bol = ⟨unspecified⟩
616	re.matchflag	regex	std::regex_constants::match_not_eol	variable	1		inline constexpr match_flag_type match_not_eol = ⟨unspecified⟩
617	re.matchflag	regex	std::regex_constants::match_not_bow	variable	1		inline constexpr match_flag_type match_not_bow = ⟨unspecified⟩
618	re.matchflag	regex	std::regex_constants::match_not_eow	variable	1		inline constexpr match_flag_type match_not_eow = ⟨unspecified⟩
619	re.matchflag	regex	std::regex_constants::match_any	variable	1		inline constexpr match_flag_type match_any = ⟨unspecified⟩
620	re.matchflag	regex	std::regex_constants::match_not_null	variable	1		inline constexpr match_flag_type match_not_null = ⟨unspecified⟩
621	re.matchflag	regex	std::regex_constants::match_continuous	variable	1		inline constexpr match_flag_type match_continuous = ⟨unspecified⟩
622	re.matchflag	regex	std::regex_constants::match_prev_avail	variable	1		inline constexpr match_flag_type match_prev_avail = ⟨unspecified⟩
623	re.matchflag	regex	std::regex_constants::format_default	variable	1		inline constexpr match_flag_type format_default = {}
624	re.matchflag	regex	std::regex_constants::format_sed	variable	1		inline constexpr match_flag_type format_sed = ⟨unspecified⟩
625	re.matchflag	regex	std::regex_constants::format_no_copy	variable	1		inline constexpr match_flag_type format_no_copy = ⟨unspecified⟩
626	re.matchflag	regex	std::regex_constants::format_first_only	variable	1		inline constexpr match_flag_type format_first_only = ⟨unspecified⟩
627	re.err	regex	std::regex_constants::error_type	alias	1		using error_type = ⟨T3⟩
628	re.err	regex	std::regex_constants::error_collate	variable	1		inline constexpr error_type error_collate = ⟨unspecified⟩
629	re.err	regex	std::regex_constants::error_ctype	variable	1		inline constexpr error_type error_ctype = ⟨unspecified⟩
630	re.err	regex	std::regex_constants::error_escape	variable	1		inline constexpr error_type error_escape = ⟨unspecified⟩
631	re.err	regex	std::regex_constants::error_backref	variable	1		inline constexpr error_type error_backref = ⟨unspecified⟩
632	re.err	regex	std::regex_constants::error_brack	variable	1		inline constexpr error_type error_brack = ⟨unspecified⟩
633	re.err	regex	std::regex_constants::error_paren	variable	1		inline constexpr error_type error_paren = ⟨unspecified⟩
634	re.err	regex	std::regex_constants::error_brace	variable	1		inline constexpr error_type error_brace = ⟨unspecified⟩
635	re.err	regex	std::regex_constants::error_badbrace	variable	1		inline constexpr error_type error_badbrace = ⟨unspecified⟩
636	re.err	regex	std::regex_constants::error_range	variable	1		inline constexpr error_type error_range = ⟨unspecified⟩
637	re.err	regex	std::regex_constants::error_space	variable	1		inline constexpr error_type error_space = ⟨unspecified⟩
638	re.err	regex	std::regex_constants::error_badrepeat	variable	1		inline constexpr error_type error_badrepeat = ⟨unspecified⟩
639	re.err	regex	std::regex_constants::error_complexity	variable	1		inline constexpr error_type error_complexity = ⟨unspecified⟩
640	re.err	regex	std::regex_constants::error_stack	variable	1		inline constexpr error_type error_stack = ⟨unspecified⟩
641	re.badexp	regex	std::regex_error	classdef	2		class regex_error:public runtime_error
642	re.badexp	regex	std::regex_error::regex_error	function	1		explicit regex_error(regex_constants::error_type ecode)
643	re.badexp	regex	std::regex_error::code	function	1		regex_constants::error_type code()const
644	re.traits	regex	std::regex_traits	classdef	1	presence only: presence	struct regex_traits
645	re.traits	regex	std::regex_traits::char_type	alias	1		using char_type = charT
646	re.traits	regex	std::regex_traits::string_type	alias	1		using string_type = basic_string<char_type>
647	re.traits	regex	std::regex_traits::locale_type	alias	1		using locale_type = locale
648	re.traits	regex	std::regex_traits::char_class_type	alias	1		using char_class_type = ⟨bitmask_type⟩
649	re.traits	regex	std::regex_traits::regex_traits	function	1		regex_traits()
650	re.traits	regex	std::regex_traits::length	function	1		static size_t length(const char_type*p)
651	re.traits	regex	std::regex_traits::translate	function	1		charT translate(charT c)const
652	re.traits	regex	std::regex_traits::translate_nocase	function	1		charT translate_nocase(charT c)const
653	re.traits	regex	std::regex_traits::transform	function	1		string_type transform(ForwardIterator first, ForwardIterator last)const
654	re.traits	regex	std::regex_traits::transform_primary	function	1		string_type transform_primary(ForwardIterator first, ForwardIterator last)const
655	re.traits	regex	std::regex_traits::lookup_collatename	function	1		string_type lookup_collatename(ForwardIterator first, ForwardIterator last)const
656	re.traits	regex	std::regex_traits::lookup_classname	function	2		char_class_type lookup_classname(ForwardIterator first, ForwardIterator last, bool icase = false)const
657	re.traits	regex	std::regex_traits::isctype	function	1		bool isctype(charT c, char_class_type f)const
658	re.traits	regex	std::regex_traits::value	function	1		int value(charT ch, int radix)const
659	re.traits	regex	std::regex_traits::imbue	function	1		locale_type imbue(locale_type l)
660	re.traits	regex	std::regex_traits::getloc	function	1		locale_type getloc()const
661	re.regex.general	regex	std::basic_regex	classdef	1	presence only: presence	class basic_regex
662	re.regex.general	regex	std::basic_regex::value_type	alias	1		using value_type = charT
663	re.regex.general	regex	std::basic_regex::traits_type	alias	1		using traits_type = traits
664	re.regex.general	regex	std::basic_regex::string_type	alias	1		using string_type = traits::string_type
665	re.regex.general	regex	std::basic_regex::flag_type	alias	1		using flag_type = regex_constants::syntax_option_type
666	re.regex.general	regex	std::basic_regex::locale_type	alias	1		using locale_type = traits::locale_type
667	re.regex.general	regex	std::basic_regex::icase	variable	1		static constexpr flag_type icase = regex_constants::icase
668	re.regex.general	regex	std::basic_regex::nosubs	variable	1		static constexpr flag_type nosubs = regex_constants::nosubs
669	re.regex.general	regex	std::basic_regex::optimize	variable	1		static constexpr flag_type optimize = regex_constants::optimize
670	re.regex.general	regex	std::basic_regex::collate	variable	1		static constexpr flag_type collate = regex_constants::collate
671	re.regex.general	regex	std::basic_regex::ECMAScript	variable	1		static constexpr flag_type ECMAScript = regex_constants::ECMAScript
672	re.regex.general	regex	std::basic_regex::basic	variable	1		static constexpr flag_type basic = regex_constants::basic
673	re.regex.general	regex	std::basic_regex::extended	variable	1		static constexpr flag_type extended = regex_constants::extended
674	re.regex.general	regex	std::basic_regex::awk	variable	1		static constexpr flag_type awk = regex_constants::awk
675	re.regex.general	regex	std::basic_regex::grep	variable	1		static constexpr flag_type grep = regex_constants::grep
676	re.regex.general	regex	std::basic_regex::egrep	variable	1		static constexpr flag_type egrep = regex_constants::egrep
677	re.regex.general	regex	std::basic_regex::multiline	variable	1		static constexpr flag_type multiline = regex_constants::multiline
678	re.regex.general	regex	std::basic_regex::basic_regex	function	1		basic_regex()
679	re.regex.general	regex	std::basic_regex::basic_regex	function	2		explicit basic_regex(const charT*p, flag_type f = regex_constants::ECMAScript)
680	re.regex.general	regex	std::basic_regex::basic_regex	function	2		basic_regex(const charT*p, size_t len, flag_type f = regex_constants::ECMAScript)
681	re.regex.general	regex	std::basic_regex::basic_regex	function	1		basic_regex(const basic_regex&)
682	re.regex.general	regex	std::basic_regex::basic_regex	function	1		basic_regex(basic_regex&&)noexcept
683	re.regex.general	regex	std::basic_regex::basic_regex	function	2		explicit basic_regex(const basic_string<charT, ST, SA>&s, flag_type f = regex_constants::ECMAScript)
684	re.regex.general	regex	std::basic_regex::basic_regex	function	2		basic_regex(ForwardIterator first, ForwardIterator last, flag_type f = regex_constants::ECMAScript)
685	re.regex.general	regex	std::basic_regex::basic_regex	function	2		basic_regex(initializer_list<charT>il, flag_type f = regex_constants::ECMAScript)
686	re.regex.general	regex	std::basic_regex::~basic_regex	function	1		~basic_regex()
687	re.regex.general	regex	std::basic_regex::operator=	function	1		basic_regex&operator = (const basic_regex&e)
688	re.regex.general	regex	std::basic_regex::operator=	function	1		basic_regex&operator = (basic_regex&&e)noexcept
689	re.regex.general	regex	std::basic_regex::operator=	function	1		basic_regex&operator = (const charT*p)
690	re.regex.general	regex	std::basic_regex::operator=	function	1		basic_regex&operator = (initializer_list<charT>il)
691	re.regex.general	regex	std::basic_regex::operator=	function	1		basic_regex&operator = (const basic_string<charT, ST, SA>&s)
692	re.regex.general	regex	std::basic_regex::assign	function	1		basic_regex&assign(const basic_regex&e)
693	re.regex.general	regex	std::basic_regex::assign	function	1		basic_regex&assign(basic_regex&&e)noexcept
694	re.regex.general	regex	std::basic_regex::assign	function	2		basic_regex&assign(const charT*p, flag_type f = regex_constants::ECMAScript)
695	re.regex.general	regex	std::basic_regex::assign	function	2		basic_regex&assign(const charT*p, size_t len, flag_type f = regex_constants::ECMAScript)
696	re.regex.general	regex	std::basic_regex::assign	function	2		basic_regex&assign(const basic_string<charT, ST, SA>&s, flag_type f = regex_constants::ECMAScript)
697	re.regex.general	regex	std::basic_regex::assign	function	2		basic_regex&assign(InputIterator first, InputIterator last, flag_type f = regex_constants::ECMAScript)
698	re.regex.general	regex	std::basic_regex::assign	function	2		basic_regex&assign(initializer_list<charT>, flag_type f = regex_constants::ECMAScript)
699	re.regex.general	regex	std::basic_regex::mark_count	function	1		unsigned mark_count()const
700	re.regex.general	regex	std::basic_regex::flags	function	1		flag_type flags()const
701	re.regex.general	regex	std::basic_regex::imbue	function	1		locale_type imbue(locale_type loc)
702	re.regex.general	regex	std::basic_regex::getloc	function	1		locale_type getloc()const
703	re.regex.general	regex	std::basic_regex::swap	function	1		void swap(basic_regex&)
704	re.regex.general	regex	std::basic_regex	guide	1		basic_regex(ForwardIterator, ForwardIterator, regex_constants::syntax_option_type = regex_constants::ECMAScript)->basic_regex<typename iterator_traits<ForwardIterator>::value_type>
705	re.submatch.general	regex	std::sub_match	classdef	2		class sub_match:public pair<BidirectionalIterator, BidirectionalIterator>
706	re.submatch.general	regex	std::sub_match::value_type	alias	1		using value_type = iterator_traits<BidirectionalIterator>::value_type
707	re.submatch.general	regex	std::sub_match::difference_type	alias	1		using difference_type = iterator_traits<BidirectionalIterator>::difference_type
708	re.submatch.general	regex	std::sub_match::iterator	alias	1		using iterator = BidirectionalIterator
709	re.submatch.general	regex	std::sub_match::string_type	alias	1		using string_type = basic_string<value_type>
710	re.submatch.general	regex	std::sub_match::matched	variable	1		bool matched
711	re.submatch.general	regex	std::sub_match::sub_match	function	1		constexpr sub_match()
712	re.submatch.general	regex	std::sub_match::length	function	1		difference_type length()const
713	re.submatch.general	regex	std::sub_match::operator string_type	function	1		operator string_type()const
714	re.submatch.general	regex	std::sub_match::str	function	1		string_type str()const
715	re.submatch.general	regex	std::sub_match::compare	function	1		int compare(const sub_match&s)const
716	re.submatch.general	regex	std::sub_match::compare	function	1		int compare(const string_type&s)const
717	re.submatch.general	regex	std::sub_match::compare	function	1		int compare(const value_type*s)const
718	re.submatch.general	regex	std::sub_match::swap	function	1		void swap(sub_match&s)noexcept(⟨see below⟩)
719	re.results.general	regex	std::match_results	classdef	1	presence only: presence	class match_results
720	re.results.general	regex	std::match_results::value_type	alias	1		using value_type = sub_match<BidirectionalIterator>
721	re.results.general	regex	std::match_results::const_reference	alias	1		using const_reference = const value_type&
722	re.results.general	regex	std::match_results::reference	alias	1		using reference = value_type&
723	re.results.general	regex	std::match_results::const_iterator	alias	1		using const_iterator = ⟨implementation-defined⟩
724	re.results.general	regex	std::match_results::iterator	alias	1		using iterator = const_iterator
725	re.results.general	regex	std::match_results::difference_type	alias	1		using difference_type = iterator_traits<BidirectionalIterator>::difference_type
726	re.results.general	regex	std::match_results::size_type	alias	1		using size_type = allocator_traits<Allocator>::size_type
727	re.results.general	regex	std::match_results::allocator_type	alias	1		using allocator_type = Allocator
728	re.results.general	regex	std::match_results::char_type	alias	1		using char_type = iterator_traits<BidirectionalIterator>::value_type
729	re.results.general	regex	std::match_results::string_type	alias	1		using string_type = basic_string<char_type>
730	re.results.general	regex	std::match_results::match_results	function	1		match_results():match_results(Allocator())
731	re.results.general	regex	std::match_results::match_results	function	1		explicit match_results(const Allocator&a)
732	re.results.general	regex	std::match_results::match_results	function	1		match_results(const match_results&m)
733	re.results.general	regex	std::match_results::match_results	function	1		match_results(const match_results&m, const Allocator&a)
734	re.results.general	regex	std::match_results::match_results	function	1		match_results(match_results&&m)noexcept
735	re.results.general	regex	std::match_results::match_results	function	1		match_results(match_results&&m, const Allocator&a)
736	re.results.general	regex	std::match_results::operator=	function	1		match_results&operator = (const match_results&m)
737	re.results.general	regex	std::match_results::operator=	function	1		match_results&operator = (match_results&&m)
738	re.results.general	regex	std::match_results::~match_results	function	1		~match_results()
739	re.results.general	regex	std::match_results::ready	function	1		bool ready()const
740	re.results.general	regex	std::match_results::size	function	1		size_type size()const
741	re.results.general	regex	std::match_results::max_size	function	1		size_type max_size()const
742	re.results.general	regex	std::match_results::empty	function	1		bool empty()const
743	re.results.general	regex	std::match_results::length	function	2		difference_type length(size_type sub = 0)const
744	re.results.general	regex	std::match_results::position	function	2		difference_type position(size_type sub = 0)const
745	re.results.general	regex	std::match_results::str	function	2		string_type str(size_type sub = 0)const
746	re.results.general	regex	std::match_results::operator[]	function	1		const_reference operator[](size_type n)const
747	re.results.general	regex	std::match_results::prefix	function	1		const_reference prefix()const
748	re.results.general	regex	std::match_results::suffix	function	1		const_reference suffix()const
749	re.results.general	regex	std::match_results::begin	function	1		const_iterator begin()const
750	re.results.general	regex	std::match_results::end	function	1		const_iterator end()const
751	re.results.general	regex	std::match_results::cbegin	function	1		const_iterator cbegin()const
752	re.results.general	regex	std::match_results::cend	function	1		const_iterator cend()const
753	re.results.general	regex	std::match_results::format	function	2		OutputIter format(OutputIter out, const char_type*fmt_first, const char_type*fmt_last, regex_constants::match_flag_type flags = regex_constants::format_default)const
754	re.results.general	regex	std::match_results::format	function	2		OutputIter format(OutputIter out, const basic_string<char_type, ST, SA>&fmt, regex_constants::match_flag_type flags = regex_constants::format_default)const
755	re.results.general	regex	std::match_results::format	function	2		basic_string<char_type, ST, SA>format(const basic_string<char_type, ST, SA>&fmt, regex_constants::match_flag_type flags = regex_constants::format_default)const
756	re.results.general	regex	std::match_results::format	function	2		string_type format(const char_type*fmt, regex_constants::match_flag_type flags = regex_constants::format_default)const
757	re.results.general	regex	std::match_results::get_allocator	function	1		allocator_type get_allocator()const
758	re.results.general	regex	std::match_results::swap	function	1		void swap(match_results&that)
759	re.regiter.general	regex	std::regex_iterator	classdef	1	presence only: presence	class regex_iterator
760	re.regiter.general	regex	std::regex_iterator::regex_type	alias	1		using regex_type = basic_regex<charT, traits>
761	re.regiter.general	regex	std::regex_iterator::iterator_category	alias	1		using iterator_category = forward_iterator_tag
762	re.regiter.general	regex	std::regex_iterator::iterator_concept	alias	1		using iterator_concept = input_iterator_tag
763	re.regiter.general	regex	std::regex_iterator::value_type	alias	1		using value_type = match_results<BidirectionalIterator>
764	re.regiter.general	regex	std::regex_iterator::difference_type	alias	1		using difference_type = ptrdiff_t
765	re.regiter.general	regex	std::regex_iterator::pointer	alias	1		using pointer = const value_type*
766	re.regiter.general	regex	std::regex_iterator::reference	alias	1		using reference = const value_type&
767	re.regiter.general	regex	std::regex_iterator::regex_iterator	function	1		regex_iterator()
768	re.regiter.general	regex	std::regex_iterator::regex_iterator	function	2		regex_iterator(BidirectionalIterator a, BidirectionalIterator b, const regex_type&re, regex_constants::match_flag_type m = regex_constants::match_default)
769	re.regiter.general	regex	std::regex_iterator::regex_iterator	function	1		regex_iterator(BidirectionalIterator, BidirectionalIterator, const regex_type&&, regex_constants::match_flag_type = regex_constants::match_default) = delete
770	re.regiter.general	regex	std::regex_iterator::regex_iterator	function	1		regex_iterator(const regex_iterator&)
771	re.regiter.general	regex	std::regex_iterator::operator=	function	1		regex_iterator&operator = (const regex_iterator&)
772	re.regiter.general	regex	std::regex_iterator::operator==	function	1		bool operator==(const regex_iterator&)const
773	re.regiter.general	regex	std::regex_iterator::operator==	function	1		bool operator==(default_sentinel_t)const
774	re.regiter.general	regex	std::regex_iterator::operator*	function	1		const value_type&operator*()const
775	re.regiter.general	regex	std::regex_iterator::operator->	function	1		const value_type*operator->()const
776	re.regiter.general	regex	std::regex_iterator::operator++	function	1		regex_iterator&operator++()
777	re.regiter.general	regex	std::regex_iterator::operator++	function	1		regex_iterator operator++(int) = default
778	re.tokiter.general	regex	std::regex_token_iterator	classdef	1	presence only: presence	class regex_token_iterator
779	re.tokiter.general	regex	std::regex_token_iterator::regex_type	alias	1		using regex_type = basic_regex<charT, traits>
780	re.tokiter.general	regex	std::regex_token_iterator::iterator_category	alias	1		using iterator_category = forward_iterator_tag
781	re.tokiter.general	regex	std::regex_token_iterator::iterator_concept	alias	1		using iterator_concept = input_iterator_tag
782	re.tokiter.general	regex	std::regex_token_iterator::value_type	alias	1		using value_type = sub_match<BidirectionalIterator>
783	re.tokiter.general	regex	std::regex_token_iterator::difference_type	alias	1		using difference_type = ptrdiff_t
784	re.tokiter.general	regex	std::regex_token_iterator::pointer	alias	1		using pointer = const value_type*
785	re.tokiter.general	regex	std::regex_token_iterator::reference	alias	1		using reference = const value_type&
786	re.tokiter.general	regex	std::regex_token_iterator::regex_token_iterator	function	1		regex_token_iterator()
787	re.tokiter.general	regex	std::regex_token_iterator::regex_token_iterator	function	2		regex_token_iterator(BidirectionalIterator a, BidirectionalIterator b, const regex_type&re, int submatch = 0, regex_constants::match_flag_type m = regex_constants::match_default)
788	re.tokiter.general	regex	std::regex_token_iterator::regex_token_iterator	function	2		regex_token_iterator(BidirectionalIterator a, BidirectionalIterator b, const regex_type&re, const vector<int>&submatches, regex_constants::match_flag_type m = regex_constants::match_default)
789	re.tokiter.general	regex	std::regex_token_iterator::regex_token_iterator	function	2		regex_token_iterator(BidirectionalIterator a, BidirectionalIterator b, const regex_type&re, initializer_list<int>submatches, regex_constants::match_flag_type m = regex_constants::match_default)
790	re.tokiter.general	regex	std::regex_token_iterator::regex_token_iterator	function	2		regex_token_iterator(BidirectionalIterator a, BidirectionalIterator b, const regex_type&re, const int(&submatches)[N], regex_constants::match_flag_type m = regex_constants::match_default)
791	re.tokiter.general	regex	std::regex_token_iterator::regex_token_iterator	function	1		regex_token_iterator(BidirectionalIterator a, BidirectionalIterator b, const regex_type&&re, int submatch = 0, regex_constants::match_flag_type m = regex_constants::match_default) = delete
792	re.tokiter.general	regex	std::regex_token_iterator::regex_token_iterator	function	1		regex_token_iterator(BidirectionalIterator a, BidirectionalIterator b, const regex_type&&re, const vector<int>&submatches, regex_constants::match_flag_type m = regex_constants::match_default) = delete
793	re.tokiter.general	regex	std::regex_token_iterator::regex_token_iterator	function	1		regex_token_iterator(BidirectionalIterator a, BidirectionalIterator b, const regex_type&&re, initializer_list<int>submatches, regex_constants::match_flag_type m = regex_constants::match_default) = delete
794	re.tokiter.general	regex	std::regex_token_iterator::regex_token_iterator	function	1		regex_token_iterator(BidirectionalIterator a, BidirectionalIterator b, const regex_type&&re, const int(&submatches)[N], regex_constants::match_flag_type m = regex_constants::match_default) = delete
795	re.tokiter.general	regex	std::regex_token_iterator::regex_token_iterator	function	1		regex_token_iterator(const regex_token_iterator&)
796	re.tokiter.general	regex	std::regex_token_iterator::operator=	function	1		regex_token_iterator&operator = (const regex_token_iterator&)
797	re.tokiter.general	regex	std::regex_token_iterator::operator==	function	1		bool operator==(const regex_token_iterator&)const
798	re.tokiter.general	regex	std::regex_token_iterator::operator==	function	1		bool operator==(default_sentinel_t)const
799	re.tokiter.general	regex	std::regex_token_iterator::operator*	function	1		const value_type&operator*()const
800	re.tokiter.general	regex	std::regex_token_iterator::operator->	function	1		const value_type*operator->()const
801	re.tokiter.general	regex	std::regex_token_iterator::operator++	function	1		regex_token_iterator&operator++()
802	re.tokiter.general	regex	std::regex_token_iterator::operator++	function	1		regex_token_iterator operator++(int) = default
803	cctype.syn	cctype	std::isalnum	function	1		int isalnum(int c)
804	cctype.syn	cctype	std::isalpha	function	1		int isalpha(int c)
805	cctype.syn	cctype	std::isblank	function	1		int isblank(int c)
806	cctype.syn	cctype	std::iscntrl	function	1		int iscntrl(int c)
807	cctype.syn	cctype	std::isdigit	function	1		int isdigit(int c)
808	cctype.syn	cctype	std::isgraph	function	1		int isgraph(int c)
809	cctype.syn	cctype	std::islower	function	1		int islower(int c)
810	cctype.syn	cctype	std::isprint	function	1		int isprint(int c)
811	cctype.syn	cctype	std::ispunct	function	1		int ispunct(int c)
812	cctype.syn	cctype	std::isspace	function	1		int isspace(int c)
813	cctype.syn	cctype	std::isupper	function	1		int isupper(int c)
814	cctype.syn	cctype	std::isxdigit	function	1		int isxdigit(int c)
815	cctype.syn	cctype	std::tolower	function	1		int tolower(int c)
816	cctype.syn	cctype	std::toupper	function	1		int toupper(int c)
817	cwctype.syn	cwctype	std::wint_t	alias	1		using wint_t = ⟨see below⟩
818	cwctype.syn	cwctype	std::wctrans_t	alias	1		using wctrans_t = ⟨see below⟩
819	cwctype.syn	cwctype	std::wctype_t	alias	1		using wctype_t = ⟨see below⟩
820	cwctype.syn	cwctype	std::iswalnum	function	1		int iswalnum(wint_t wc)
821	cwctype.syn	cwctype	std::iswalpha	function	1		int iswalpha(wint_t wc)
822	cwctype.syn	cwctype	std::iswblank	function	1		int iswblank(wint_t wc)
823	cwctype.syn	cwctype	std::iswcntrl	function	1		int iswcntrl(wint_t wc)
824	cwctype.syn	cwctype	std::iswdigit	function	1		int iswdigit(wint_t wc)
825	cwctype.syn	cwctype	std::iswgraph	function	1		int iswgraph(wint_t wc)
826	cwctype.syn	cwctype	std::iswlower	function	1		int iswlower(wint_t wc)
827	cwctype.syn	cwctype	std::iswprint	function	1		int iswprint(wint_t wc)
828	cwctype.syn	cwctype	std::iswpunct	function	1		int iswpunct(wint_t wc)
829	cwctype.syn	cwctype	std::iswspace	function	1		int iswspace(wint_t wc)
830	cwctype.syn	cwctype	std::iswupper	function	1		int iswupper(wint_t wc)
831	cwctype.syn	cwctype	std::iswxdigit	function	1		int iswxdigit(wint_t wc)
832	cwctype.syn	cwctype	std::iswctype	function	1		int iswctype(wint_t wc, wctype_t desc)
833	cwctype.syn	cwctype	std::wctype	function	1		wctype_t wctype(const char*property)
834	cwctype.syn	cwctype	std::towlower	function	1		wint_t towlower(wint_t wc)
835	cwctype.syn	cwctype	std::towupper	function	1		wint_t towupper(wint_t wc)
836	cwctype.syn	cwctype	std::towctrans	function	1		wint_t towctrans(wint_t wc, wctrans_t desc)
837	cwctype.syn	cwctype	std::wctrans	function	1		wctrans_t wctrans(const char*property)
838	cwchar.syn	cwchar	std::size_t	alias	1		using size_t = ⟨see [support.types.layout]⟩
839	cwchar.syn	cwchar	std::mbstate_t	alias	1		using mbstate_t = ⟨see below⟩
840	cwchar.syn	cwchar	std::wint_t	alias	1		using wint_t = ⟨see below⟩
841	cwchar.syn	cwchar	std::tm	classdecl	1	presence only: presence	struct tm
842	cwchar.syn	cwchar	std::fwprintf	function	1		int fwprintf(FILE*stream, const wchar_t*format, ...)
843	cwchar.syn	cwchar	std::fwscanf	function	1		int fwscanf(FILE*stream, const wchar_t*format, ...)
844	cwchar.syn	cwchar	std::swprintf	function	1		int swprintf(wchar_t*s, size_t n, const wchar_t*format, ...)
845	cwchar.syn	cwchar	std::swscanf	function	1		int swscanf(const wchar_t*s, const wchar_t*format, ...)
846	cwchar.syn	cwchar	std::vfwprintf	function	1		int vfwprintf(FILE*stream, const wchar_t*format, va_list arg)
847	cwchar.syn	cwchar	std::vfwscanf	function	1		int vfwscanf(FILE*stream, const wchar_t*format, va_list arg)
848	cwchar.syn	cwchar	std::vswprintf	function	1		int vswprintf(wchar_t*s, size_t n, const wchar_t*format, va_list arg)
849	cwchar.syn	cwchar	std::vswscanf	function	1		int vswscanf(const wchar_t*s, const wchar_t*format, va_list arg)
850	cwchar.syn	cwchar	std::vwprintf	function	1		int vwprintf(const wchar_t*format, va_list arg)
851	cwchar.syn	cwchar	std::vwscanf	function	1		int vwscanf(const wchar_t*format, va_list arg)
852	cwchar.syn	cwchar	std::wprintf	function	1		int wprintf(const wchar_t*format, ...)
853	cwchar.syn	cwchar	std::wscanf	function	1		int wscanf(const wchar_t*format, ...)
854	cwchar.syn	cwchar	std::fgetwc	function	1		wint_t fgetwc(FILE*stream)
855	cwchar.syn	cwchar	std::fgetws	function	1		wchar_t*fgetws(wchar_t*s, int n, FILE*stream)
856	cwchar.syn	cwchar	std::fputwc	function	1		wint_t fputwc(wchar_t c, FILE*stream)
857	cwchar.syn	cwchar	std::fputws	function	1		int fputws(const wchar_t*s, FILE*stream)
858	cwchar.syn	cwchar	std::fwide	function	1		int fwide(FILE*stream, int mode)
859	cwchar.syn	cwchar	std::getwc	function	1		wint_t getwc(FILE*stream)
860	cwchar.syn	cwchar	std::getwchar	function	1		wint_t getwchar()
861	cwchar.syn	cwchar	std::putwc	function	1		wint_t putwc(wchar_t c, FILE*stream)
862	cwchar.syn	cwchar	std::putwchar	function	1		wint_t putwchar(wchar_t c)
863	cwchar.syn	cwchar	std::ungetwc	function	1		wint_t ungetwc(wint_t c, FILE*stream)
864	cwchar.syn	cwchar	std::wcstod	function	1		double wcstod(const wchar_t*nptr, wchar_t**endptr)
865	cwchar.syn	cwchar	std::wcstof	function	1		float wcstof(const wchar_t*nptr, wchar_t**endptr)
866	cwchar.syn	cwchar	std::wcstold	function	1		long double wcstold(const wchar_t*nptr, wchar_t**endptr)
867	cwchar.syn	cwchar	std::wcstol	function	1		long int wcstol(const wchar_t*nptr, wchar_t**endptr, int base)
868	cwchar.syn	cwchar	std::wcstoll	function	1		long long int wcstoll(const wchar_t*nptr, wchar_t**endptr, int base)
869	cwchar.syn	cwchar	std::wcstoul	function	1		unsigned long int wcstoul(const wchar_t*nptr, wchar_t**endptr, int base)
870	cwchar.syn	cwchar	std::wcstoull	function	1		unsigned long long int wcstoull(const wchar_t*nptr, wchar_t**endptr, int base)
871	cwchar.syn	cwchar	std::wcscpy	function	1		wchar_t*wcscpy(wchar_t*s1, const wchar_t*s2)
872	cwchar.syn	cwchar	std::wcsncpy	function	1		wchar_t*wcsncpy(wchar_t*s1, const wchar_t*s2, size_t n)
873	cwchar.syn	cwchar	std::wmemcpy	function	1		wchar_t*wmemcpy(wchar_t*s1, const wchar_t*s2, size_t n)
874	cwchar.syn	cwchar	std::wmemmove	function	1		wchar_t*wmemmove(wchar_t*s1, const wchar_t*s2, size_t n)
875	cwchar.syn	cwchar	std::wcscat	function	1		wchar_t*wcscat(wchar_t*s1, const wchar_t*s2)
876	cwchar.syn	cwchar	std::wcsncat	function	1		wchar_t*wcsncat(wchar_t*s1, const wchar_t*s2, size_t n)
877	cwchar.syn	cwchar	std::wcscmp	function	1		int wcscmp(const wchar_t*s1, const wchar_t*s2)
878	cwchar.syn	cwchar	std::wcscoll	function	1		int wcscoll(const wchar_t*s1, const wchar_t*s2)
879	cwchar.syn	cwchar	std::wcsncmp	function	1		int wcsncmp(const wchar_t*s1, const wchar_t*s2, size_t n)
880	cwchar.syn	cwchar	std::wcsxfrm	function	1		size_t wcsxfrm(wchar_t*s1, const wchar_t*s2, size_t n)
881	cwchar.syn	cwchar	std::wmemcmp	function	1		int wmemcmp(const wchar_t*s1, const wchar_t*s2, size_t n)
882	cwchar.syn	cwchar	std::wcschr	function	1		const wchar_t*wcschr(const wchar_t*s, wchar_t c)
883	cwchar.syn	cwchar	std::wcschr	function	1		wchar_t*wcschr(wchar_t*s, wchar_t c)
884	cwchar.syn	cwchar	std::wcscspn	function	1		size_t wcscspn(const wchar_t*s1, const wchar_t*s2)
885	cwchar.syn	cwchar	std::wcspbrk	function	1		const wchar_t*wcspbrk(const wchar_t*s1, const wchar_t*s2)
886	cwchar.syn	cwchar	std::wcspbrk	function	1		wchar_t*wcspbrk(wchar_t*s1, const wchar_t*s2)
887	cwchar.syn	cwchar	std::wcsrchr	function	1		const wchar_t*wcsrchr(const wchar_t*s, wchar_t c)
888	cwchar.syn	cwchar	std::wcsrchr	function	1		wchar_t*wcsrchr(wchar_t*s, wchar_t c)
889	cwchar.syn	cwchar	std::wcsspn	function	1		size_t wcsspn(const wchar_t*s1, const wchar_t*s2)
890	cwchar.syn	cwchar	std::wcsstr	function	1		const wchar_t*wcsstr(const wchar_t*s1, const wchar_t*s2)
891	cwchar.syn	cwchar	std::wcsstr	function	1		wchar_t*wcsstr(wchar_t*s1, const wchar_t*s2)
892	cwchar.syn	cwchar	std::wcstok	function	1		wchar_t*wcstok(wchar_t*s1, const wchar_t*s2, wchar_t**ptr)
893	cwchar.syn	cwchar	std::wmemchr	function	1		const wchar_t*wmemchr(const wchar_t*s, wchar_t c, size_t n)
894	cwchar.syn	cwchar	std::wmemchr	function	1		wchar_t*wmemchr(wchar_t*s, wchar_t c, size_t n)
895	cwchar.syn	cwchar	std::wcslen	function	1		size_t wcslen(const wchar_t*s)
896	cwchar.syn	cwchar	std::wmemset	function	1		wchar_t*wmemset(wchar_t*s, wchar_t c, size_t n)
897	cwchar.syn	cwchar	std::wcsftime	function	1		size_t wcsftime(wchar_t*s, size_t maxsize, const wchar_t*format, const tm*timeptr)
898	cwchar.syn	cwchar	std::btowc	function	1		wint_t btowc(int c)
899	cwchar.syn	cwchar	std::wctob	function	1		int wctob(wint_t c)
900	cwchar.syn	cwchar	std::mbsinit	function	1		int mbsinit(const mbstate_t*ps)
901	cwchar.syn	cwchar	std::mbrlen	function	1		size_t mbrlen(const char*s, size_t n, mbstate_t*ps)
902	cwchar.syn	cwchar	std::mbrtowc	function	1		size_t mbrtowc(wchar_t*pwc, const char*s, size_t n, mbstate_t*ps)
903	cwchar.syn	cwchar	std::wcrtomb	function	1		size_t wcrtomb(char*s, wchar_t wc, mbstate_t*ps)
904	cwchar.syn	cwchar	std::mbsrtowcs	function	1		size_t mbsrtowcs(wchar_t*dst, const char**src, size_t len, mbstate_t*ps)
905	cwchar.syn	cwchar	std::wcsrtombs	function	1		size_t wcsrtombs(char*dst, const wchar_t**src, size_t len, mbstate_t*ps)
906	cuchar.syn	cuchar	std::mbstate_t	alias	1		using mbstate_t = ⟨see below⟩
907	cuchar.syn	cuchar	std::size_t	alias	1		using size_t = ⟨see [support.types.layout]⟩
908	cuchar.syn	cuchar	std::mbrtoc8	function	1		size_t mbrtoc8(char8_t*pc8, const char*s, size_t n, mbstate_t*ps)
909	cuchar.syn	cuchar	std::c8rtomb	function	1		size_t c8rtomb(char*s, char8_t c8, mbstate_t*ps)
910	cuchar.syn	cuchar	std::mbrtoc16	function	1		size_t mbrtoc16(char16_t*pc16, const char*s, size_t n, mbstate_t*ps)
911	cuchar.syn	cuchar	std::c16rtomb	function	1		size_t c16rtomb(char*s, char16_t c16, mbstate_t*ps)
912	cuchar.syn	cuchar	std::mbrtoc32	function	1		size_t mbrtoc32(char32_t*pc32, const char*s, size_t n, mbstate_t*ps)
913	cuchar.syn	cuchar	std::c32rtomb	function	1		size_t c32rtomb(char*s, char32_t c32, mbstate_t*ps)
914	cfenv.syn	cfenv	std::fenv_t	alias	1		using fenv_t = ⟨object type⟩
915	cfenv.syn	cfenv	std::fexcept_t	alias	1		using fexcept_t = ⟨object type⟩
916	cfenv.syn	cfenv	std::feclearexcept	function	1		int feclearexcept(int except)
917	cfenv.syn	cfenv	std::fegetexceptflag	function	1		int fegetexceptflag(fexcept_t*pflag, int except)
918	cfenv.syn	cfenv	std::feraiseexcept	function	1		int feraiseexcept(int except)
919	cfenv.syn	cfenv	std::fesetexceptflag	function	1		int fesetexceptflag(const fexcept_t*pflag, int except)
920	cfenv.syn	cfenv	std::fetestexcept	function	1		int fetestexcept(int except)
921	cfenv.syn	cfenv	std::fegetround	function	1		int fegetround()
922	cfenv.syn	cfenv	std::fesetround	function	1		int fesetround(int mode)
923	cfenv.syn	cfenv	std::fegetenv	function	1		int fegetenv(fenv_t*penv)
924	cfenv.syn	cfenv	std::feholdexcept	function	1		int feholdexcept(fenv_t*penv)
925	cfenv.syn	cfenv	std::fesetenv	function	1		int fesetenv(const fenv_t*penv)
926	cfenv.syn	cfenv	std::feupdateenv	function	1		int feupdateenv(const fenv_t*penv)
927	complex.syn	complex	std::complex	classdecl	1	presence only: presence	class complex
928	complex.syn	complex	std::operator+	function	2		constexpr complex<T>operator+(const complex<T>&, const complex<T>&)
929	complex.syn	complex	std::operator+	function	2		constexpr complex<T>operator+(const complex<T>&, const T&)
930	complex.syn	complex	std::operator+	function	2		constexpr complex<T>operator+(const T&, const complex<T>&)
931	complex.syn	complex	std::operator-	function	2		constexpr complex<T>operator-(const complex<T>&, const complex<T>&)
932	complex.syn	complex	std::operator-	function	2		constexpr complex<T>operator-(const complex<T>&, const T&)
933	complex.syn	complex	std::operator-	function	2		constexpr complex<T>operator-(const T&, const complex<T>&)
934	complex.syn	complex	std::operator*	function	2		constexpr complex<T>operator*(const complex<T>&, const complex<T>&)
935	complex.syn	complex	std::operator*	function	2		constexpr complex<T>operator*(const complex<T>&, const T&)
936	complex.syn	complex	std::operator*	function	2		constexpr complex<T>operator*(const T&, const complex<T>&)
937	complex.syn	complex	std::operator/	function	2		constexpr complex<T>operator/(const complex<T>&, const complex<T>&)
938	complex.syn	complex	std::operator/	function	2		constexpr complex<T>operator/(const complex<T>&, const T&)
939	complex.syn	complex	std::operator/	function	2		constexpr complex<T>operator/(const T&, const complex<T>&)
940	complex.syn	complex	std::operator+	function	2		constexpr complex<T>operator+(const complex<T>&)
941	complex.syn	complex	std::operator-	function	2		constexpr complex<T>operator-(const complex<T>&)
942	complex.syn	complex	std::operator==	function	2		constexpr bool operator==(const complex<T>&, const complex<T>&)
943	complex.syn	complex	std::operator==	function	2		constexpr bool operator==(const complex<T>&, const T&)
944	complex.syn	complex	std::operator>>	function	1		basic_istream<charT, traits>&operator>>(basic_istream<charT, traits>&, complex<T>&)
945	complex.syn	complex	std::operator<<	function	1		basic_ostream<charT, traits>&operator<<(basic_ostream<charT, traits>&, const complex<T>&)
946	complex.syn	complex	std::real	function	2		constexpr T real(const complex<T>&)
947	complex.syn	complex	std::imag	function	2		constexpr T imag(const complex<T>&)
948	complex.syn	complex	std::abs	function	2		constexpr T abs(const complex<T>&)
949	complex.syn	complex	std::arg	function	2		constexpr T arg(const complex<T>&)
950	complex.syn	complex	std::norm	function	2		constexpr T norm(const complex<T>&)
951	complex.syn	complex	std::conj	function	2		constexpr complex<T>conj(const complex<T>&)
952	complex.syn	complex	std::proj	function	2		constexpr complex<T>proj(const complex<T>&)
953	complex.syn	complex	std::polar	function	3		constexpr complex<T>polar(const T&, const T& = T())
954	complex.syn	complex	std::acos	function	2		constexpr complex<T>acos(const complex<T>&)
955	complex.syn	complex	std::asin	function	2		constexpr complex<T>asin(const complex<T>&)
956	complex.syn	complex	std::atan	function	2		constexpr complex<T>atan(const complex<T>&)
957	complex.syn	complex	std::acosh	function	2		constexpr complex<T>acosh(const complex<T>&)
958	complex.syn	complex	std::asinh	function	2		constexpr complex<T>asinh(const complex<T>&)
959	complex.syn	complex	std::atanh	function	2		constexpr complex<T>atanh(const complex<T>&)
960	complex.syn	complex	std::cos	function	2		constexpr complex<T>cos(const complex<T>&)
961	complex.syn	complex	std::cosh	function	2		constexpr complex<T>cosh(const complex<T>&)
962	complex.syn	complex	std::exp	function	2		constexpr complex<T>exp(const complex<T>&)
963	complex.syn	complex	std::log	function	2		constexpr complex<T>log(const complex<T>&)
964	complex.syn	complex	std::log10	function	2		constexpr complex<T>log10(const complex<T>&)
965	complex.syn	complex	std::pow	function	2		constexpr complex<T>pow(const complex<T>&, const T&)
966	complex.syn	complex	std::pow	function	2		constexpr complex<T>pow(const complex<T>&, const complex<T>&)
967	complex.syn	complex	std::pow	function	2		constexpr complex<T>pow(const T&, const complex<T>&)
968	complex.syn	complex	std::sin	function	2		constexpr complex<T>sin(const complex<T>&)
969	complex.syn	complex	std::sinh	function	2		constexpr complex<T>sinh(const complex<T>&)
970	complex.syn	complex	std::sqrt	function	2		constexpr complex<T>sqrt(const complex<T>&)
971	complex.syn	complex	std::tan	function	2		constexpr complex<T>tan(const complex<T>&)
972	complex.syn	complex	std::tanh	function	2		constexpr complex<T>tanh(const complex<T>&)
973	complex.syn	complex	std::tuple_size	classdecl	1	presence only: presence	struct tuple_size
974	complex.syn	complex	std::tuple_element	classdecl	1	presence only: presence	struct tuple_element
975	complex.syn	complex	std::tuple_size	classdecl	1		struct tuple_size<complex<T>>
976	complex.syn	complex	std::tuple_element	classdecl	1		struct tuple_element<I, complex<T>>
977	complex.syn	complex	std::get	function	2		constexpr T&get(complex<T>&)noexcept
978	complex.syn	complex	std::get	function	2		constexpr T&&get(complex<T>&&)noexcept
979	complex.syn	complex	std::get	function	2		constexpr const T&get(const complex<T>&)noexcept
980	complex.syn	complex	std::get	function	2		constexpr const T&&get(const complex<T>&&)noexcept
981	complex.syn	complex	std::literals::complex_literals::operator""il	function	2		constexpr complex<long double>operator""il(long double)
982	complex.syn	complex	std::literals::complex_literals::operator""il	function	2		constexpr complex<long double>operator""il(unsigned long long)
983	complex.syn	complex	std::literals::complex_literals::operator""i	function	2		constexpr complex<double>operator""i(long double)
984	complex.syn	complex	std::literals::complex_literals::operator""i	function	2		constexpr complex<double>operator""i(unsigned long long)
985	complex.syn	complex	std::literals::complex_literals::operator""if	function	2		constexpr complex<float>operator""if(long double)
986	complex.syn	complex	std::literals::complex_literals::operator""if	function	2		constexpr complex<float>operator""if(unsigned long long)
987	complex	complex	std::complex	classdef	1	presence only: presence	class complex
988	complex	complex	std::complex::value_type	alias	1		using value_type = T
989	complex	complex	std::complex::complex	function	2		constexpr complex(const T&re = T(), const T&im = T())
990	complex	complex	std::complex::complex	function	1		constexpr complex(const complex&) = default
991	complex	complex	std::complex::complex	function	1		constexpr explicit(⟨see below⟩)complex(const complex<X>&)
992	complex	complex	std::complex::real	function	2		constexpr T real()const
993	complex	complex	std::complex::real	function	2		constexpr void real(T)
994	complex	complex	std::complex::imag	function	2		constexpr T imag()const
995	complex	complex	std::complex::imag	function	2		constexpr void imag(T)
996	complex	complex	std::complex::operator=	function	2		constexpr complex&operator = (const T&)
997	complex	complex	std::complex::operator+=	function	2		constexpr complex&operator+=(const T&)
998	complex	complex	std::complex::operator-=	function	2		constexpr complex&operator-=(const T&)
999	complex	complex	std::complex::operator*=	function	2		constexpr complex&operator*=(const T&)
1000	complex	complex	std::complex::operator/=	function	2		constexpr complex&operator/=(const T&)
1001	complex	complex	std::complex::operator=	function	2		constexpr complex&operator = (const complex&)
1002	complex	complex	std::complex::operator=	function	2		constexpr complex&operator = (const complex<X>&)
1003	complex	complex	std::complex::operator+=	function	2		constexpr complex&operator+=(const complex<X>&)
1004	complex	complex	std::complex::operator-=	function	2		constexpr complex&operator-=(const complex<X>&)
1005	complex	complex	std::complex::operator*=	function	2		constexpr complex&operator*=(const complex<X>&)
1006	complex	complex	std::complex::operator/=	function	2		constexpr complex&operator/=(const complex<X>&)
1007	rand.synopsis	random	std::uniform_random_bit_generator	concept	1	presence only: presence	concept uniform_random_bit_generator = ⟨see below⟩
1008	rand.synopsis	random	std::linear_congruential_engine	classdecl	1	presence only: presence	class linear_congruential_engine
1009	rand.synopsis	random	std::mersenne_twister_engine	classdecl	1	presence only: presence	class mersenne_twister_engine
1010	rand.synopsis	random	std::subtract_with_carry_engine	classdecl	1	presence only: presence	class subtract_with_carry_engine
1011	rand.synopsis	random	std::discard_block_engine	classdecl	1	presence only: presence	class discard_block_engine
1012	rand.synopsis	random	std::independent_bits_engine	classdecl	1	presence only: presence	class independent_bits_engine
1013	rand.synopsis	random	std::shuffle_order_engine	classdecl	1	presence only: presence	class shuffle_order_engine
1014	rand.synopsis	random	std::philox_engine	classdecl	1	presence only: presence	class philox_engine
1015	rand.synopsis	random	std::minstd_rand0	alias	1		using minstd_rand0 = ⟨see below⟩
1016	rand.synopsis	random	std::minstd_rand	alias	1		using minstd_rand = ⟨see below⟩
1017	rand.synopsis	random	std::mt19937	alias	1		using mt19937 = ⟨see below⟩
1018	rand.synopsis	random	std::mt19937_64	alias	1		using mt19937_64 = ⟨see below⟩
1019	rand.synopsis	random	std::ranlux24_base	alias	1		using ranlux24_base = ⟨see below⟩
1020	rand.synopsis	random	std::ranlux48_base	alias	1		using ranlux48_base = ⟨see below⟩
1021	rand.synopsis	random	std::ranlux24	alias	1		using ranlux24 = ⟨see below⟩
1022	rand.synopsis	random	std::ranlux48	alias	1		using ranlux48 = ⟨see below⟩
1023	rand.synopsis	random	std::knuth_b	alias	1		using knuth_b = ⟨see below⟩
1024	rand.synopsis	random	std::philox4x32	alias	1		using philox4x32 = ⟨see below⟩
1025	rand.synopsis	random	std::philox4x64	alias	1		using philox4x64 = ⟨see below⟩
1026	rand.synopsis	random	std::default_random_engine	alias	1		using default_random_engine = ⟨see below⟩
1027	rand.synopsis	random	std::random_device	classdecl	1	presence only: presence	class random_device
1028	rand.synopsis	random	std::seed_seq	classdecl	1	presence only: presence	class seed_seq
1029	rand.synopsis	random	std::generate_canonical	function	1		RealType generate_canonical(URBG&g)
1030	rand.synopsis	random	std::ranges::generate_random	function	0	not probed (no sample, or a hidden friend whose signature is exposition-only)	requires output_range<R, invoke_result_t<G&>>&&uniform_random_bit_generator<remove_cvref_t<G>>constexpr borrowed_iterator_t<R>generate_random(R&&r, G&&g)
1031	rand.synopsis	random	std::ranges::generate_random	function	0	not probed (no sample, or a hidden friend whose signature is exposition-only)	requires uniform_random_bit_generator<remove_cvref_t<G>>constexpr O generate_random(O first, S last, G&&g)
1032	rand.synopsis	random	std::ranges::generate_random	function	0	not probed (no sample, or a hidden friend whose signature is exposition-only)	requires output_range<R, invoke_result_t<D&, G&>>&&invocable<D&, G&>&&uniform_random_bit_generator<remove_cvref_t<G>>&&is_arithmetic_v<invoke_result_t<D&, G&>>constexpr borrowed_iterator_t<R>generate_random(R&&r, G&&g, D&&d)
1033	rand.synopsis	random	std::ranges::generate_random	function	0	not probed (no sample, or a hidden friend whose signature is exposition-only)	requires invocable<D&, G&>&&uniform_random_bit_generator<remove_cvref_t<G>>&&is_arithmetic_v<invoke_result_t<D&, G&>>constexpr O generate_random(O first, S last, G&&g, D&&d)
1034	rand.synopsis	random	std::uniform_int_distribution	classdecl	1	presence only: presence	class uniform_int_distribution
1035	rand.synopsis	random	std::uniform_real_distribution	classdecl	1	presence only: presence	class uniform_real_distribution
1036	rand.synopsis	random	std::bernoulli_distribution	classdecl	1	presence only: presence	class bernoulli_distribution
1037	rand.synopsis	random	std::binomial_distribution	classdecl	1	presence only: presence	class binomial_distribution
1038	rand.synopsis	random	std::geometric_distribution	classdecl	1	presence only: presence	class geometric_distribution
1039	rand.synopsis	random	std::negative_binomial_distribution	classdecl	1	presence only: presence	class negative_binomial_distribution
1040	rand.synopsis	random	std::poisson_distribution	classdecl	1	presence only: presence	class poisson_distribution
1041	rand.synopsis	random	std::exponential_distribution	classdecl	1	presence only: presence	class exponential_distribution
1042	rand.synopsis	random	std::gamma_distribution	classdecl	1	presence only: presence	class gamma_distribution
1043	rand.synopsis	random	std::weibull_distribution	classdecl	1	presence only: presence	class weibull_distribution
1044	rand.synopsis	random	std::extreme_value_distribution	classdecl	1	presence only: presence	class extreme_value_distribution
1045	rand.synopsis	random	std::normal_distribution	classdecl	1	presence only: presence	class normal_distribution
1046	rand.synopsis	random	std::lognormal_distribution	classdecl	1	presence only: presence	class lognormal_distribution
1047	rand.synopsis	random	std::chi_squared_distribution	classdecl	1	presence only: presence	class chi_squared_distribution
1048	rand.synopsis	random	std::cauchy_distribution	classdecl	1	presence only: presence	class cauchy_distribution
1049	rand.synopsis	random	std::fisher_f_distribution	classdecl	1	presence only: presence	class fisher_f_distribution
1050	rand.synopsis	random	std::student_t_distribution	classdecl	1	presence only: presence	class student_t_distribution
1051	rand.synopsis	random	std::discrete_distribution	classdecl	1	presence only: presence	class discrete_distribution
1052	rand.synopsis	random	std::piecewise_constant_distribution	classdecl	1	presence only: presence	class piecewise_constant_distribution
1053	rand.synopsis	random	std::piecewise_linear_distribution	classdecl	1	presence only: presence	class piecewise_linear_distribution
1054	rand.eng.lcong	random	std::linear_congruential_engine	classdef	1	presence only: presence	class linear_congruential_engine
1055	rand.eng.lcong	random	std::linear_congruential_engine::result_type	alias	1		using result_type = UIntType
1056	rand.eng.lcong	random	std::linear_congruential_engine::multiplier	variable	1		static constexpr result_type multiplier = a
1057	rand.eng.lcong	random	std::linear_congruential_engine::increment	variable	1		static constexpr result_type increment = c
1058	rand.eng.lcong	random	std::linear_congruential_engine::modulus	variable	1		static constexpr result_type modulus = m
1059	rand.eng.lcong	random	std::linear_congruential_engine::min	function	2		static constexpr result_type min()
1060	rand.eng.lcong	random	std::linear_congruential_engine::max	function	2		static constexpr result_type max()
1061	rand.eng.lcong	random	std::linear_congruential_engine::default_seed	variable	1		static constexpr result_type default_seed = 1u
1062	rand.eng.lcong	random	std::linear_congruential_engine::linear_congruential_engine	function	1		linear_congruential_engine():linear_congruential_engine(default_seed)
1063	rand.eng.lcong	random	std::linear_congruential_engine::linear_congruential_engine	function	1		explicit linear_congruential_engine(result_type s)
1064	rand.eng.lcong	random	std::linear_congruential_engine::linear_congruential_engine	function	1		explicit linear_congruential_engine(Sseq&q)
1065	rand.eng.lcong	random	std::linear_congruential_engine::seed	function	2		void seed(result_type s = default_seed)
1066	rand.eng.lcong	random	std::linear_congruential_engine::seed	function	1		void seed(Sseq&q)
1067	rand.eng.lcong	random	std::linear_congruential_engine::operator==	function	1		friend bool operator==(const linear_congruential_engine&x, const linear_congruential_engine&y)
1068	rand.eng.lcong	random	std::linear_congruential_engine::operator()	function	1		result_type operator()()
1069	rand.eng.lcong	random	std::linear_congruential_engine::discard	function	1		void discard(unsigned long long z)
1070	rand.eng.lcong	random	std::linear_congruential_engine::operator<<	function	1		friend basic_ostream<charT, traits>&operator<<(basic_ostream<charT, traits>&os, const linear_congruential_engine&x)
1071	rand.eng.lcong	random	std::linear_congruential_engine::operator>>	function	1		friend basic_istream<charT, traits>&operator>>(basic_istream<charT, traits>&is, linear_congruential_engine&x)
1072	rand.eng.mers	random	std::mersenne_twister_engine	classdef	1	presence only: presence	class mersenne_twister_engine
1073	rand.eng.mers	random	std::mersenne_twister_engine::result_type	alias	1		using result_type = UIntType
1074	rand.eng.mers	random	std::mersenne_twister_engine::word_size	variable	1		static constexpr size_t word_size = w
1075	rand.eng.mers	random	std::mersenne_twister_engine::state_size	variable	1		static constexpr size_t state_size = n
1076	rand.eng.mers	random	std::mersenne_twister_engine::shift_size	variable	1		static constexpr size_t shift_size = m
1077	rand.eng.mers	random	std::mersenne_twister_engine::mask_bits	variable	1		static constexpr size_t mask_bits = r
1078	rand.eng.mers	random	std::mersenne_twister_engine::xor_mask	variable	1		static constexpr UIntType xor_mask = a
1079	rand.eng.mers	random	std::mersenne_twister_engine::tempering_u	variable	1		static constexpr size_t tempering_u = u
1080	rand.eng.mers	random	std::mersenne_twister_engine::tempering_d	variable	1		static constexpr UIntType tempering_d = d
1081	rand.eng.mers	random	std::mersenne_twister_engine::tempering_s	variable	1		static constexpr size_t tempering_s = s
1082	rand.eng.mers	random	std::mersenne_twister_engine::tempering_b	variable	1		static constexpr UIntType tempering_b = b
1083	rand.eng.mers	random	std::mersenne_twister_engine::tempering_t	variable	1		static constexpr size_t tempering_t = t
1084	rand.eng.mers	random	std::mersenne_twister_engine::tempering_c	variable	1		static constexpr UIntType tempering_c = c
1085	rand.eng.mers	random	std::mersenne_twister_engine::tempering_l	variable	1		static constexpr size_t tempering_l = l
1086	rand.eng.mers	random	std::mersenne_twister_engine::initialization_multiplier	variable	1		static constexpr UIntType initialization_multiplier = f
1087	rand.eng.mers	random	std::mersenne_twister_engine::min	function	2		static constexpr result_type min()
1088	rand.eng.mers	random	std::mersenne_twister_engine::max	function	2		static constexpr result_type max()
1089	rand.eng.mers	random	std::mersenne_twister_engine::default_seed	variable	1		static constexpr result_type default_seed = 5489u
1090	rand.eng.mers	random	std::mersenne_twister_engine::mersenne_twister_engine	function	1		mersenne_twister_engine():mersenne_twister_engine(default_seed)
1091	rand.eng.mers	random	std::mersenne_twister_engine::mersenne_twister_engine	function	1		explicit mersenne_twister_engine(result_type value)
1092	rand.eng.mers	random	std::mersenne_twister_engine::mersenne_twister_engine	function	1		explicit mersenne_twister_engine(Sseq&q)
1093	rand.eng.mers	random	std::mersenne_twister_engine::seed	function	2		void seed(result_type value = default_seed)
1094	rand.eng.mers	random	std::mersenne_twister_engine::seed	function	1		void seed(Sseq&q)
1095	rand.eng.mers	random	std::mersenne_twister_engine::operator==	function	1		friend bool operator==(const mersenne_twister_engine&x, const mersenne_twister_engine&y)
1096	rand.eng.mers	random	std::mersenne_twister_engine::operator()	function	1		result_type operator()()
1097	rand.eng.mers	random	std::mersenne_twister_engine::discard	function	1		void discard(unsigned long long z)
1098	rand.eng.mers	random	std::mersenne_twister_engine::operator<<	function	1		friend basic_ostream<charT, traits>&operator<<(basic_ostream<charT, traits>&os, const mersenne_twister_engine&x)
1099	rand.eng.mers	random	std::mersenne_twister_engine::operator>>	function	1		friend basic_istream<charT, traits>&operator>>(basic_istream<charT, traits>&is, mersenne_twister_engine&x)
1100	rand.eng.sub	random	std::subtract_with_carry_engine	classdef	1	presence only: presence	class subtract_with_carry_engine
1101	rand.eng.sub	random	std::subtract_with_carry_engine::result_type	alias	1		using result_type = UIntType
1102	rand.eng.sub	random	std::subtract_with_carry_engine::word_size	variable	1		static constexpr size_t word_size = w
1103	rand.eng.sub	random	std::subtract_with_carry_engine::short_lag	variable	1		static constexpr size_t short_lag = s
1104	rand.eng.sub	random	std::subtract_with_carry_engine::long_lag	variable	1		static constexpr size_t long_lag = r
1105	rand.eng.sub	random	std::subtract_with_carry_engine::min	function	2		static constexpr result_type min()
1106	rand.eng.sub	random	std::subtract_with_carry_engine::max	function	2		static constexpr result_type max()
1107	rand.eng.sub	random	std::subtract_with_carry_engine::default_seed	variable	1		static constexpr uint_least32_t default_seed = 19780503u
1108	rand.eng.sub	random	std::subtract_with_carry_engine::subtract_with_carry_engine	function	1		subtract_with_carry_engine():subtract_with_carry_engine(0u)
1109	rand.eng.sub	random	std::subtract_with_carry_engine::subtract_with_carry_engine	function	1		explicit subtract_with_carry_engine(result_type value)
1110	rand.eng.sub	random	std::subtract_with_carry_engine::subtract_with_carry_engine	function	1		explicit subtract_with_carry_engine(Sseq&q)
1111	rand.eng.sub	random	std::subtract_with_carry_engine::seed	function	2		void seed(result_type value = 0u)
1112	rand.eng.sub	random	std::subtract_with_carry_engine::seed	function	1		void seed(Sseq&q)
1113	rand.eng.sub	random	std::subtract_with_carry_engine::operator==	function	1		friend bool operator==(const subtract_with_carry_engine&x, const subtract_with_carry_engine&y)
1114	rand.eng.sub	random	std::subtract_with_carry_engine::operator()	function	1		result_type operator()()
1115	rand.eng.sub	random	std::subtract_with_carry_engine::discard	function	1		void discard(unsigned long long z)
1116	rand.eng.sub	random	std::subtract_with_carry_engine::operator<<	function	1		friend basic_ostream<charT, traits>&operator<<(basic_ostream<charT, traits>&os, const subtract_with_carry_engine&x)
1117	rand.eng.sub	random	std::subtract_with_carry_engine::operator>>	function	1		friend basic_istream<charT, traits>&operator>>(basic_istream<charT, traits>&is, subtract_with_carry_engine&x)
1118	rand.eng.philox	random	std::philox_engine	classdef	1	presence only: presence	class philox_engine
1119	rand.eng.philox	random	std::philox_engine::result_type	alias	1		using result_type = UIntType
1120	rand.eng.philox	random	std::philox_engine::word_size	variable	1		static constexpr size_t word_size = w
1121	rand.eng.philox	random	std::philox_engine::word_count	variable	1		static constexpr size_t word_count = n
1122	rand.eng.philox	random	std::philox_engine::round_count	variable	1		static constexpr size_t round_count = r
1123	rand.eng.philox	random	std::philox_engine::multipliers	variable	1		static constexpr array<result_type, ⟨array-size⟩>multipliers
1124	rand.eng.philox	random	std::philox_engine::round_consts	variable	1		static constexpr array<result_type, ⟨array-size⟩>round_consts
1125	rand.eng.philox	random	std::philox_engine::min	function	2		static constexpr result_type min()
1126	rand.eng.philox	random	std::philox_engine::max	function	2		static constexpr result_type max()
1127	rand.eng.philox	random	std::philox_engine::default_seed	variable	1		static constexpr result_type default_seed = 20111115u
1128	rand.eng.philox	random	std::philox_engine::philox_engine	function	1		philox_engine():philox_engine(default_seed)
1129	rand.eng.philox	random	std::philox_engine::philox_engine	function	1		explicit philox_engine(result_type value)
1130	rand.eng.philox	random	std::philox_engine::philox_engine	function	1		explicit philox_engine(Sseq&q)
1131	rand.eng.philox	random	std::philox_engine::seed	function	2		void seed(result_type value = default_seed)
1132	rand.eng.philox	random	std::philox_engine::seed	function	1		void seed(Sseq&q)
1133	rand.eng.philox	random	std::philox_engine::set_counter	function	1		void set_counter(const array<result_type, n>&counter)
1134	rand.eng.philox	random	std::philox_engine::operator==	function	1		friend bool operator==(const philox_engine&x, const philox_engine&y)
1135	rand.eng.philox	random	std::philox_engine::operator()	function	1		result_type operator()()
1136	rand.eng.philox	random	std::philox_engine::discard	function	1		void discard(unsigned long long z)
1137	rand.eng.philox	random	std::philox_engine::operator<<	function	1		friend basic_ostream<charT, traits>&operator<<(basic_ostream<charT, traits>&os, const philox_engine&x)
1138	rand.eng.philox	random	std::philox_engine::operator>>	function	1		friend basic_istream<charT, traits>&operator>>(basic_istream<charT, traits>&is, philox_engine&x)
1139	rand.adapt.disc	random	std::discard_block_engine	classdef	1	presence only: presence	class discard_block_engine
1140	rand.adapt.disc	random	std::discard_block_engine::result_type	alias	1		using result_type = Engine::result_type
1141	rand.adapt.disc	random	std::discard_block_engine::block_size	variable	1		static constexpr size_t block_size = p
1142	rand.adapt.disc	random	std::discard_block_engine::used_block	variable	1		static constexpr size_t used_block = r
1143	rand.adapt.disc	random	std::discard_block_engine::min	function	2		static constexpr result_type min()
1144	rand.adapt.disc	random	std::discard_block_engine::max	function	2		static constexpr result_type max()
1145	rand.adapt.disc	random	std::discard_block_engine::discard_block_engine	function	1		discard_block_engine()
1146	rand.adapt.disc	random	std::discard_block_engine::discard_block_engine	function	1		explicit discard_block_engine(const Engine&e)
1147	rand.adapt.disc	random	std::discard_block_engine::discard_block_engine	function	1		explicit discard_block_engine(Engine&&e)
1148	rand.adapt.disc	random	std::discard_block_engine::discard_block_engine	function	1		explicit discard_block_engine(result_type s)
1149	rand.adapt.disc	random	std::discard_block_engine::discard_block_engine	function	1		explicit discard_block_engine(Sseq&q)
1150	rand.adapt.disc	random	std::discard_block_engine::seed	function	1		void seed()
1151	rand.adapt.disc	random	std::discard_block_engine::seed	function	1		void seed(result_type s)
1152	rand.adapt.disc	random	std::discard_block_engine::seed	function	1		void seed(Sseq&q)
1153	rand.adapt.disc	random	std::discard_block_engine::operator==	function	1		friend bool operator==(const discard_block_engine&x, const discard_block_engine&y)
1154	rand.adapt.disc	random	std::discard_block_engine::operator()	function	1		result_type operator()()
1155	rand.adapt.disc	random	std::discard_block_engine::discard	function	1		void discard(unsigned long long z)
1156	rand.adapt.disc	random	std::discard_block_engine::base	function	1		const Engine&base()const noexcept
1157	rand.adapt.disc	random	std::discard_block_engine::operator<<	function	1		friend basic_ostream<charT, traits>&operator<<(basic_ostream<charT, traits>&os, const discard_block_engine&x)
1158	rand.adapt.disc	random	std::discard_block_engine::operator>>	function	1		friend basic_istream<charT, traits>&operator>>(basic_istream<charT, traits>&is, discard_block_engine&x)
1159	rand.adapt.ibits	random	std::independent_bits_engine	classdef	1	presence only: presence	class independent_bits_engine
1160	rand.adapt.ibits	random	std::independent_bits_engine::result_type	alias	1		using result_type = UIntType
1161	rand.adapt.ibits	random	std::independent_bits_engine::min	function	2		static constexpr result_type min()
1162	rand.adapt.ibits	random	std::independent_bits_engine::max	function	2		static constexpr result_type max()
1163	rand.adapt.ibits	random	std::independent_bits_engine::independent_bits_engine	function	1		independent_bits_engine()
1164	rand.adapt.ibits	random	std::independent_bits_engine::independent_bits_engine	function	1		explicit independent_bits_engine(const Engine&e)
1165	rand.adapt.ibits	random	std::independent_bits_engine::independent_bits_engine	function	1		explicit independent_bits_engine(Engine&&e)
1166	rand.adapt.ibits	random	std::independent_bits_engine::independent_bits_engine	function	1		explicit independent_bits_engine(result_type s)
1167	rand.adapt.ibits	random	std::independent_bits_engine::independent_bits_engine	function	1		explicit independent_bits_engine(Sseq&q)
1168	rand.adapt.ibits	random	std::independent_bits_engine::seed	function	1		void seed()
1169	rand.adapt.ibits	random	std::independent_bits_engine::seed	function	1		void seed(result_type s)
1170	rand.adapt.ibits	random	std::independent_bits_engine::seed	function	1		void seed(Sseq&q)
1171	rand.adapt.ibits	random	std::independent_bits_engine::operator==	function	1		friend bool operator==(const independent_bits_engine&x, const independent_bits_engine&y)
1172	rand.adapt.ibits	random	std::independent_bits_engine::operator()	function	1		result_type operator()()
1173	rand.adapt.ibits	random	std::independent_bits_engine::discard	function	1		void discard(unsigned long long z)
1174	rand.adapt.ibits	random	std::independent_bits_engine::base	function	1		const Engine&base()const noexcept
1175	rand.adapt.ibits	random	std::independent_bits_engine::operator<<	function	1		friend basic_ostream<charT, traits>&operator<<(basic_ostream<charT, traits>&os, const independent_bits_engine&x)
1176	rand.adapt.ibits	random	std::independent_bits_engine::operator>>	function	1		friend basic_istream<charT, traits>&operator>>(basic_istream<charT, traits>&is, independent_bits_engine&x)
1177	rand.adapt.shuf	random	std::shuffle_order_engine	classdef	1	presence only: presence	class shuffle_order_engine
1178	rand.adapt.shuf	random	std::shuffle_order_engine::result_type	alias	1		using result_type = Engine::result_type
1179	rand.adapt.shuf	random	std::shuffle_order_engine::table_size	variable	1		static constexpr size_t table_size = k
1180	rand.adapt.shuf	random	std::shuffle_order_engine::min	function	2		static constexpr result_type min()
1181	rand.adapt.shuf	random	std::shuffle_order_engine::max	function	2		static constexpr result_type max()
1182	rand.adapt.shuf	random	std::shuffle_order_engine::shuffle_order_engine	function	1		shuffle_order_engine()
1183	rand.adapt.shuf	random	std::shuffle_order_engine::shuffle_order_engine	function	1		explicit shuffle_order_engine(const Engine&e)
1184	rand.adapt.shuf	random	std::shuffle_order_engine::shuffle_order_engine	function	1		explicit shuffle_order_engine(Engine&&e)
1185	rand.adapt.shuf	random	std::shuffle_order_engine::shuffle_order_engine	function	1		explicit shuffle_order_engine(result_type s)
1186	rand.adapt.shuf	random	std::shuffle_order_engine::shuffle_order_engine	function	1		explicit shuffle_order_engine(Sseq&q)
1187	rand.adapt.shuf	random	std::shuffle_order_engine::seed	function	1		void seed()
1188	rand.adapt.shuf	random	std::shuffle_order_engine::seed	function	1		void seed(result_type s)
1189	rand.adapt.shuf	random	std::shuffle_order_engine::seed	function	1		void seed(Sseq&q)
1190	rand.adapt.shuf	random	std::shuffle_order_engine::operator==	function	1		friend bool operator==(const shuffle_order_engine&x, const shuffle_order_engine&y)
1191	rand.adapt.shuf	random	std::shuffle_order_engine::operator()	function	1		result_type operator()()
1192	rand.adapt.shuf	random	std::shuffle_order_engine::discard	function	1		void discard(unsigned long long z)
1193	rand.adapt.shuf	random	std::shuffle_order_engine::base	function	1		const Engine&base()const noexcept
1194	rand.adapt.shuf	random	std::shuffle_order_engine::operator<<	function	1		friend basic_ostream<charT, traits>&operator<<(basic_ostream<charT, traits>&os, const shuffle_order_engine&x)
1195	rand.adapt.shuf	random	std::shuffle_order_engine::operator>>	function	1		friend basic_istream<charT, traits>&operator>>(basic_istream<charT, traits>&is, shuffle_order_engine&x)
1196	rand.device	random	std::random_device	classdef	1	presence only: presence	class random_device
1197	rand.device	random	std::random_device::result_type	alias	1		using result_type = unsigned int
1198	rand.device	random	std::random_device::min	function	2		static constexpr result_type min()
1199	rand.device	random	std::random_device::max	function	2		static constexpr result_type max()
1200	rand.device	random	std::random_device::random_device	function	1		random_device():random_device(⟨implementation-defined⟩)
1201	rand.device	random	std::random_device::random_device	function	1		explicit random_device(const string&token)
1202	rand.device	random	std::random_device::operator()	function	1		result_type operator()()
1203	rand.device	random	std::random_device::entropy	function	1		double entropy()const noexcept
1204	rand.device	random	std::random_device::random_device	function	1		random_device(const random_device&) = delete
1205	rand.device	random	std::random_device::operator=	function	1		void operator = (const random_device&) = delete
1206	rand.util.seedseq	random	std::seed_seq	classdef	1	presence only: presence	class seed_seq
1207	rand.util.seedseq	random	std::seed_seq::result_type	alias	1		using result_type = uint_least32_t
1208	rand.util.seedseq	random	std::seed_seq::seed_seq	function	1		seed_seq()noexcept
1209	rand.util.seedseq	random	std::seed_seq::seed_seq	function	1		seed_seq(initializer_list<T>il)
1210	rand.util.seedseq	random	std::seed_seq::seed_seq	function	1		seed_seq(InputIterator begin, InputIterator end)
1211	rand.util.seedseq	random	std::seed_seq::generate	function	1		void generate(RandomAccessIterator begin, RandomAccessIterator end)
1212	rand.util.seedseq	random	std::seed_seq::size	function	1		size_t size()const noexcept
1213	rand.util.seedseq	random	std::seed_seq::param	function	1		void param(OutputIterator dest)const
1214	rand.util.seedseq	random	std::seed_seq::seed_seq	function	1		seed_seq(const seed_seq&) = delete
1215	rand.util.seedseq	random	std::seed_seq::operator=	function	1		void operator = (const seed_seq&) = delete
1216	rand.dist.uni.int	random	std::uniform_int_distribution	classdef	1	presence only: presence	class uniform_int_distribution
1217	rand.dist.uni.int	random	std::uniform_int_distribution::result_type	alias	1		using result_type = IntType
1218	rand.dist.uni.int	random	std::uniform_int_distribution::param_type	alias	1		using param_type = ⟨unspecified⟩
1219	rand.dist.uni.int	random	std::uniform_int_distribution::uniform_int_distribution	function	1		uniform_int_distribution():uniform_int_distribution(0)
1220	rand.dist.uni.int	random	std::uniform_int_distribution::uniform_int_distribution	function	2		explicit uniform_int_distribution(IntType a, IntType b = numeric_limits<IntType>::max())
1221	rand.dist.uni.int	random	std::uniform_int_distribution::uniform_int_distribution	function	1		explicit uniform_int_distribution(const param_type&parm)
1222	rand.dist.uni.int	random	std::uniform_int_distribution::reset	function	1		void reset()
1223	rand.dist.uni.int	random	std::uniform_int_distribution::operator==	function	1		friend bool operator==(const uniform_int_distribution&x, const uniform_int_distribution&y)
1224	rand.dist.uni.int	random	std::uniform_int_distribution::operator()	function	1		result_type operator()(URBG&g)
1225	rand.dist.uni.int	random	std::uniform_int_distribution::operator()	function	1		result_type operator()(URBG&g, const param_type&parm)
1226	rand.dist.uni.int	random	std::uniform_int_distribution::a	function	1		result_type a()const
1227	rand.dist.uni.int	random	std::uniform_int_distribution::b	function	1		result_type b()const
1228	rand.dist.uni.int	random	std::uniform_int_distribution::param	function	1		param_type param()const
1229	rand.dist.uni.int	random	std::uniform_int_distribution::param	function	1		void param(const param_type&parm)
1230	rand.dist.uni.int	random	std::uniform_int_distribution::min	function	1		result_type min()const
1231	rand.dist.uni.int	random	std::uniform_int_distribution::max	function	1		result_type max()const
1232	rand.dist.uni.int	random	std::uniform_int_distribution::operator<<	function	1		friend basic_ostream<charT, traits>&operator<<(basic_ostream<charT, traits>&os, const uniform_int_distribution&x)
1233	rand.dist.uni.int	random	std::uniform_int_distribution::operator>>	function	1		friend basic_istream<charT, traits>&operator>>(basic_istream<charT, traits>&is, uniform_int_distribution&x)
1234	rand.dist.uni.real	random	std::uniform_real_distribution	classdef	1	presence only: presence	class uniform_real_distribution
1235	rand.dist.uni.real	random	std::uniform_real_distribution::result_type	alias	1		using result_type = RealType
1236	rand.dist.uni.real	random	std::uniform_real_distribution::param_type	alias	1		using param_type = ⟨unspecified⟩
1237	rand.dist.uni.real	random	std::uniform_real_distribution::uniform_real_distribution	function	1		uniform_real_distribution():uniform_real_distribution(0.0)
1238	rand.dist.uni.real	random	std::uniform_real_distribution::uniform_real_distribution	function	2		explicit uniform_real_distribution(RealType a, RealType b = 1.0)
1239	rand.dist.uni.real	random	std::uniform_real_distribution::uniform_real_distribution	function	1		explicit uniform_real_distribution(const param_type&parm)
1240	rand.dist.uni.real	random	std::uniform_real_distribution::reset	function	1		void reset()
1241	rand.dist.uni.real	random	std::uniform_real_distribution::operator==	function	1		friend bool operator==(const uniform_real_distribution&x, const uniform_real_distribution&y)
1242	rand.dist.uni.real	random	std::uniform_real_distribution::operator()	function	1		result_type operator()(URBG&g)
1243	rand.dist.uni.real	random	std::uniform_real_distribution::operator()	function	1		result_type operator()(URBG&g, const param_type&parm)
1244	rand.dist.uni.real	random	std::uniform_real_distribution::a	function	1		result_type a()const
1245	rand.dist.uni.real	random	std::uniform_real_distribution::b	function	1		result_type b()const
1246	rand.dist.uni.real	random	std::uniform_real_distribution::param	function	1		param_type param()const
1247	rand.dist.uni.real	random	std::uniform_real_distribution::param	function	1		void param(const param_type&parm)
1248	rand.dist.uni.real	random	std::uniform_real_distribution::min	function	1		result_type min()const
1249	rand.dist.uni.real	random	std::uniform_real_distribution::max	function	1		result_type max()const
1250	rand.dist.uni.real	random	std::uniform_real_distribution::operator<<	function	1		friend basic_ostream<charT, traits>&operator<<(basic_ostream<charT, traits>&os, const uniform_real_distribution&x)
1251	rand.dist.uni.real	random	std::uniform_real_distribution::operator>>	function	1		friend basic_istream<charT, traits>&operator>>(basic_istream<charT, traits>&is, uniform_real_distribution&x)
1252	rand.dist.bern.bernoulli	random	std::bernoulli_distribution	classdef	1	presence only: presence	class bernoulli_distribution
1253	rand.dist.bern.bernoulli	random	std::bernoulli_distribution::result_type	alias	1		using result_type = bool
1254	rand.dist.bern.bernoulli	random	std::bernoulli_distribution::param_type	alias	1		using param_type = ⟨unspecified⟩
1255	rand.dist.bern.bernoulli	random	std::bernoulli_distribution::bernoulli_distribution	function	1		bernoulli_distribution():bernoulli_distribution(0.5)
1256	rand.dist.bern.bernoulli	random	std::bernoulli_distribution::bernoulli_distribution	function	1		explicit bernoulli_distribution(double p)
1257	rand.dist.bern.bernoulli	random	std::bernoulli_distribution::bernoulli_distribution	function	1		explicit bernoulli_distribution(const param_type&parm)
1258	rand.dist.bern.bernoulli	random	std::bernoulli_distribution::reset	function	1		void reset()
1259	rand.dist.bern.bernoulli	random	std::bernoulli_distribution::operator==	function	1		friend bool operator==(const bernoulli_distribution&x, const bernoulli_distribution&y)
1260	rand.dist.bern.bernoulli	random	std::bernoulli_distribution::operator()	function	1		result_type operator()(URBG&g)
1261	rand.dist.bern.bernoulli	random	std::bernoulli_distribution::operator()	function	1		result_type operator()(URBG&g, const param_type&parm)
1262	rand.dist.bern.bernoulli	random	std::bernoulli_distribution::p	function	1		double p()const
1263	rand.dist.bern.bernoulli	random	std::bernoulli_distribution::param	function	1		param_type param()const
1264	rand.dist.bern.bernoulli	random	std::bernoulli_distribution::param	function	1		void param(const param_type&parm)
1265	rand.dist.bern.bernoulli	random	std::bernoulli_distribution::min	function	1		result_type min()const
1266	rand.dist.bern.bernoulli	random	std::bernoulli_distribution::max	function	1		result_type max()const
1267	rand.dist.bern.bernoulli	random	std::bernoulli_distribution::operator<<	function	1		friend basic_ostream<charT, traits>&operator<<(basic_ostream<charT, traits>&os, const bernoulli_distribution&x)
1268	rand.dist.bern.bernoulli	random	std::bernoulli_distribution::operator>>	function	1		friend basic_istream<charT, traits>&operator>>(basic_istream<charT, traits>&is, bernoulli_distribution&x)
1269	rand.dist.bern.bin	random	std::binomial_distribution	classdef	1	presence only: presence	class binomial_distribution
1270	rand.dist.bern.bin	random	std::binomial_distribution::result_type	alias	1		using result_type = IntType
1271	rand.dist.bern.bin	random	std::binomial_distribution::param_type	alias	1		using param_type = ⟨unspecified⟩
1272	rand.dist.bern.bin	random	std::binomial_distribution::binomial_distribution	function	1		binomial_distribution():binomial_distribution(1)
1273	rand.dist.bern.bin	random	std::binomial_distribution::binomial_distribution	function	2		explicit binomial_distribution(IntType t, double p = 0.5)
1274	rand.dist.bern.bin	random	std::binomial_distribution::binomial_distribution	function	1		explicit binomial_distribution(const param_type&parm)
1275	rand.dist.bern.bin	random	std::binomial_distribution::reset	function	1		void reset()
1276	rand.dist.bern.bin	random	std::binomial_distribution::operator==	function	1		friend bool operator==(const binomial_distribution&x, const binomial_distribution&y)
1277	rand.dist.bern.bin	random	std::binomial_distribution::operator()	function	1		result_type operator()(URBG&g)
1278	rand.dist.bern.bin	random	std::binomial_distribution::operator()	function	1		result_type operator()(URBG&g, const param_type&parm)
1279	rand.dist.bern.bin	random	std::binomial_distribution::t	function	1		IntType t()const
1280	rand.dist.bern.bin	random	std::binomial_distribution::p	function	1		double p()const
1281	rand.dist.bern.bin	random	std::binomial_distribution::param	function	1		param_type param()const
1282	rand.dist.bern.bin	random	std::binomial_distribution::param	function	1		void param(const param_type&parm)
1283	rand.dist.bern.bin	random	std::binomial_distribution::min	function	1		result_type min()const
1284	rand.dist.bern.bin	random	std::binomial_distribution::max	function	1		result_type max()const
1285	rand.dist.bern.bin	random	std::binomial_distribution::operator<<	function	1		friend basic_ostream<charT, traits>&operator<<(basic_ostream<charT, traits>&os, const binomial_distribution&x)
1286	rand.dist.bern.bin	random	std::binomial_distribution::operator>>	function	1		friend basic_istream<charT, traits>&operator>>(basic_istream<charT, traits>&is, binomial_distribution&x)
1287	rand.dist.bern.geo	random	std::geometric_distribution	classdef	1	presence only: presence	class geometric_distribution
1288	rand.dist.bern.geo	random	std::geometric_distribution::result_type	alias	1		using result_type = IntType
1289	rand.dist.bern.geo	random	std::geometric_distribution::param_type	alias	1		using param_type = ⟨unspecified⟩
1290	rand.dist.bern.geo	random	std::geometric_distribution::geometric_distribution	function	1		geometric_distribution():geometric_distribution(0.5)
1291	rand.dist.bern.geo	random	std::geometric_distribution::geometric_distribution	function	1		explicit geometric_distribution(double p)
1292	rand.dist.bern.geo	random	std::geometric_distribution::geometric_distribution	function	1		explicit geometric_distribution(const param_type&parm)
1293	rand.dist.bern.geo	random	std::geometric_distribution::reset	function	1		void reset()
1294	rand.dist.bern.geo	random	std::geometric_distribution::operator==	function	1		friend bool operator==(const geometric_distribution&x, const geometric_distribution&y)
1295	rand.dist.bern.geo	random	std::geometric_distribution::operator()	function	1		result_type operator()(URBG&g)
1296	rand.dist.bern.geo	random	std::geometric_distribution::operator()	function	1		result_type operator()(URBG&g, const param_type&parm)
1297	rand.dist.bern.geo	random	std::geometric_distribution::p	function	1		double p()const
1298	rand.dist.bern.geo	random	std::geometric_distribution::param	function	1		param_type param()const
1299	rand.dist.bern.geo	random	std::geometric_distribution::param	function	1		void param(const param_type&parm)
1300	rand.dist.bern.geo	random	std::geometric_distribution::min	function	1		result_type min()const
1301	rand.dist.bern.geo	random	std::geometric_distribution::max	function	1		result_type max()const
1302	rand.dist.bern.geo	random	std::geometric_distribution::operator<<	function	1		friend basic_ostream<charT, traits>&operator<<(basic_ostream<charT, traits>&os, const geometric_distribution&x)
1303	rand.dist.bern.geo	random	std::geometric_distribution::operator>>	function	1		friend basic_istream<charT, traits>&operator>>(basic_istream<charT, traits>&is, geometric_distribution&x)
1304	rand.dist.bern.negbin	random	std::negative_binomial_distribution	classdef	1	presence only: presence	class negative_binomial_distribution
1305	rand.dist.bern.negbin	random	std::negative_binomial_distribution::result_type	alias	1		using result_type = IntType
1306	rand.dist.bern.negbin	random	std::negative_binomial_distribution::param_type	alias	1		using param_type = ⟨unspecified⟩
1307	rand.dist.bern.negbin	random	std::negative_binomial_distribution::negative_binomial_distribution	function	1		negative_binomial_distribution():negative_binomial_distribution(1)
1308	rand.dist.bern.negbin	random	std::negative_binomial_distribution::negative_binomial_distribution	function	2		explicit negative_binomial_distribution(IntType k, double p = 0.5)
1309	rand.dist.bern.negbin	random	std::negative_binomial_distribution::negative_binomial_distribution	function	1		explicit negative_binomial_distribution(const param_type&parm)
1310	rand.dist.bern.negbin	random	std::negative_binomial_distribution::reset	function	1		void reset()
1311	rand.dist.bern.negbin	random	std::negative_binomial_distribution::operator==	function	1		friend bool operator==(const negative_binomial_distribution&x, const negative_binomial_distribution&y)
1312	rand.dist.bern.negbin	random	std::negative_binomial_distribution::operator()	function	1		result_type operator()(URBG&g)
1313	rand.dist.bern.negbin	random	std::negative_binomial_distribution::operator()	function	1		result_type operator()(URBG&g, const param_type&parm)
1314	rand.dist.bern.negbin	random	std::negative_binomial_distribution::k	function	1		IntType k()const
1315	rand.dist.bern.negbin	random	std::negative_binomial_distribution::p	function	1		double p()const
1316	rand.dist.bern.negbin	random	std::negative_binomial_distribution::param	function	1		param_type param()const
1317	rand.dist.bern.negbin	random	std::negative_binomial_distribution::param	function	1		void param(const param_type&parm)
1318	rand.dist.bern.negbin	random	std::negative_binomial_distribution::min	function	1		result_type min()const
1319	rand.dist.bern.negbin	random	std::negative_binomial_distribution::max	function	1		result_type max()const
1320	rand.dist.bern.negbin	random	std::negative_binomial_distribution::operator<<	function	1		friend basic_ostream<charT, traits>&operator<<(basic_ostream<charT, traits>&os, const negative_binomial_distribution&x)
1321	rand.dist.bern.negbin	random	std::negative_binomial_distribution::operator>>	function	1		friend basic_istream<charT, traits>&operator>>(basic_istream<charT, traits>&is, negative_binomial_distribution&x)
1322	rand.dist.pois.poisson	random	std::poisson_distribution	classdef	1	presence only: presence	class poisson_distribution
1323	rand.dist.pois.poisson	random	std::poisson_distribution::result_type	alias	1		using result_type = IntType
1324	rand.dist.pois.poisson	random	std::poisson_distribution::param_type	alias	1		using param_type = ⟨unspecified⟩
1325	rand.dist.pois.poisson	random	std::poisson_distribution::poisson_distribution	function	1		poisson_distribution():poisson_distribution(1.0)
1326	rand.dist.pois.poisson	random	std::poisson_distribution::poisson_distribution	function	1		explicit poisson_distribution(double mean)
1327	rand.dist.pois.poisson	random	std::poisson_distribution::poisson_distribution	function	1		explicit poisson_distribution(const param_type&parm)
1328	rand.dist.pois.poisson	random	std::poisson_distribution::reset	function	1		void reset()
1329	rand.dist.pois.poisson	random	std::poisson_distribution::operator==	function	1		friend bool operator==(const poisson_distribution&x, const poisson_distribution&y)
1330	rand.dist.pois.poisson	random	std::poisson_distribution::operator()	function	1		result_type operator()(URBG&g)
1331	rand.dist.pois.poisson	random	std::poisson_distribution::operator()	function	1		result_type operator()(URBG&g, const param_type&parm)
1332	rand.dist.pois.poisson	random	std::poisson_distribution::mean	function	1		double mean()const
1333	rand.dist.pois.poisson	random	std::poisson_distribution::param	function	1		param_type param()const
1334	rand.dist.pois.poisson	random	std::poisson_distribution::param	function	1		void param(const param_type&parm)
1335	rand.dist.pois.poisson	random	std::poisson_distribution::min	function	1		result_type min()const
1336	rand.dist.pois.poisson	random	std::poisson_distribution::max	function	1		result_type max()const
1337	rand.dist.pois.poisson	random	std::poisson_distribution::operator<<	function	1		friend basic_ostream<charT, traits>&operator<<(basic_ostream<charT, traits>&os, const poisson_distribution&x)
1338	rand.dist.pois.poisson	random	std::poisson_distribution::operator>>	function	1		friend basic_istream<charT, traits>&operator>>(basic_istream<charT, traits>&is, poisson_distribution&x)
1339	rand.dist.pois.exp	random	std::exponential_distribution	classdef	1	presence only: presence	class exponential_distribution
1340	rand.dist.pois.exp	random	std::exponential_distribution::result_type	alias	1		using result_type = RealType
1341	rand.dist.pois.exp	random	std::exponential_distribution::param_type	alias	1		using param_type = ⟨unspecified⟩
1342	rand.dist.pois.exp	random	std::exponential_distribution::exponential_distribution	function	1		exponential_distribution():exponential_distribution(1.0)
1343	rand.dist.pois.exp	random	std::exponential_distribution::exponential_distribution	function	1		explicit exponential_distribution(RealType lambda)
1344	rand.dist.pois.exp	random	std::exponential_distribution::exponential_distribution	function	1		explicit exponential_distribution(const param_type&parm)
1345	rand.dist.pois.exp	random	std::exponential_distribution::reset	function	1		void reset()
1346	rand.dist.pois.exp	random	std::exponential_distribution::operator==	function	1		friend bool operator==(const exponential_distribution&x, const exponential_distribution&y)
1347	rand.dist.pois.exp	random	std::exponential_distribution::operator()	function	1		result_type operator()(URBG&g)
1348	rand.dist.pois.exp	random	std::exponential_distribution::operator()	function	1		result_type operator()(URBG&g, const param_type&parm)
1349	rand.dist.pois.exp	random	std::exponential_distribution::lambda	function	1		RealType lambda()const
1350	rand.dist.pois.exp	random	std::exponential_distribution::param	function	1		param_type param()const
1351	rand.dist.pois.exp	random	std::exponential_distribution::param	function	1		void param(const param_type&parm)
1352	rand.dist.pois.exp	random	std::exponential_distribution::min	function	1		result_type min()const
1353	rand.dist.pois.exp	random	std::exponential_distribution::max	function	1		result_type max()const
1354	rand.dist.pois.exp	random	std::exponential_distribution::operator<<	function	1		friend basic_ostream<charT, traits>&operator<<(basic_ostream<charT, traits>&os, const exponential_distribution&x)
1355	rand.dist.pois.exp	random	std::exponential_distribution::operator>>	function	1		friend basic_istream<charT, traits>&operator>>(basic_istream<charT, traits>&is, exponential_distribution&x)
1356	rand.dist.pois.gamma	random	std::gamma_distribution	classdef	1	presence only: presence	class gamma_distribution
1357	rand.dist.pois.gamma	random	std::gamma_distribution::result_type	alias	1		using result_type = RealType
1358	rand.dist.pois.gamma	random	std::gamma_distribution::param_type	alias	1		using param_type = ⟨unspecified⟩
1359	rand.dist.pois.gamma	random	std::gamma_distribution::gamma_distribution	function	1		gamma_distribution():gamma_distribution(1.0)
1360	rand.dist.pois.gamma	random	std::gamma_distribution::gamma_distribution	function	2		explicit gamma_distribution(RealType alpha, RealType beta = 1.0)
1361	rand.dist.pois.gamma	random	std::gamma_distribution::gamma_distribution	function	1		explicit gamma_distribution(const param_type&parm)
1362	rand.dist.pois.gamma	random	std::gamma_distribution::reset	function	1		void reset()
1363	rand.dist.pois.gamma	random	std::gamma_distribution::operator==	function	1		friend bool operator==(const gamma_distribution&x, const gamma_distribution&y)
1364	rand.dist.pois.gamma	random	std::gamma_distribution::operator()	function	1		result_type operator()(URBG&g)
1365	rand.dist.pois.gamma	random	std::gamma_distribution::operator()	function	1		result_type operator()(URBG&g, const param_type&parm)
1366	rand.dist.pois.gamma	random	std::gamma_distribution::alpha	function	1		RealType alpha()const
1367	rand.dist.pois.gamma	random	std::gamma_distribution::beta	function	1		RealType beta()const
1368	rand.dist.pois.gamma	random	std::gamma_distribution::param	function	1		param_type param()const
1369	rand.dist.pois.gamma	random	std::gamma_distribution::param	function	1		void param(const param_type&parm)
1370	rand.dist.pois.gamma	random	std::gamma_distribution::min	function	1		result_type min()const
1371	rand.dist.pois.gamma	random	std::gamma_distribution::max	function	1		result_type max()const
1372	rand.dist.pois.gamma	random	std::gamma_distribution::operator<<	function	1		friend basic_ostream<charT, traits>&operator<<(basic_ostream<charT, traits>&os, const gamma_distribution&x)
1373	rand.dist.pois.gamma	random	std::gamma_distribution::operator>>	function	1		friend basic_istream<charT, traits>&operator>>(basic_istream<charT, traits>&is, gamma_distribution&x)
1374	rand.dist.pois.weibull	random	std::weibull_distribution	classdef	1	presence only: presence	class weibull_distribution
1375	rand.dist.pois.weibull	random	std::weibull_distribution::result_type	alias	1		using result_type = RealType
1376	rand.dist.pois.weibull	random	std::weibull_distribution::param_type	alias	1		using param_type = ⟨unspecified⟩
1377	rand.dist.pois.weibull	random	std::weibull_distribution::weibull_distribution	function	1		weibull_distribution():weibull_distribution(1.0)
1378	rand.dist.pois.weibull	random	std::weibull_distribution::weibull_distribution	function	2		explicit weibull_distribution(RealType a, RealType b = 1.0)
1379	rand.dist.pois.weibull	random	std::weibull_distribution::weibull_distribution	function	1		explicit weibull_distribution(const param_type&parm)
1380	rand.dist.pois.weibull	random	std::weibull_distribution::reset	function	1		void reset()
1381	rand.dist.pois.weibull	random	std::weibull_distribution::operator==	function	1		friend bool operator==(const weibull_distribution&x, const weibull_distribution&y)
1382	rand.dist.pois.weibull	random	std::weibull_distribution::operator()	function	1		result_type operator()(URBG&g)
1383	rand.dist.pois.weibull	random	std::weibull_distribution::operator()	function	1		result_type operator()(URBG&g, const param_type&parm)
1384	rand.dist.pois.weibull	random	std::weibull_distribution::a	function	1		RealType a()const
1385	rand.dist.pois.weibull	random	std::weibull_distribution::b	function	1		RealType b()const
1386	rand.dist.pois.weibull	random	std::weibull_distribution::param	function	1		param_type param()const
1387	rand.dist.pois.weibull	random	std::weibull_distribution::param	function	1		void param(const param_type&parm)
1388	rand.dist.pois.weibull	random	std::weibull_distribution::min	function	1		result_type min()const
1389	rand.dist.pois.weibull	random	std::weibull_distribution::max	function	1		result_type max()const
1390	rand.dist.pois.weibull	random	std::weibull_distribution::operator<<	function	1		friend basic_ostream<charT, traits>&operator<<(basic_ostream<charT, traits>&os, const weibull_distribution&x)
1391	rand.dist.pois.weibull	random	std::weibull_distribution::operator>>	function	1		friend basic_istream<charT, traits>&operator>>(basic_istream<charT, traits>&is, weibull_distribution&x)
1392	rand.dist.pois.extreme	random	std::extreme_value_distribution	classdef	1	presence only: presence	class extreme_value_distribution
1393	rand.dist.pois.extreme	random	std::extreme_value_distribution::result_type	alias	1		using result_type = RealType
1394	rand.dist.pois.extreme	random	std::extreme_value_distribution::param_type	alias	1		using param_type = ⟨unspecified⟩
1395	rand.dist.pois.extreme	random	std::extreme_value_distribution::extreme_value_distribution	function	1		extreme_value_distribution():extreme_value_distribution(0.0)
1396	rand.dist.pois.extreme	random	std::extreme_value_distribution::extreme_value_distribution	function	2		explicit extreme_value_distribution(RealType a, RealType b = 1.0)
1397	rand.dist.pois.extreme	random	std::extreme_value_distribution::extreme_value_distribution	function	1		explicit extreme_value_distribution(const param_type&parm)
1398	rand.dist.pois.extreme	random	std::extreme_value_distribution::reset	function	1		void reset()
1399	rand.dist.pois.extreme	random	std::extreme_value_distribution::operator==	function	1		friend bool operator==(const extreme_value_distribution&x, const extreme_value_distribution&y)
1400	rand.dist.pois.extreme	random	std::extreme_value_distribution::operator()	function	1		result_type operator()(URBG&g)
1401	rand.dist.pois.extreme	random	std::extreme_value_distribution::operator()	function	1		result_type operator()(URBG&g, const param_type&parm)
1402	rand.dist.pois.extreme	random	std::extreme_value_distribution::a	function	1		RealType a()const
1403	rand.dist.pois.extreme	random	std::extreme_value_distribution::b	function	1		RealType b()const
1404	rand.dist.pois.extreme	random	std::extreme_value_distribution::param	function	1		param_type param()const
1405	rand.dist.pois.extreme	random	std::extreme_value_distribution::param	function	1		void param(const param_type&parm)
1406	rand.dist.pois.extreme	random	std::extreme_value_distribution::min	function	1		result_type min()const
1407	rand.dist.pois.extreme	random	std::extreme_value_distribution::max	function	1		result_type max()const
1408	rand.dist.pois.extreme	random	std::extreme_value_distribution::operator<<	function	1		friend basic_ostream<charT, traits>&operator<<(basic_ostream<charT, traits>&os, const extreme_value_distribution&x)
1409	rand.dist.pois.extreme	random	std::extreme_value_distribution::operator>>	function	1		friend basic_istream<charT, traits>&operator>>(basic_istream<charT, traits>&is, extreme_value_distribution&x)
1410	rand.dist.norm.normal	random	std::normal_distribution	classdef	1	presence only: presence	class normal_distribution
1411	rand.dist.norm.normal	random	std::normal_distribution::result_type	alias	1		using result_type = RealType
1412	rand.dist.norm.normal	random	std::normal_distribution::param_type	alias	1		using param_type = ⟨unspecified⟩
1413	rand.dist.norm.normal	random	std::normal_distribution::normal_distribution	function	1		normal_distribution():normal_distribution(0.0)
1414	rand.dist.norm.normal	random	std::normal_distribution::normal_distribution	function	2		explicit normal_distribution(RealType mean, RealType stddev = 1.0)
1415	rand.dist.norm.normal	random	std::normal_distribution::normal_distribution	function	1		explicit normal_distribution(const param_type&parm)
1416	rand.dist.norm.normal	random	std::normal_distribution::reset	function	1		void reset()
1417	rand.dist.norm.normal	random	std::normal_distribution::operator==	function	1		friend bool operator==(const normal_distribution&x, const normal_distribution&y)
1418	rand.dist.norm.normal	random	std::normal_distribution::operator()	function	1		result_type operator()(URBG&g)
1419	rand.dist.norm.normal	random	std::normal_distribution::operator()	function	1		result_type operator()(URBG&g, const param_type&parm)
1420	rand.dist.norm.normal	random	std::normal_distribution::mean	function	1		RealType mean()const
1421	rand.dist.norm.normal	random	std::normal_distribution::stddev	function	1		RealType stddev()const
1422	rand.dist.norm.normal	random	std::normal_distribution::param	function	1		param_type param()const
1423	rand.dist.norm.normal	random	std::normal_distribution::param	function	1		void param(const param_type&parm)
1424	rand.dist.norm.normal	random	std::normal_distribution::min	function	1		result_type min()const
1425	rand.dist.norm.normal	random	std::normal_distribution::max	function	1		result_type max()const
1426	rand.dist.norm.normal	random	std::normal_distribution::operator<<	function	1		friend basic_ostream<charT, traits>&operator<<(basic_ostream<charT, traits>&os, const normal_distribution&x)
1427	rand.dist.norm.normal	random	std::normal_distribution::operator>>	function	1		friend basic_istream<charT, traits>&operator>>(basic_istream<charT, traits>&is, normal_distribution&x)
1428	rand.dist.norm.lognormal	random	std::lognormal_distribution	classdef	1	presence only: presence	class lognormal_distribution
1429	rand.dist.norm.lognormal	random	std::lognormal_distribution::result_type	alias	1		using result_type = RealType
1430	rand.dist.norm.lognormal	random	std::lognormal_distribution::param_type	alias	1		using param_type = ⟨unspecified⟩
1431	rand.dist.norm.lognormal	random	std::lognormal_distribution::lognormal_distribution	function	1		lognormal_distribution():lognormal_distribution(0.0)
1432	rand.dist.norm.lognormal	random	std::lognormal_distribution::lognormal_distribution	function	2		explicit lognormal_distribution(RealType m, RealType s = 1.0)
1433	rand.dist.norm.lognormal	random	std::lognormal_distribution::lognormal_distribution	function	1		explicit lognormal_distribution(const param_type&parm)
1434	rand.dist.norm.lognormal	random	std::lognormal_distribution::reset	function	1		void reset()
1435	rand.dist.norm.lognormal	random	std::lognormal_distribution::operator==	function	1		friend bool operator==(const lognormal_distribution&x, const lognormal_distribution&y)
1436	rand.dist.norm.lognormal	random	std::lognormal_distribution::operator()	function	1		result_type operator()(URBG&g)
1437	rand.dist.norm.lognormal	random	std::lognormal_distribution::operator()	function	1		result_type operator()(URBG&g, const param_type&parm)
1438	rand.dist.norm.lognormal	random	std::lognormal_distribution::m	function	1		RealType m()const
1439	rand.dist.norm.lognormal	random	std::lognormal_distribution::s	function	1		RealType s()const
1440	rand.dist.norm.lognormal	random	std::lognormal_distribution::param	function	1		param_type param()const
1441	rand.dist.norm.lognormal	random	std::lognormal_distribution::param	function	1		void param(const param_type&parm)
1442	rand.dist.norm.lognormal	random	std::lognormal_distribution::min	function	1		result_type min()const
1443	rand.dist.norm.lognormal	random	std::lognormal_distribution::max	function	1		result_type max()const
1444	rand.dist.norm.lognormal	random	std::lognormal_distribution::operator<<	function	1		friend basic_ostream<charT, traits>&operator<<(basic_ostream<charT, traits>&os, const lognormal_distribution&x)
1445	rand.dist.norm.lognormal	random	std::lognormal_distribution::operator>>	function	1		friend basic_istream<charT, traits>&operator>>(basic_istream<charT, traits>&is, lognormal_distribution&x)
1446	rand.dist.norm.chisq	random	std::chi_squared_distribution	classdef	1	presence only: presence	class chi_squared_distribution
1447	rand.dist.norm.chisq	random	std::chi_squared_distribution::result_type	alias	1		using result_type = RealType
1448	rand.dist.norm.chisq	random	std::chi_squared_distribution::param_type	alias	1		using param_type = ⟨unspecified⟩
1449	rand.dist.norm.chisq	random	std::chi_squared_distribution::chi_squared_distribution	function	1		chi_squared_distribution():chi_squared_distribution(1.0)
1450	rand.dist.norm.chisq	random	std::chi_squared_distribution::chi_squared_distribution	function	1		explicit chi_squared_distribution(RealType n)
1451	rand.dist.norm.chisq	random	std::chi_squared_distribution::chi_squared_distribution	function	1		explicit chi_squared_distribution(const param_type&parm)
1452	rand.dist.norm.chisq	random	std::chi_squared_distribution::reset	function	1		void reset()
1453	rand.dist.norm.chisq	random	std::chi_squared_distribution::operator==	function	1		friend bool operator==(const chi_squared_distribution&x, const chi_squared_distribution&y)
1454	rand.dist.norm.chisq	random	std::chi_squared_distribution::operator()	function	1		result_type operator()(URBG&g)
1455	rand.dist.norm.chisq	random	std::chi_squared_distribution::operator()	function	1		result_type operator()(URBG&g, const param_type&parm)
1456	rand.dist.norm.chisq	random	std::chi_squared_distribution::n	function	1		RealType n()const
1457	rand.dist.norm.chisq	random	std::chi_squared_distribution::param	function	1		param_type param()const
1458	rand.dist.norm.chisq	random	std::chi_squared_distribution::param	function	1		void param(const param_type&parm)
1459	rand.dist.norm.chisq	random	std::chi_squared_distribution::min	function	1		result_type min()const
1460	rand.dist.norm.chisq	random	std::chi_squared_distribution::max	function	1		result_type max()const
1461	rand.dist.norm.chisq	random	std::chi_squared_distribution::operator<<	function	1		friend basic_ostream<charT, traits>&operator<<(basic_ostream<charT, traits>&os, const chi_squared_distribution&x)
1462	rand.dist.norm.chisq	random	std::chi_squared_distribution::operator>>	function	1		friend basic_istream<charT, traits>&operator>>(basic_istream<charT, traits>&is, chi_squared_distribution&x)
1463	rand.dist.norm.cauchy	random	std::cauchy_distribution	classdef	1	presence only: presence	class cauchy_distribution
1464	rand.dist.norm.cauchy	random	std::cauchy_distribution::result_type	alias	1		using result_type = RealType
1465	rand.dist.norm.cauchy	random	std::cauchy_distribution::param_type	alias	1		using param_type = ⟨unspecified⟩
1466	rand.dist.norm.cauchy	random	std::cauchy_distribution::cauchy_distribution	function	1		cauchy_distribution():cauchy_distribution(0.0)
1467	rand.dist.norm.cauchy	random	std::cauchy_distribution::cauchy_distribution	function	2		explicit cauchy_distribution(RealType a, RealType b = 1.0)
1468	rand.dist.norm.cauchy	random	std::cauchy_distribution::cauchy_distribution	function	1		explicit cauchy_distribution(const param_type&parm)
1469	rand.dist.norm.cauchy	random	std::cauchy_distribution::reset	function	1		void reset()
1470	rand.dist.norm.cauchy	random	std::cauchy_distribution::operator==	function	1		friend bool operator==(const cauchy_distribution&x, const cauchy_distribution&y)
1471	rand.dist.norm.cauchy	random	std::cauchy_distribution::operator()	function	1		result_type operator()(URBG&g)
1472	rand.dist.norm.cauchy	random	std::cauchy_distribution::operator()	function	1		result_type operator()(URBG&g, const param_type&parm)
1473	rand.dist.norm.cauchy	random	std::cauchy_distribution::a	function	1		RealType a()const
1474	rand.dist.norm.cauchy	random	std::cauchy_distribution::b	function	1		RealType b()const
1475	rand.dist.norm.cauchy	random	std::cauchy_distribution::param	function	1		param_type param()const
1476	rand.dist.norm.cauchy	random	std::cauchy_distribution::param	function	1		void param(const param_type&parm)
1477	rand.dist.norm.cauchy	random	std::cauchy_distribution::min	function	1		result_type min()const
1478	rand.dist.norm.cauchy	random	std::cauchy_distribution::max	function	1		result_type max()const
1479	rand.dist.norm.cauchy	random	std::cauchy_distribution::operator<<	function	1		friend basic_ostream<charT, traits>&operator<<(basic_ostream<charT, traits>&os, const cauchy_distribution&x)
1480	rand.dist.norm.cauchy	random	std::cauchy_distribution::operator>>	function	1		friend basic_istream<charT, traits>&operator>>(basic_istream<charT, traits>&is, cauchy_distribution&x)
1481	rand.dist.norm.f	random	std::fisher_f_distribution	classdef	1	presence only: presence	class fisher_f_distribution
1482	rand.dist.norm.f	random	std::fisher_f_distribution::result_type	alias	1		using result_type = RealType
1483	rand.dist.norm.f	random	std::fisher_f_distribution::param_type	alias	1		using param_type = ⟨unspecified⟩
1484	rand.dist.norm.f	random	std::fisher_f_distribution::fisher_f_distribution	function	1		fisher_f_distribution():fisher_f_distribution(1.0)
1485	rand.dist.norm.f	random	std::fisher_f_distribution::fisher_f_distribution	function	2		explicit fisher_f_distribution(RealType m, RealType n = 1.0)
1486	rand.dist.norm.f	random	std::fisher_f_distribution::fisher_f_distribution	function	1		explicit fisher_f_distribution(const param_type&parm)
1487	rand.dist.norm.f	random	std::fisher_f_distribution::reset	function	1		void reset()
1488	rand.dist.norm.f	random	std::fisher_f_distribution::operator==	function	1		friend bool operator==(const fisher_f_distribution&x, const fisher_f_distribution&y)
1489	rand.dist.norm.f	random	std::fisher_f_distribution::operator()	function	1		result_type operator()(URBG&g)
1490	rand.dist.norm.f	random	std::fisher_f_distribution::operator()	function	1		result_type operator()(URBG&g, const param_type&parm)
1491	rand.dist.norm.f	random	std::fisher_f_distribution::m	function	1		RealType m()const
1492	rand.dist.norm.f	random	std::fisher_f_distribution::n	function	1		RealType n()const
1493	rand.dist.norm.f	random	std::fisher_f_distribution::param	function	1		param_type param()const
1494	rand.dist.norm.f	random	std::fisher_f_distribution::param	function	1		void param(const param_type&parm)
1495	rand.dist.norm.f	random	std::fisher_f_distribution::min	function	1		result_type min()const
1496	rand.dist.norm.f	random	std::fisher_f_distribution::max	function	1		result_type max()const
1497	rand.dist.norm.f	random	std::fisher_f_distribution::operator<<	function	1		friend basic_ostream<charT, traits>&operator<<(basic_ostream<charT, traits>&os, const fisher_f_distribution&x)
1498	rand.dist.norm.f	random	std::fisher_f_distribution::operator>>	function	1		friend basic_istream<charT, traits>&operator>>(basic_istream<charT, traits>&is, fisher_f_distribution&x)
1499	rand.dist.norm.t	random	std::student_t_distribution	classdef	1	presence only: presence	class student_t_distribution
1500	rand.dist.norm.t	random	std::student_t_distribution::result_type	alias	1		using result_type = RealType
1501	rand.dist.norm.t	random	std::student_t_distribution::param_type	alias	1		using param_type = ⟨unspecified⟩
1502	rand.dist.norm.t	random	std::student_t_distribution::student_t_distribution	function	1		student_t_distribution():student_t_distribution(1.0)
1503	rand.dist.norm.t	random	std::student_t_distribution::student_t_distribution	function	1		explicit student_t_distribution(RealType n)
1504	rand.dist.norm.t	random	std::student_t_distribution::student_t_distribution	function	1		explicit student_t_distribution(const param_type&parm)
1505	rand.dist.norm.t	random	std::student_t_distribution::reset	function	1		void reset()
1506	rand.dist.norm.t	random	std::student_t_distribution::operator==	function	1		friend bool operator==(const student_t_distribution&x, const student_t_distribution&y)
1507	rand.dist.norm.t	random	std::student_t_distribution::operator()	function	1		result_type operator()(URBG&g)
1508	rand.dist.norm.t	random	std::student_t_distribution::operator()	function	1		result_type operator()(URBG&g, const param_type&parm)
1509	rand.dist.norm.t	random	std::student_t_distribution::n	function	1		RealType n()const
1510	rand.dist.norm.t	random	std::student_t_distribution::param	function	1		param_type param()const
1511	rand.dist.norm.t	random	std::student_t_distribution::param	function	1		void param(const param_type&parm)
1512	rand.dist.norm.t	random	std::student_t_distribution::min	function	1		result_type min()const
1513	rand.dist.norm.t	random	std::student_t_distribution::max	function	1		result_type max()const
1514	rand.dist.norm.t	random	std::student_t_distribution::operator<<	function	1		friend basic_ostream<charT, traits>&operator<<(basic_ostream<charT, traits>&os, const student_t_distribution&x)
1515	rand.dist.norm.t	random	std::student_t_distribution::operator>>	function	1		friend basic_istream<charT, traits>&operator>>(basic_istream<charT, traits>&is, student_t_distribution&x)
1516	rand.dist.samp.discrete	random	std::discrete_distribution	classdef	1	presence only: presence	class discrete_distribution
1517	rand.dist.samp.discrete	random	std::discrete_distribution::result_type	alias	1		using result_type = IntType
1518	rand.dist.samp.discrete	random	std::discrete_distribution::param_type	alias	1		using param_type = ⟨unspecified⟩
1519	rand.dist.samp.discrete	random	std::discrete_distribution::discrete_distribution	function	1		discrete_distribution()
1520	rand.dist.samp.discrete	random	std::discrete_distribution::discrete_distribution	function	1		discrete_distribution(InputIterator firstW, InputIterator lastW)
1521	rand.dist.samp.discrete	random	std::discrete_distribution::discrete_distribution	function	1		discrete_distribution(initializer_list<double>wl)
1522	rand.dist.samp.discrete	random	std::discrete_distribution::discrete_distribution	function	1		discrete_distribution(size_t nw, double xmin, double xmax, UnaryOperation fw)
1523	rand.dist.samp.discrete	random	std::discrete_distribution::discrete_distribution	function	1		explicit discrete_distribution(const param_type&parm)
1524	rand.dist.samp.discrete	random	std::discrete_distribution::reset	function	1		void reset()
1525	rand.dist.samp.discrete	random	std::discrete_distribution::operator==	function	1		friend bool operator==(const discrete_distribution&x, const discrete_distribution&y)
1526	rand.dist.samp.discrete	random	std::discrete_distribution::operator()	function	1		result_type operator()(URBG&g)
1527	rand.dist.samp.discrete	random	std::discrete_distribution::operator()	function	1		result_type operator()(URBG&g, const param_type&parm)
1528	rand.dist.samp.discrete	random	std::discrete_distribution::probabilities	function	1		vector<double>probabilities()const
1529	rand.dist.samp.discrete	random	std::discrete_distribution::param	function	1		param_type param()const
1530	rand.dist.samp.discrete	random	std::discrete_distribution::param	function	1		void param(const param_type&parm)
1531	rand.dist.samp.discrete	random	std::discrete_distribution::min	function	1		result_type min()const
1532	rand.dist.samp.discrete	random	std::discrete_distribution::max	function	1		result_type max()const
1533	rand.dist.samp.discrete	random	std::discrete_distribution::operator<<	function	1		friend basic_ostream<charT, traits>&operator<<(basic_ostream<charT, traits>&os, const discrete_distribution&x)
1534	rand.dist.samp.discrete	random	std::discrete_distribution::operator>>	function	1		friend basic_istream<charT, traits>&operator>>(basic_istream<charT, traits>&is, discrete_distribution&x)
1535	rand.dist.samp.pconst	random	std::piecewise_constant_distribution	classdef	1	presence only: presence	class piecewise_constant_distribution
1536	rand.dist.samp.pconst	random	std::piecewise_constant_distribution::result_type	alias	1		using result_type = RealType
1537	rand.dist.samp.pconst	random	std::piecewise_constant_distribution::param_type	alias	1		using param_type = ⟨unspecified⟩
1538	rand.dist.samp.pconst	random	std::piecewise_constant_distribution::piecewise_constant_distribution	function	1		piecewise_constant_distribution()
1539	rand.dist.samp.pconst	random	std::piecewise_constant_distribution::piecewise_constant_distribution	function	1		piecewise_constant_distribution(InputIteratorB firstB, InputIteratorB lastB, InputIteratorW firstW)
1540	rand.dist.samp.pconst	random	std::piecewise_constant_distribution::piecewise_constant_distribution	function	1		piecewise_constant_distribution(initializer_list<RealType>bl, UnaryOperation fw)
1541	rand.dist.samp.pconst	random	std::piecewise_constant_distribution::piecewise_constant_distribution	function	1		piecewise_constant_distribution(size_t nw, RealType xmin, RealType xmax, UnaryOperation fw)
1542	rand.dist.samp.pconst	random	std::piecewise_constant_distribution::piecewise_constant_distribution	function	1		explicit piecewise_constant_distribution(const param_type&parm)
1543	rand.dist.samp.pconst	random	std::piecewise_constant_distribution::reset	function	1		void reset()
1544	rand.dist.samp.pconst	random	std::piecewise_constant_distribution::operator==	function	1		friend bool operator==(const piecewise_constant_distribution&x, const piecewise_constant_distribution&y)
1545	rand.dist.samp.pconst	random	std::piecewise_constant_distribution::operator()	function	1		result_type operator()(URBG&g)
1546	rand.dist.samp.pconst	random	std::piecewise_constant_distribution::operator()	function	1		result_type operator()(URBG&g, const param_type&parm)
1547	rand.dist.samp.pconst	random	std::piecewise_constant_distribution::intervals	function	1		vector<result_type>intervals()const
1548	rand.dist.samp.pconst	random	std::piecewise_constant_distribution::densities	function	1		vector<result_type>densities()const
1549	rand.dist.samp.pconst	random	std::piecewise_constant_distribution::param	function	1		param_type param()const
1550	rand.dist.samp.pconst	random	std::piecewise_constant_distribution::param	function	1		void param(const param_type&parm)
1551	rand.dist.samp.pconst	random	std::piecewise_constant_distribution::min	function	1		result_type min()const
1552	rand.dist.samp.pconst	random	std::piecewise_constant_distribution::max	function	1		result_type max()const
1553	rand.dist.samp.pconst	random	std::piecewise_constant_distribution::operator<<	function	1		friend basic_ostream<charT, traits>&operator<<(basic_ostream<charT, traits>&os, const piecewise_constant_distribution&x)
1554	rand.dist.samp.pconst	random	std::piecewise_constant_distribution::operator>>	function	1		friend basic_istream<charT, traits>&operator>>(basic_istream<charT, traits>&is, piecewise_constant_distribution&x)
1555	rand.dist.samp.plinear	random	std::piecewise_linear_distribution	classdef	1	presence only: presence	class piecewise_linear_distribution
1556	rand.dist.samp.plinear	random	std::piecewise_linear_distribution::result_type	alias	1		using result_type = RealType
1557	rand.dist.samp.plinear	random	std::piecewise_linear_distribution::param_type	alias	1		using param_type = ⟨unspecified⟩
1558	rand.dist.samp.plinear	random	std::piecewise_linear_distribution::piecewise_linear_distribution	function	1		piecewise_linear_distribution()
1559	rand.dist.samp.plinear	random	std::piecewise_linear_distribution::piecewise_linear_distribution	function	1		piecewise_linear_distribution(InputIteratorB firstB, InputIteratorB lastB, InputIteratorW firstW)
1560	rand.dist.samp.plinear	random	std::piecewise_linear_distribution::piecewise_linear_distribution	function	1		piecewise_linear_distribution(initializer_list<RealType>bl, UnaryOperation fw)
1561	rand.dist.samp.plinear	random	std::piecewise_linear_distribution::piecewise_linear_distribution	function	1		piecewise_linear_distribution(size_t nw, RealType xmin, RealType xmax, UnaryOperation fw)
1562	rand.dist.samp.plinear	random	std::piecewise_linear_distribution::piecewise_linear_distribution	function	1		explicit piecewise_linear_distribution(const param_type&parm)
1563	rand.dist.samp.plinear	random	std::piecewise_linear_distribution::reset	function	1		void reset()
1564	rand.dist.samp.plinear	random	std::piecewise_linear_distribution::operator==	function	1		friend bool operator==(const piecewise_linear_distribution&x, const piecewise_linear_distribution&y)
1565	rand.dist.samp.plinear	random	std::piecewise_linear_distribution::operator()	function	1		result_type operator()(URBG&g)
1566	rand.dist.samp.plinear	random	std::piecewise_linear_distribution::operator()	function	1		result_type operator()(URBG&g, const param_type&parm)
1567	rand.dist.samp.plinear	random	std::piecewise_linear_distribution::intervals	function	1		vector<result_type>intervals()const
1568	rand.dist.samp.plinear	random	std::piecewise_linear_distribution::densities	function	1		vector<result_type>densities()const
1569	rand.dist.samp.plinear	random	std::piecewise_linear_distribution::param	function	1		param_type param()const
1570	rand.dist.samp.plinear	random	std::piecewise_linear_distribution::param	function	1		void param(const param_type&parm)
1571	rand.dist.samp.plinear	random	std::piecewise_linear_distribution::min	function	1		result_type min()const
1572	rand.dist.samp.plinear	random	std::piecewise_linear_distribution::max	function	1		result_type max()const
1573	rand.dist.samp.plinear	random	std::piecewise_linear_distribution::operator<<	function	1		friend basic_ostream<charT, traits>&operator<<(basic_ostream<charT, traits>&os, const piecewise_linear_distribution&x)
1574	rand.dist.samp.plinear	random	std::piecewise_linear_distribution::operator>>	function	1		friend basic_istream<charT, traits>&operator>>(basic_istream<charT, traits>&is, piecewise_linear_distribution&x)
1575	valarray.syn	valarray	std::valarray	classdecl	1	presence only: presence	class valarray
1576	valarray.syn	valarray	std::slice	classdecl	1	presence only: presence	class slice
1577	valarray.syn	valarray	std::slice_array	classdecl	1	presence only: presence	class slice_array
1578	valarray.syn	valarray	std::gslice	classdecl	1	presence only: presence	class gslice
1579	valarray.syn	valarray	std::gslice_array	classdecl	1	presence only: presence	class gslice_array
1580	valarray.syn	valarray	std::mask_array	classdecl	1	presence only: presence	class mask_array
1581	valarray.syn	valarray	std::indirect_array	classdecl	1	presence only: presence	class indirect_array
1582	valarray.syn	valarray	std::swap	function	1		void swap(valarray<T>&, valarray<T>&)noexcept
1583	valarray.syn	valarray	std::operator*	function	1		valarray<T>operator*(const valarray<T>&, const valarray<T>&)
1584	valarray.syn	valarray	std::operator*	function	1		valarray<T>operator*(const valarray<T>&, const typename valarray<T>::value_type&)
1585	valarray.syn	valarray	std::operator*	function	1		valarray<T>operator*(const typename valarray<T>::value_type&, const valarray<T>&)
1586	valarray.syn	valarray	std::operator/	function	1		valarray<T>operator/(const valarray<T>&, const valarray<T>&)
1587	valarray.syn	valarray	std::operator/	function	1		valarray<T>operator/(const valarray<T>&, const typename valarray<T>::value_type&)
1588	valarray.syn	valarray	std::operator/	function	1		valarray<T>operator/(const typename valarray<T>::value_type&, const valarray<T>&)
1589	valarray.syn	valarray	std::operator%	function	1		valarray<T>operator%(const valarray<T>&, const valarray<T>&)
1590	valarray.syn	valarray	std::operator%	function	1		valarray<T>operator%(const valarray<T>&, const typename valarray<T>::value_type&)
1591	valarray.syn	valarray	std::operator%	function	1		valarray<T>operator%(const typename valarray<T>::value_type&, const valarray<T>&)
1592	valarray.syn	valarray	std::operator+	function	1		valarray<T>operator+(const valarray<T>&, const valarray<T>&)
1593	valarray.syn	valarray	std::operator+	function	1		valarray<T>operator+(const valarray<T>&, const typename valarray<T>::value_type&)
1594	valarray.syn	valarray	std::operator+	function	1		valarray<T>operator+(const typename valarray<T>::value_type&, const valarray<T>&)
1595	valarray.syn	valarray	std::operator-	function	1		valarray<T>operator-(const valarray<T>&, const valarray<T>&)
1596	valarray.syn	valarray	std::operator-	function	1		valarray<T>operator-(const valarray<T>&, const typename valarray<T>::value_type&)
1597	valarray.syn	valarray	std::operator-	function	1		valarray<T>operator-(const typename valarray<T>::value_type&, const valarray<T>&)
1598	valarray.syn	valarray	std::operator^	function	1		valarray<T>operator^(const valarray<T>&, const valarray<T>&)
1599	valarray.syn	valarray	std::operator^	function	1		valarray<T>operator^(const valarray<T>&, const typename valarray<T>::value_type&)
1600	valarray.syn	valarray	std::operator^	function	1		valarray<T>operator^(const typename valarray<T>::value_type&, const valarray<T>&)
1601	valarray.syn	valarray	std::operator&	function	1		valarray<T>operator&(const valarray<T>&, const valarray<T>&)
1602	valarray.syn	valarray	std::operator&	function	1		valarray<T>operator&(const valarray<T>&, const typename valarray<T>::value_type&)
1603	valarray.syn	valarray	std::operator&	function	1		valarray<T>operator&(const typename valarray<T>::value_type&, const valarray<T>&)
1604	valarray.syn	valarray	std::operator|	function	1		valarray<T>operator|(const valarray<T>&, const valarray<T>&)
1605	valarray.syn	valarray	std::operator|	function	1		valarray<T>operator|(const valarray<T>&, const typename valarray<T>::value_type&)
1606	valarray.syn	valarray	std::operator|	function	1		valarray<T>operator|(const typename valarray<T>::value_type&, const valarray<T>&)
1607	valarray.syn	valarray	std::operator<<	function	1		valarray<T>operator<<(const valarray<T>&, const valarray<T>&)
1608	valarray.syn	valarray	std::operator<<	function	1		valarray<T>operator<<(const valarray<T>&, const typename valarray<T>::value_type&)
1609	valarray.syn	valarray	std::operator<<	function	1		valarray<T>operator<<(const typename valarray<T>::value_type&, const valarray<T>&)
1610	valarray.syn	valarray	std::operator>>	function	1		valarray<T>operator>>(const valarray<T>&, const valarray<T>&)
1611	valarray.syn	valarray	std::operator>>	function	1		valarray<T>operator>>(const valarray<T>&, const typename valarray<T>::value_type&)
1612	valarray.syn	valarray	std::operator>>	function	1		valarray<T>operator>>(const typename valarray<T>::value_type&, const valarray<T>&)
1613	valarray.syn	valarray	std::operator&&	function	1		valarray<bool>operator&&(const valarray<T>&, const valarray<T>&)
1614	valarray.syn	valarray	std::operator&&	function	1		valarray<bool>operator&&(const valarray<T>&, const typename valarray<T>::value_type&)
1615	valarray.syn	valarray	std::operator&&	function	1		valarray<bool>operator&&(const typename valarray<T>::value_type&, const valarray<T>&)
1616	valarray.syn	valarray	std::operator||	function	1		valarray<bool>operator||(const valarray<T>&, const valarray<T>&)
1617	valarray.syn	valarray	std::operator||	function	1		valarray<bool>operator||(const valarray<T>&, const typename valarray<T>::value_type&)
1618	valarray.syn	valarray	std::operator||	function	1		valarray<bool>operator||(const typename valarray<T>::value_type&, const valarray<T>&)
1619	valarray.syn	valarray	std::operator==	function	1		valarray<bool>operator==(const valarray<T>&, const valarray<T>&)
1620	valarray.syn	valarray	std::operator==	function	1		valarray<bool>operator==(const valarray<T>&, const typename valarray<T>::value_type&)
1621	valarray.syn	valarray	std::operator==	function	1		valarray<bool>operator==(const typename valarray<T>::value_type&, const valarray<T>&)
1622	valarray.syn	valarray	std::operator!=	function	1		valarray<bool>operator!=(const valarray<T>&, const valarray<T>&)
1623	valarray.syn	valarray	std::operator!=	function	1		valarray<bool>operator!=(const valarray<T>&, const typename valarray<T>::value_type&)
1624	valarray.syn	valarray	std::operator!=	function	1		valarray<bool>operator!=(const typename valarray<T>::value_type&, const valarray<T>&)
1625	valarray.syn	valarray	std::operator<	function	1		valarray<bool>operator<(const valarray<T>&, const valarray<T>&)
1626	valarray.syn	valarray	std::operator<	function	1		valarray<bool>operator<(const valarray<T>&, const typename valarray<T>::value_type&)
1627	valarray.syn	valarray	std::operator<	function	1		valarray<bool>operator<(const typename valarray<T>::value_type&, const valarray<T>&)
1628	valarray.syn	valarray	std::operator>	function	1		valarray<bool>operator>(const valarray<T>&, const valarray<T>&)
1629	valarray.syn	valarray	std::operator>	function	1		valarray<bool>operator>(const valarray<T>&, const typename valarray<T>::value_type&)
1630	valarray.syn	valarray	std::operator>	function	1		valarray<bool>operator>(const typename valarray<T>::value_type&, const valarray<T>&)
1631	valarray.syn	valarray	std::operator<=	function	1		valarray<bool>operator< = (const valarray<T>&, const valarray<T>&)
1632	valarray.syn	valarray	std::operator<=	function	1		valarray<bool>operator< = (const valarray<T>&, const typename valarray<T>::value_type&)
1633	valarray.syn	valarray	std::operator<=	function	1		valarray<bool>operator< = (const typename valarray<T>::value_type&, const valarray<T>&)
1634	valarray.syn	valarray	std::operator>=	function	1		valarray<bool>operator> = (const valarray<T>&, const valarray<T>&)
1635	valarray.syn	valarray	std::operator>=	function	1		valarray<bool>operator> = (const valarray<T>&, const typename valarray<T>::value_type&)
1636	valarray.syn	valarray	std::operator>=	function	1		valarray<bool>operator> = (const typename valarray<T>::value_type&, const valarray<T>&)
1637	valarray.syn	valarray	std::abs	function	1		valarray<T>abs(const valarray<T>&)
1638	valarray.syn	valarray	std::acos	function	1		valarray<T>acos(const valarray<T>&)
1639	valarray.syn	valarray	std::asin	function	1		valarray<T>asin(const valarray<T>&)
1640	valarray.syn	valarray	std::atan	function	1		valarray<T>atan(const valarray<T>&)
1641	valarray.syn	valarray	std::atan2	function	1		valarray<T>atan2(const valarray<T>&, const valarray<T>&)
1642	valarray.syn	valarray	std::atan2	function	1		valarray<T>atan2(const valarray<T>&, const typename valarray<T>::value_type&)
1643	valarray.syn	valarray	std::atan2	function	1		valarray<T>atan2(const typename valarray<T>::value_type&, const valarray<T>&)
1644	valarray.syn	valarray	std::cos	function	1		valarray<T>cos(const valarray<T>&)
1645	valarray.syn	valarray	std::cosh	function	1		valarray<T>cosh(const valarray<T>&)
1646	valarray.syn	valarray	std::exp	function	1		valarray<T>exp(const valarray<T>&)
1647	valarray.syn	valarray	std::log	function	1		valarray<T>log(const valarray<T>&)
1648	valarray.syn	valarray	std::log10	function	1		valarray<T>log10(const valarray<T>&)
1649	valarray.syn	valarray	std::pow	function	1		valarray<T>pow(const valarray<T>&, const valarray<T>&)
1650	valarray.syn	valarray	std::pow	function	1		valarray<T>pow(const valarray<T>&, const typename valarray<T>::value_type&)
1651	valarray.syn	valarray	std::pow	function	1		valarray<T>pow(const typename valarray<T>::value_type&, const valarray<T>&)
1652	valarray.syn	valarray	std::sin	function	1		valarray<T>sin(const valarray<T>&)
1653	valarray.syn	valarray	std::sinh	function	1		valarray<T>sinh(const valarray<T>&)
1654	valarray.syn	valarray	std::sqrt	function	1		valarray<T>sqrt(const valarray<T>&)
1655	valarray.syn	valarray	std::tan	function	1		valarray<T>tan(const valarray<T>&)
1656	valarray.syn	valarray	std::tanh	function	1		valarray<T>tanh(const valarray<T>&)
1657	template.valarray.overview	valarray	std::valarray	classdef	1	presence only: presence	class valarray
1658	template.valarray.overview	valarray	std::valarray::value_type	alias	1		using value_type = T
1659	template.valarray.overview	valarray	std::valarray::iterator	alias	1		using iterator = ⟨unspecified⟩
1660	template.valarray.overview	valarray	std::valarray::const_iterator	alias	1		using const_iterator = ⟨unspecified⟩
1661	template.valarray.overview	valarray	std::valarray::valarray	function	1		valarray()
1662	template.valarray.overview	valarray	std::valarray::valarray	function	1		explicit valarray(size_t)
1663	template.valarray.overview	valarray	std::valarray::valarray	function	1		valarray(const T&, size_t)
1664	template.valarray.overview	valarray	std::valarray::valarray	function	1		valarray(const T*, size_t)
1665	template.valarray.overview	valarray	std::valarray::valarray	function	1		valarray(const valarray&)
1666	template.valarray.overview	valarray	std::valarray::valarray	function	1		valarray(valarray&&)noexcept
1667	template.valarray.overview	valarray	std::valarray::valarray	function	1		valarray(const slice_array<T>&)
1668	template.valarray.overview	valarray	std::valarray::valarray	function	1		valarray(const gslice_array<T>&)
1669	template.valarray.overview	valarray	std::valarray::valarray	function	1		valarray(const mask_array<T>&)
1670	template.valarray.overview	valarray	std::valarray::valarray	function	1		valarray(const indirect_array<T>&)
1671	template.valarray.overview	valarray	std::valarray::valarray	function	1		valarray(initializer_list<T>)
1672	template.valarray.overview	valarray	std::valarray::~valarray	function	1		~valarray()
1673	template.valarray.overview	valarray	std::valarray::operator=	function	1		valarray&operator = (const valarray&)
1674	template.valarray.overview	valarray	std::valarray::operator=	function	1		valarray&operator = (valarray&&)noexcept
1675	template.valarray.overview	valarray	std::valarray::operator=	function	1		valarray&operator = (initializer_list<T>)
1676	template.valarray.overview	valarray	std::valarray::operator=	function	1		valarray&operator = (const T&)
1677	template.valarray.overview	valarray	std::valarray::operator=	function	1		valarray&operator = (const slice_array<T>&)
1678	template.valarray.overview	valarray	std::valarray::operator=	function	1		valarray&operator = (const gslice_array<T>&)
1679	template.valarray.overview	valarray	std::valarray::operator=	function	1		valarray&operator = (const mask_array<T>&)
1680	template.valarray.overview	valarray	std::valarray::operator=	function	1		valarray&operator = (const indirect_array<T>&)
1681	template.valarray.overview	valarray	std::valarray::operator[]	function	1		const T&operator[](size_t)const
1682	template.valarray.overview	valarray	std::valarray::operator[]	function	1		T&operator[](size_t)
1683	template.valarray.overview	valarray	std::valarray::operator[]	function	1		valarray operator[](slice)const
1684	template.valarray.overview	valarray	std::valarray::operator[]	function	1		slice_array<T>operator[](slice)
1685	template.valarray.overview	valarray	std::valarray::operator[]	function	1		valarray operator[](const gslice&)const
1686	template.valarray.overview	valarray	std::valarray::operator[]	function	1		gslice_array<T>operator[](const gslice&)
1687	template.valarray.overview	valarray	std::valarray::operator[]	function	1		valarray operator[](const valarray<bool>&)const
1688	template.valarray.overview	valarray	std::valarray::operator[]	function	1		mask_array<T>operator[](const valarray<bool>&)
1689	template.valarray.overview	valarray	std::valarray::operator[]	function	1		valarray operator[](const valarray<size_t>&)const
1690	template.valarray.overview	valarray	std::valarray::operator[]	function	1		indirect_array<T>operator[](const valarray<size_t>&)
1691	template.valarray.overview	valarray	std::valarray::operator+	function	1		valarray operator+()const
1692	template.valarray.overview	valarray	std::valarray::operator-	function	1		valarray operator-()const
1693	template.valarray.overview	valarray	std::valarray::operator~	function	1		valarray operator~()const
1694	template.valarray.overview	valarray	std::valarray::operator!	function	1		valarray<bool>operator!()const
1695	template.valarray.overview	valarray	std::valarray::operator*=	function	1		valarray&operator*=(const T&)
1696	template.valarray.overview	valarray	std::valarray::operator/=	function	1		valarray&operator/=(const T&)
1697	template.valarray.overview	valarray	std::valarray::operator%=	function	1		valarray&operator%=(const T&)
1698	template.valarray.overview	valarray	std::valarray::operator+=	function	1		valarray&operator+=(const T&)
1699	template.valarray.overview	valarray	std::valarray::operator-=	function	1		valarray&operator-=(const T&)
1700	template.valarray.overview	valarray	std::valarray::operator^=	function	1		valarray&operator^=(const T&)
1701	template.valarray.overview	valarray	std::valarray::operator&=	function	1		valarray&operator&=(const T&)
1702	template.valarray.overview	valarray	std::valarray::operator|=	function	1		valarray&operator|=(const T&)
1703	template.valarray.overview	valarray	std::valarray::operator<<=	function	1		valarray&operator<< = (const T&)
1704	template.valarray.overview	valarray	std::valarray::operator>>=	function	1		valarray&operator>> = (const T&)
1705	template.valarray.overview	valarray	std::valarray::operator*=	function	1		valarray&operator*=(const valarray&)
1706	template.valarray.overview	valarray	std::valarray::operator/=	function	1		valarray&operator/=(const valarray&)
1707	template.valarray.overview	valarray	std::valarray::operator%=	function	1		valarray&operator%=(const valarray&)
1708	template.valarray.overview	valarray	std::valarray::operator+=	function	1		valarray&operator+=(const valarray&)
1709	template.valarray.overview	valarray	std::valarray::operator-=	function	1		valarray&operator-=(const valarray&)
1710	template.valarray.overview	valarray	std::valarray::operator^=	function	1		valarray&operator^=(const valarray&)
1711	template.valarray.overview	valarray	std::valarray::operator|=	function	1		valarray&operator|=(const valarray&)
1712	template.valarray.overview	valarray	std::valarray::operator&=	function	1		valarray&operator&=(const valarray&)
1713	template.valarray.overview	valarray	std::valarray::operator<<=	function	1		valarray&operator<< = (const valarray&)
1714	template.valarray.overview	valarray	std::valarray::operator>>=	function	1		valarray&operator>> = (const valarray&)
1715	template.valarray.overview	valarray	std::valarray::begin	function	1		iterator begin()
1716	template.valarray.overview	valarray	std::valarray::end	function	1		iterator end()
1717	template.valarray.overview	valarray	std::valarray::begin	function	1		const_iterator begin()const
1718	template.valarray.overview	valarray	std::valarray::end	function	1		const_iterator end()const
1719	template.valarray.overview	valarray	std::valarray::swap	function	1		void swap(valarray&)noexcept
1720	template.valarray.overview	valarray	std::valarray::size	function	1		size_t size()const
1721	template.valarray.overview	valarray	std::valarray::sum	function	1		T sum()const
1722	template.valarray.overview	valarray	std::valarray::min	function	1		T min()const
1723	template.valarray.overview	valarray	std::valarray::max	function	1		T max()const
1724	template.valarray.overview	valarray	std::valarray::shift	function	1		valarray shift(int)const
1725	template.valarray.overview	valarray	std::valarray::cshift	function	1		valarray cshift(int)const
1726	template.valarray.overview	valarray	std::valarray::apply	function	1		valarray apply(T func(T))const
1727	template.valarray.overview	valarray	std::valarray::apply	function	1		valarray apply(T func(const T&))const
1728	template.valarray.overview	valarray	std::valarray::resize	function	2		void resize(size_t sz, T c = T())
1729	template.valarray.overview	valarray	std::valarray	guide	1		valarray(const T(&)[cnt], size_t)->valarray<T>
1730	class.slice.overview	valarray	std::slice	classdef	1	presence only: presence	class slice
1731	class.slice.overview	valarray	std::slice::slice	function	1		slice()
1732	class.slice.overview	valarray	std::slice::slice	function	1		slice(size_t, size_t, size_t)
1733	class.slice.overview	valarray	std::slice::slice	function	1		slice(const slice&)
1734	class.slice.overview	valarray	std::slice::start	function	1		size_t start()const
1735	class.slice.overview	valarray	std::slice::size	function	1		size_t size()const
1736	class.slice.overview	valarray	std::slice::stride	function	1		size_t stride()const
1737	class.slice.overview	valarray	std::slice::operator==	function	1		friend bool operator==(const slice&x, const slice&y)
1738	template.slice.array.overview	valarray	std::slice_array	classdef	1	presence only: presence	class slice_array
1739	template.slice.array.overview	valarray	std::slice_array::value_type	alias	1		using value_type = T
1740	template.slice.array.overview	valarray	std::slice_array::operator=	function	1		void operator = (const valarray<T>&)const
1741	template.slice.array.overview	valarray	std::slice_array::operator*=	function	1		void operator*=(const valarray<T>&)const
1742	template.slice.array.overview	valarray	std::slice_array::operator/=	function	1		void operator/=(const valarray<T>&)const
1743	template.slice.array.overview	valarray	std::slice_array::operator%=	function	1		void operator%=(const valarray<T>&)const
1744	template.slice.array.overview	valarray	std::slice_array::operator+=	function	1		void operator+=(const valarray<T>&)const
1745	template.slice.array.overview	valarray	std::slice_array::operator-=	function	1		void operator-=(const valarray<T>&)const
1746	template.slice.array.overview	valarray	std::slice_array::operator^=	function	1		void operator^=(const valarray<T>&)const
1747	template.slice.array.overview	valarray	std::slice_array::operator&=	function	1		void operator&=(const valarray<T>&)const
1748	template.slice.array.overview	valarray	std::slice_array::operator|=	function	1		void operator|=(const valarray<T>&)const
1749	template.slice.array.overview	valarray	std::slice_array::operator<<=	function	1		void operator<< = (const valarray<T>&)const
1750	template.slice.array.overview	valarray	std::slice_array::operator>>=	function	1		void operator>> = (const valarray<T>&)const
1751	template.slice.array.overview	valarray	std::slice_array::slice_array	function	1		slice_array(const slice_array&)
1752	template.slice.array.overview	valarray	std::slice_array::~slice_array	function	1		~slice_array()
1753	template.slice.array.overview	valarray	std::slice_array::operator=	function	1		const slice_array&operator = (const slice_array&)const
1754	template.slice.array.overview	valarray	std::slice_array::operator=	function	1		void operator = (const T&)const
1755	template.slice.array.overview	valarray	std::slice_array::slice_array	function	1		slice_array() = delete
1756	class.gslice.overview	valarray	std::gslice	classdef	1	presence only: presence	class gslice
1757	class.gslice.overview	valarray	std::gslice::gslice	function	1		gslice()
1758	class.gslice.overview	valarray	std::gslice::gslice	function	1		gslice(size_t s, const valarray<size_t>&l, const valarray<size_t>&d)
1759	class.gslice.overview	valarray	std::gslice::start	function	1		size_t start()const
1760	class.gslice.overview	valarray	std::gslice::size	function	1		valarray<size_t>size()const
1761	class.gslice.overview	valarray	std::gslice::stride	function	1		valarray<size_t>stride()const
1762	template.gslice.array.overview	valarray	std::gslice_array	classdef	1	presence only: presence	class gslice_array
1763	template.gslice.array.overview	valarray	std::gslice_array::value_type	alias	1		using value_type = T
1764	template.gslice.array.overview	valarray	std::gslice_array::operator=	function	1		void operator = (const valarray<T>&)const
1765	template.gslice.array.overview	valarray	std::gslice_array::operator*=	function	1		void operator*=(const valarray<T>&)const
1766	template.gslice.array.overview	valarray	std::gslice_array::operator/=	function	1		void operator/=(const valarray<T>&)const
1767	template.gslice.array.overview	valarray	std::gslice_array::operator%=	function	1		void operator%=(const valarray<T>&)const
1768	template.gslice.array.overview	valarray	std::gslice_array::operator+=	function	1		void operator+=(const valarray<T>&)const
1769	template.gslice.array.overview	valarray	std::gslice_array::operator-=	function	1		void operator-=(const valarray<T>&)const
1770	template.gslice.array.overview	valarray	std::gslice_array::operator^=	function	1		void operator^=(const valarray<T>&)const
1771	template.gslice.array.overview	valarray	std::gslice_array::operator&=	function	1		void operator&=(const valarray<T>&)const
1772	template.gslice.array.overview	valarray	std::gslice_array::operator|=	function	1		void operator|=(const valarray<T>&)const
1773	template.gslice.array.overview	valarray	std::gslice_array::operator<<=	function	1		void operator<< = (const valarray<T>&)const
1774	template.gslice.array.overview	valarray	std::gslice_array::operator>>=	function	1		void operator>> = (const valarray<T>&)const
1775	template.gslice.array.overview	valarray	std::gslice_array::gslice_array	function	1		gslice_array(const gslice_array&)
1776	template.gslice.array.overview	valarray	std::gslice_array::~gslice_array	function	1		~gslice_array()
1777	template.gslice.array.overview	valarray	std::gslice_array::operator=	function	1		const gslice_array&operator = (const gslice_array&)const
1778	template.gslice.array.overview	valarray	std::gslice_array::operator=	function	1		void operator = (const T&)const
1779	template.gslice.array.overview	valarray	std::gslice_array::gslice_array	function	1		gslice_array() = delete
1780	template.mask.array.overview	valarray	std::mask_array	classdef	1	presence only: presence	class mask_array
1781	template.mask.array.overview	valarray	std::mask_array::value_type	alias	1		using value_type = T
1782	template.mask.array.overview	valarray	std::mask_array::operator=	function	1		void operator = (const valarray<T>&)const
1783	template.mask.array.overview	valarray	std::mask_array::operator*=	function	1		void operator*=(const valarray<T>&)const
1784	template.mask.array.overview	valarray	std::mask_array::operator/=	function	1		void operator/=(const valarray<T>&)const
1785	template.mask.array.overview	valarray	std::mask_array::operator%=	function	1		void operator%=(const valarray<T>&)const
1786	template.mask.array.overview	valarray	std::mask_array::operator+=	function	1		void operator+=(const valarray<T>&)const
1787	template.mask.array.overview	valarray	std::mask_array::operator-=	function	1		void operator-=(const valarray<T>&)const
1788	template.mask.array.overview	valarray	std::mask_array::operator^=	function	1		void operator^=(const valarray<T>&)const
1789	template.mask.array.overview	valarray	std::mask_array::operator&=	function	1		void operator&=(const valarray<T>&)const
1790	template.mask.array.overview	valarray	std::mask_array::operator|=	function	1		void operator|=(const valarray<T>&)const
1791	template.mask.array.overview	valarray	std::mask_array::operator<<=	function	1		void operator<< = (const valarray<T>&)const
1792	template.mask.array.overview	valarray	std::mask_array::operator>>=	function	1		void operator>> = (const valarray<T>&)const
1793	template.mask.array.overview	valarray	std::mask_array::mask_array	function	1		mask_array(const mask_array&)
1794	template.mask.array.overview	valarray	std::mask_array::~mask_array	function	1		~mask_array()
1795	template.mask.array.overview	valarray	std::mask_array::operator=	function	1		const mask_array&operator = (const mask_array&)const
1796	template.mask.array.overview	valarray	std::mask_array::operator=	function	1		void operator = (const T&)const
1797	template.mask.array.overview	valarray	std::mask_array::mask_array	function	1		mask_array() = delete
1798	template.indirect.array.overview	valarray	std::indirect_array	classdef	1	presence only: presence	class indirect_array
1799	template.indirect.array.overview	valarray	std::indirect_array::value_type	alias	1		using value_type = T
1800	template.indirect.array.overview	valarray	std::indirect_array::operator=	function	1		void operator = (const valarray<T>&)const
1801	template.indirect.array.overview	valarray	std::indirect_array::operator*=	function	1		void operator*=(const valarray<T>&)const
1802	template.indirect.array.overview	valarray	std::indirect_array::operator/=	function	1		void operator/=(const valarray<T>&)const
1803	template.indirect.array.overview	valarray	std::indirect_array::operator%=	function	1		void operator%=(const valarray<T>&)const
1804	template.indirect.array.overview	valarray	std::indirect_array::operator+=	function	1		void operator+=(const valarray<T>&)const
1805	template.indirect.array.overview	valarray	std::indirect_array::operator-=	function	1		void operator-=(const valarray<T>&)const
1806	template.indirect.array.overview	valarray	std::indirect_array::operator^=	function	1		void operator^=(const valarray<T>&)const
1807	template.indirect.array.overview	valarray	std::indirect_array::operator&=	function	1		void operator&=(const valarray<T>&)const
1808	template.indirect.array.overview	valarray	std::indirect_array::operator|=	function	1		void operator|=(const valarray<T>&)const
1809	template.indirect.array.overview	valarray	std::indirect_array::operator<<=	function	1		void operator<< = (const valarray<T>&)const
1810	template.indirect.array.overview	valarray	std::indirect_array::operator>>=	function	1		void operator>> = (const valarray<T>&)const
1811	template.indirect.array.overview	valarray	std::indirect_array::indirect_array	function	1		indirect_array(const indirect_array&)
1812	template.indirect.array.overview	valarray	std::indirect_array::~indirect_array	function	1		~indirect_array()
1813	template.indirect.array.overview	valarray	std::indirect_array::operator=	function	1		const indirect_array&operator = (const indirect_array&)const
1814	template.indirect.array.overview	valarray	std::indirect_array::operator=	function	1		void operator = (const T&)const
1815	template.indirect.array.overview	valarray	std::indirect_array::indirect_array	function	1		indirect_array() = delete
1816	cmath.syn	cmath	std::float_t	alias	1		using float_t = ⟨see below⟩
1817	cmath.syn	cmath	std::double_t	alias	1		using double_t = ⟨see below⟩
1818	cmath.syn	cmath	std::acos	function	6		constexpr ⟨floating-point-type⟩ acos(⟨floating-point-type⟩ x)
1819	cmath.syn	cmath	std::acosf	function	2		constexpr float acosf(float x)
1820	cmath.syn	cmath	std::acosl	function	2		constexpr long double acosl(long double x)
1821	cmath.syn	cmath	std::asin	function	6		constexpr ⟨floating-point-type⟩ asin(⟨floating-point-type⟩ x)
1822	cmath.syn	cmath	std::asinf	function	2		constexpr float asinf(float x)
1823	cmath.syn	cmath	std::asinl	function	2		constexpr long double asinl(long double x)
1824	cmath.syn	cmath	std::atan	function	6		constexpr ⟨floating-point-type⟩ atan(⟨floating-point-type⟩ x)
1825	cmath.syn	cmath	std::atanf	function	2		constexpr float atanf(float x)
1826	cmath.syn	cmath	std::atanl	function	2		constexpr long double atanl(long double x)
1827	cmath.syn	cmath	std::atan2	function	6		constexpr ⟨floating-point-type⟩ atan2(⟨floating-point-type⟩ y, ⟨floating-point-type⟩ x)
1828	cmath.syn	cmath	std::atan2f	function	2		constexpr float atan2f(float y, float x)
1829	cmath.syn	cmath	std::atan2l	function	2		constexpr long double atan2l(long double y, long double x)
1830	cmath.syn	cmath	std::cos	function	6		constexpr ⟨floating-point-type⟩ cos(⟨floating-point-type⟩ x)
1831	cmath.syn	cmath	std::cosf	function	2		constexpr float cosf(float x)
1832	cmath.syn	cmath	std::cosl	function	2		constexpr long double cosl(long double x)
1833	cmath.syn	cmath	std::sin	function	6		constexpr ⟨floating-point-type⟩ sin(⟨floating-point-type⟩ x)
1834	cmath.syn	cmath	std::sinf	function	2		constexpr float sinf(float x)
1835	cmath.syn	cmath	std::sinl	function	2		constexpr long double sinl(long double x)
1836	cmath.syn	cmath	std::tan	function	6		constexpr ⟨floating-point-type⟩ tan(⟨floating-point-type⟩ x)
1837	cmath.syn	cmath	std::tanf	function	2		constexpr float tanf(float x)
1838	cmath.syn	cmath	std::tanl	function	2		constexpr long double tanl(long double x)
1839	cmath.syn	cmath	std::acosh	function	6		constexpr ⟨floating-point-type⟩ acosh(⟨floating-point-type⟩ x)
1840	cmath.syn	cmath	std::acoshf	function	2		constexpr float acoshf(float x)
1841	cmath.syn	cmath	std::acoshl	function	2		constexpr long double acoshl(long double x)
1842	cmath.syn	cmath	std::asinh	function	6		constexpr ⟨floating-point-type⟩ asinh(⟨floating-point-type⟩ x)
1843	cmath.syn	cmath	std::asinhf	function	2		constexpr float asinhf(float x)
1844	cmath.syn	cmath	std::asinhl	function	2		constexpr long double asinhl(long double x)
1845	cmath.syn	cmath	std::atanh	function	6		constexpr ⟨floating-point-type⟩ atanh(⟨floating-point-type⟩ x)
1846	cmath.syn	cmath	std::atanhf	function	2		constexpr float atanhf(float x)
1847	cmath.syn	cmath	std::atanhl	function	2		constexpr long double atanhl(long double x)
1848	cmath.syn	cmath	std::cosh	function	6		constexpr ⟨floating-point-type⟩ cosh(⟨floating-point-type⟩ x)
1849	cmath.syn	cmath	std::coshf	function	2		constexpr float coshf(float x)
1850	cmath.syn	cmath	std::coshl	function	2		constexpr long double coshl(long double x)
1851	cmath.syn	cmath	std::sinh	function	6		constexpr ⟨floating-point-type⟩ sinh(⟨floating-point-type⟩ x)
1852	cmath.syn	cmath	std::sinhf	function	2		constexpr float sinhf(float x)
1853	cmath.syn	cmath	std::sinhl	function	2		constexpr long double sinhl(long double x)
1854	cmath.syn	cmath	std::tanh	function	6		constexpr ⟨floating-point-type⟩ tanh(⟨floating-point-type⟩ x)
1855	cmath.syn	cmath	std::tanhf	function	2		constexpr float tanhf(float x)
1856	cmath.syn	cmath	std::tanhl	function	2		constexpr long double tanhl(long double x)
1857	cmath.syn	cmath	std::exp	function	6		constexpr ⟨floating-point-type⟩ exp(⟨floating-point-type⟩ x)
1858	cmath.syn	cmath	std::expf	function	2		constexpr float expf(float x)
1859	cmath.syn	cmath	std::expl	function	2		constexpr long double expl(long double x)
1860	cmath.syn	cmath	std::exp2	function	6		constexpr ⟨floating-point-type⟩ exp2(⟨floating-point-type⟩ x)
1861	cmath.syn	cmath	std::exp2f	function	2		constexpr float exp2f(float x)
1862	cmath.syn	cmath	std::exp2l	function	2		constexpr long double exp2l(long double x)
1863	cmath.syn	cmath	std::expm1	function	6		constexpr ⟨floating-point-type⟩ expm1(⟨floating-point-type⟩ x)
1864	cmath.syn	cmath	std::expm1f	function	2		constexpr float expm1f(float x)
1865	cmath.syn	cmath	std::expm1l	function	2		constexpr long double expm1l(long double x)
1866	cmath.syn	cmath	std::frexp	function	3		constexpr ⟨floating-point-type⟩ frexp(⟨floating-point-type⟩ value, int*exp)
1867	cmath.syn	cmath	std::frexpf	function	1		constexpr float frexpf(float value, int*exp)
1868	cmath.syn	cmath	std::frexpl	function	1		constexpr long double frexpl(long double value, int*exp)
1869	cmath.syn	cmath	std::ilogb	function	6		constexpr int ilogb(⟨floating-point-type⟩ x)
1870	cmath.syn	cmath	std::ilogbf	function	2		constexpr int ilogbf(float x)
1871	cmath.syn	cmath	std::ilogbl	function	2		constexpr int ilogbl(long double x)
1872	cmath.syn	cmath	std::ldexp	function	6		constexpr ⟨floating-point-type⟩ ldexp(⟨floating-point-type⟩ x, int exp)
1873	cmath.syn	cmath	std::ldexpf	function	2		constexpr float ldexpf(float x, int exp)
1874	cmath.syn	cmath	std::ldexpl	function	2		constexpr long double ldexpl(long double x, int exp)
1875	cmath.syn	cmath	std::log	function	6		constexpr ⟨floating-point-type⟩ log(⟨floating-point-type⟩ x)
1876	cmath.syn	cmath	std::logf	function	2		constexpr float logf(float x)
1877	cmath.syn	cmath	std::logl	function	2		constexpr long double logl(long double x)
1878	cmath.syn	cmath	std::log10	function	6		constexpr ⟨floating-point-type⟩ log10(⟨floating-point-type⟩ x)
1879	cmath.syn	cmath	std::log10f	function	2		constexpr float log10f(float x)
1880	cmath.syn	cmath	std::log10l	function	2		constexpr long double log10l(long double x)
1881	cmath.syn	cmath	std::log1p	function	6		constexpr ⟨floating-point-type⟩ log1p(⟨floating-point-type⟩ x)
1882	cmath.syn	cmath	std::log1pf	function	2		constexpr float log1pf(float x)
1883	cmath.syn	cmath	std::log1pl	function	2		constexpr long double log1pl(long double x)
1884	cmath.syn	cmath	std::log2	function	6		constexpr ⟨floating-point-type⟩ log2(⟨floating-point-type⟩ x)
1885	cmath.syn	cmath	std::log2f	function	2		constexpr float log2f(float x)
1886	cmath.syn	cmath	std::log2l	function	2		constexpr long double log2l(long double x)
1887	cmath.syn	cmath	std::logb	function	6		constexpr ⟨floating-point-type⟩ logb(⟨floating-point-type⟩ x)
1888	cmath.syn	cmath	std::logbf	function	2		constexpr float logbf(float x)
1889	cmath.syn	cmath	std::logbl	function	2		constexpr long double logbl(long double x)
1890	cmath.syn	cmath	std::modf	function	3		constexpr ⟨floating-point-type⟩ modf(⟨floating-point-type⟩ value, ⟨floating-point-type⟩*iptr)
1891	cmath.syn	cmath	std::modff	function	1		constexpr float modff(float value, float*iptr)
1892	cmath.syn	cmath	std::modfl	function	1		constexpr long double modfl(long double value, long double*iptr)
1893	cmath.syn	cmath	std::scalbn	function	6		constexpr ⟨floating-point-type⟩ scalbn(⟨floating-point-type⟩ x, int n)
1894	cmath.syn	cmath	std::scalbnf	function	2		constexpr float scalbnf(float x, int n)
1895	cmath.syn	cmath	std::scalbnl	function	2		constexpr long double scalbnl(long double x, int n)
1896	cmath.syn	cmath	std::scalbln	function	6		constexpr ⟨floating-point-type⟩ scalbln(⟨floating-point-type⟩ x, long int n)
1897	cmath.syn	cmath	std::scalblnf	function	2		constexpr float scalblnf(float x, long int n)
1898	cmath.syn	cmath	std::scalblnl	function	2		constexpr long double scalblnl(long double x, long int n)
1899	cmath.syn	cmath	std::cbrt	function	6		constexpr ⟨floating-point-type⟩ cbrt(⟨floating-point-type⟩ x)
1900	cmath.syn	cmath	std::cbrtf	function	2		constexpr float cbrtf(float x)
1901	cmath.syn	cmath	std::cbrtl	function	2		constexpr long double cbrtl(long double x)
1902	cmath.syn	cmath	std::abs	function	2		constexpr int abs(int j)
1903	cmath.syn	cmath	std::abs	function	2		constexpr long int abs(long int j)
1904	cmath.syn	cmath	std::abs	function	2		constexpr long long int abs(long long int j)
1905	cmath.syn	cmath	std::abs	function	6		constexpr ⟨floating-point-type⟩ abs(⟨floating-point-type⟩ j)
1906	cmath.syn	cmath	std::fabs	function	6		constexpr ⟨floating-point-type⟩ fabs(⟨floating-point-type⟩ x)
1907	cmath.syn	cmath	std::fabsf	function	2		constexpr float fabsf(float x)
1908	cmath.syn	cmath	std::fabsl	function	2		constexpr long double fabsl(long double x)
1909	cmath.syn	cmath	std::hypot	function	6		constexpr ⟨floating-point-type⟩ hypot(⟨floating-point-type⟩ x, ⟨floating-point-type⟩ y)
1910	cmath.syn	cmath	std::hypotf	function	2		constexpr float hypotf(float x, float y)
1911	cmath.syn	cmath	std::hypotl	function	2		constexpr long double hypotl(long double x, long double y)
1912	cmath.syn	cmath	std::hypot	function	6		constexpr ⟨floating-point-type⟩ hypot(⟨floating-point-type⟩ x, ⟨floating-point-type⟩ y, ⟨floating-point-type⟩ z)
1913	cmath.syn	cmath	std::pow	function	6		constexpr ⟨floating-point-type⟩ pow(⟨floating-point-type⟩ x, ⟨floating-point-type⟩ y)
1914	cmath.syn	cmath	std::powf	function	2		constexpr float powf(float x, float y)
1915	cmath.syn	cmath	std::powl	function	2		constexpr long double powl(long double x, long double y)
1916	cmath.syn	cmath	std::sqrt	function	6		constexpr ⟨floating-point-type⟩ sqrt(⟨floating-point-type⟩ x)
1917	cmath.syn	cmath	std::sqrtf	function	2		constexpr float sqrtf(float x)
1918	cmath.syn	cmath	std::sqrtl	function	2		constexpr long double sqrtl(long double x)
1919	cmath.syn	cmath	std::erf	function	6		constexpr ⟨floating-point-type⟩ erf(⟨floating-point-type⟩ x)
1920	cmath.syn	cmath	std::erff	function	2		constexpr float erff(float x)
1921	cmath.syn	cmath	std::erfl	function	2		constexpr long double erfl(long double x)
1922	cmath.syn	cmath	std::erfc	function	6		constexpr ⟨floating-point-type⟩ erfc(⟨floating-point-type⟩ x)
1923	cmath.syn	cmath	std::erfcf	function	2		constexpr float erfcf(float x)
1924	cmath.syn	cmath	std::erfcl	function	2		constexpr long double erfcl(long double x)
1925	cmath.syn	cmath	std::lgamma	function	6		constexpr ⟨floating-point-type⟩ lgamma(⟨floating-point-type⟩ x)
1926	cmath.syn	cmath	std::lgammaf	function	2		constexpr float lgammaf(float x)
1927	cmath.syn	cmath	std::lgammal	function	2		constexpr long double lgammal(long double x)
1928	cmath.syn	cmath	std::tgamma	function	6		constexpr ⟨floating-point-type⟩ tgamma(⟨floating-point-type⟩ x)
1929	cmath.syn	cmath	std::tgammaf	function	2		constexpr float tgammaf(float x)
1930	cmath.syn	cmath	std::tgammal	function	2		constexpr long double tgammal(long double x)
1931	cmath.syn	cmath	std::ceil	function	6		constexpr ⟨floating-point-type⟩ ceil(⟨floating-point-type⟩ x)
1932	cmath.syn	cmath	std::ceilf	function	2		constexpr float ceilf(float x)
1933	cmath.syn	cmath	std::ceill	function	2		constexpr long double ceill(long double x)
1934	cmath.syn	cmath	std::floor	function	6		constexpr ⟨floating-point-type⟩ floor(⟨floating-point-type⟩ x)
1935	cmath.syn	cmath	std::floorf	function	2		constexpr float floorf(float x)
1936	cmath.syn	cmath	std::floorl	function	2		constexpr long double floorl(long double x)
1937	cmath.syn	cmath	std::nearbyint	function	3		⟨floating-point-type⟩ nearbyint(⟨floating-point-type⟩ x)
1938	cmath.syn	cmath	std::nearbyintf	function	1		float nearbyintf(float x)
1939	cmath.syn	cmath	std::nearbyintl	function	1		long double nearbyintl(long double x)
1940	cmath.syn	cmath	std::rint	function	3		⟨floating-point-type⟩ rint(⟨floating-point-type⟩ x)
1941	cmath.syn	cmath	std::rintf	function	1		float rintf(float x)
1942	cmath.syn	cmath	std::rintl	function	1		long double rintl(long double x)
1943	cmath.syn	cmath	std::lrint	function	3		long int lrint(⟨floating-point-type⟩ x)
1944	cmath.syn	cmath	std::lrintf	function	1		long int lrintf(float x)
1945	cmath.syn	cmath	std::lrintl	function	1		long int lrintl(long double x)
1946	cmath.syn	cmath	std::llrint	function	3		long long int llrint(⟨floating-point-type⟩ x)
1947	cmath.syn	cmath	std::llrintf	function	1		long long int llrintf(float x)
1948	cmath.syn	cmath	std::llrintl	function	1		long long int llrintl(long double x)
1949	cmath.syn	cmath	std::round	function	6		constexpr ⟨floating-point-type⟩ round(⟨floating-point-type⟩ x)
1950	cmath.syn	cmath	std::roundf	function	2		constexpr float roundf(float x)
1951	cmath.syn	cmath	std::roundl	function	2		constexpr long double roundl(long double x)
1952	cmath.syn	cmath	std::lround	function	6		constexpr long int lround(⟨floating-point-type⟩ x)
1953	cmath.syn	cmath	std::lroundf	function	2		constexpr long int lroundf(float x)
1954	cmath.syn	cmath	std::lroundl	function	2		constexpr long int lroundl(long double x)
1955	cmath.syn	cmath	std::llround	function	6		constexpr long long int llround(⟨floating-point-type⟩ x)
1956	cmath.syn	cmath	std::llroundf	function	2		constexpr long long int llroundf(float x)
1957	cmath.syn	cmath	std::llroundl	function	2		constexpr long long int llroundl(long double x)
1958	cmath.syn	cmath	std::trunc	function	6		constexpr ⟨floating-point-type⟩ trunc(⟨floating-point-type⟩ x)
1959	cmath.syn	cmath	std::truncf	function	2		constexpr float truncf(float x)
1960	cmath.syn	cmath	std::truncl	function	2		constexpr long double truncl(long double x)
1961	cmath.syn	cmath	std::fmod	function	6		constexpr ⟨floating-point-type⟩ fmod(⟨floating-point-type⟩ x, ⟨floating-point-type⟩ y)
1962	cmath.syn	cmath	std::fmodf	function	2		constexpr float fmodf(float x, float y)
1963	cmath.syn	cmath	std::fmodl	function	2		constexpr long double fmodl(long double x, long double y)
1964	cmath.syn	cmath	std::remainder	function	6		constexpr ⟨floating-point-type⟩ remainder(⟨floating-point-type⟩ x, ⟨floating-point-type⟩ y)
1965	cmath.syn	cmath	std::remainderf	function	2		constexpr float remainderf(float x, float y)
1966	cmath.syn	cmath	std::remainderl	function	2		constexpr long double remainderl(long double x, long double y)
1967	cmath.syn	cmath	std::remquo	function	3		constexpr ⟨floating-point-type⟩ remquo(⟨floating-point-type⟩ x, ⟨floating-point-type⟩ y, int*quo)
1968	cmath.syn	cmath	std::remquof	function	1		constexpr float remquof(float x, float y, int*quo)
1969	cmath.syn	cmath	std::remquol	function	1		constexpr long double remquol(long double x, long double y, int*quo)
1970	cmath.syn	cmath	std::copysign	function	6		constexpr ⟨floating-point-type⟩ copysign(⟨floating-point-type⟩ x, ⟨floating-point-type⟩ y)
1971	cmath.syn	cmath	std::copysignf	function	2		constexpr float copysignf(float x, float y)
1972	cmath.syn	cmath	std::copysignl	function	2		constexpr long double copysignl(long double x, long double y)
1973	cmath.syn	cmath	std::nan	function	1		double nan(const char*tagp)
1974	cmath.syn	cmath	std::nanf	function	1		float nanf(const char*tagp)
1975	cmath.syn	cmath	std::nanl	function	1		long double nanl(const char*tagp)
1976	cmath.syn	cmath	std::nextafter	function	6		constexpr ⟨floating-point-type⟩ nextafter(⟨floating-point-type⟩ x, ⟨floating-point-type⟩ y)
1977	cmath.syn	cmath	std::nextafterf	function	2		constexpr float nextafterf(float x, float y)
1978	cmath.syn	cmath	std::nextafterl	function	2		constexpr long double nextafterl(long double x, long double y)
1979	cmath.syn	cmath	std::nexttoward	function	6		constexpr ⟨floating-point-type⟩ nexttoward(⟨floating-point-type⟩ x, long double y)
1980	cmath.syn	cmath	std::nexttowardf	function	2		constexpr float nexttowardf(float x, long double y)
1981	cmath.syn	cmath	std::nexttowardl	function	2		constexpr long double nexttowardl(long double x, long double y)
1982	cmath.syn	cmath	std::nextup	function	6		constexpr ⟨floating-point-type⟩ nextup(⟨floating-point-type⟩ x)
1983	cmath.syn	cmath	std::nextupf	function	2		constexpr float nextupf(float x)
1984	cmath.syn	cmath	std::nextupl	function	2		constexpr long double nextupl(long double x)
1985	cmath.syn	cmath	std::nextdown	function	6		constexpr ⟨floating-point-type⟩ nextdown(⟨floating-point-type⟩ x)
1986	cmath.syn	cmath	std::nextdownf	function	2		constexpr float nextdownf(float x)
1987	cmath.syn	cmath	std::nextdownl	function	2		constexpr long double nextdownl(long double x)
1988	cmath.syn	cmath	std::fdim	function	6		constexpr ⟨floating-point-type⟩ fdim(⟨floating-point-type⟩ x, ⟨floating-point-type⟩ y)
1989	cmath.syn	cmath	std::fdimf	function	2		constexpr float fdimf(float x, float y)
1990	cmath.syn	cmath	std::fdiml	function	2		constexpr long double fdiml(long double x, long double y)
1991	cmath.syn	cmath	std::fmax	function	6		constexpr ⟨floating-point-type⟩ fmax(⟨floating-point-type⟩ x, ⟨floating-point-type⟩ y)
1992	cmath.syn	cmath	std::fmaxf	function	2		constexpr float fmaxf(float x, float y)
1993	cmath.syn	cmath	std::fmaxl	function	2		constexpr long double fmaxl(long double x, long double y)
1994	cmath.syn	cmath	std::fmin	function	6		constexpr ⟨floating-point-type⟩ fmin(⟨floating-point-type⟩ x, ⟨floating-point-type⟩ y)
1995	cmath.syn	cmath	std::fminf	function	2		constexpr float fminf(float x, float y)
1996	cmath.syn	cmath	std::fminl	function	2		constexpr long double fminl(long double x, long double y)
1997	cmath.syn	cmath	std::fmaximum	function	6		constexpr ⟨floating-point-type⟩ fmaximum(⟨floating-point-type⟩ x, ⟨floating-point-type⟩ y)
1998	cmath.syn	cmath	std::fmaximum_num	function	6		constexpr ⟨floating-point-type⟩ fmaximum_num(⟨floating-point-type⟩ x, ⟨floating-point-type⟩ y)
1999	cmath.syn	cmath	std::fminimum	function	6		constexpr ⟨floating-point-type⟩ fminimum(⟨floating-point-type⟩ x, ⟨floating-point-type⟩ y)
2000	cmath.syn	cmath	std::fminimum_num	function	6		constexpr ⟨floating-point-type⟩ fminimum_num(⟨floating-point-type⟩ x, ⟨floating-point-type⟩ y)
2001	cmath.syn	cmath	std::fma	function	6		constexpr ⟨floating-point-type⟩ fma(⟨floating-point-type⟩ x, ⟨floating-point-type⟩ y, ⟨floating-point-type⟩ z)
2002	cmath.syn	cmath	std::fmaf	function	2		constexpr float fmaf(float x, float y, float z)
2003	cmath.syn	cmath	std::fmal	function	2		constexpr long double fmal(long double x, long double y, long double z)
2004	cmath.syn	cmath	std::lerp	function	6		constexpr ⟨floating-point-type⟩ lerp(⟨floating-point-type⟩ a, ⟨floating-point-type⟩ b, ⟨floating-point-type⟩ t)noexcept
2005	cmath.syn	cmath	std::fpclassify	function	6		constexpr int fpclassify(⟨floating-point-type⟩ x)
2006	cmath.syn	cmath	std::isfinite	function	6		constexpr bool isfinite(⟨floating-point-type⟩ x)
2007	cmath.syn	cmath	std::isinf	function	6		constexpr bool isinf(⟨floating-point-type⟩ x)
2008	cmath.syn	cmath	std::isnan	function	6		constexpr bool isnan(⟨floating-point-type⟩ x)
2009	cmath.syn	cmath	std::isnormal	function	6		constexpr bool isnormal(⟨floating-point-type⟩ x)
2010	cmath.syn	cmath	std::signbit	function	6		constexpr bool signbit(⟨floating-point-type⟩ x)
2011	cmath.syn	cmath	std::isgreater	function	6		constexpr bool isgreater(⟨floating-point-type⟩ x, ⟨floating-point-type⟩ y)
2012	cmath.syn	cmath	std::isgreaterequal	function	6		constexpr bool isgreaterequal(⟨floating-point-type⟩ x, ⟨floating-point-type⟩ y)
2013	cmath.syn	cmath	std::isless	function	6		constexpr bool isless(⟨floating-point-type⟩ x, ⟨floating-point-type⟩ y)
2014	cmath.syn	cmath	std::islessequal	function	6		constexpr bool islessequal(⟨floating-point-type⟩ x, ⟨floating-point-type⟩ y)
2015	cmath.syn	cmath	std::islessgreater	function	6		constexpr bool islessgreater(⟨floating-point-type⟩ x, ⟨floating-point-type⟩ y)
2016	cmath.syn	cmath	std::isunordered	function	6		constexpr bool isunordered(⟨floating-point-type⟩ x, ⟨floating-point-type⟩ y)
2017	cmath.syn	cmath	std::assoc_laguerre	function	3		⟨floating-point-type⟩ assoc_laguerre(unsigned n, unsigned m, ⟨floating-point-type⟩ x)
2018	cmath.syn	cmath	std::assoc_laguerref	function	1		float assoc_laguerref(unsigned n, unsigned m, float x)
2019	cmath.syn	cmath	std::assoc_laguerrel	function	1		long double assoc_laguerrel(unsigned n, unsigned m, long double x)
2020	cmath.syn	cmath	std::assoc_legendre	function	3		⟨floating-point-type⟩ assoc_legendre(unsigned l, unsigned m, ⟨floating-point-type⟩ x)
2021	cmath.syn	cmath	std::assoc_legendref	function	1		float assoc_legendref(unsigned l, unsigned m, float x)
2022	cmath.syn	cmath	std::assoc_legendrel	function	1		long double assoc_legendrel(unsigned l, unsigned m, long double x)
2023	cmath.syn	cmath	std::beta	function	3		⟨floating-point-type⟩ beta(⟨floating-point-type⟩ x, ⟨floating-point-type⟩ y)
2024	cmath.syn	cmath	std::betaf	function	1		float betaf(float x, float y)
2025	cmath.syn	cmath	std::betal	function	1		long double betal(long double x, long double y)
2026	cmath.syn	cmath	std::comp_ellint_1	function	3		⟨floating-point-type⟩ comp_ellint_1(⟨floating-point-type⟩ k)
2027	cmath.syn	cmath	std::comp_ellint_1f	function	1		float comp_ellint_1f(float k)
2028	cmath.syn	cmath	std::comp_ellint_1l	function	1		long double comp_ellint_1l(long double k)
2029	cmath.syn	cmath	std::comp_ellint_2	function	3		⟨floating-point-type⟩ comp_ellint_2(⟨floating-point-type⟩ k)
2030	cmath.syn	cmath	std::comp_ellint_2f	function	1		float comp_ellint_2f(float k)
2031	cmath.syn	cmath	std::comp_ellint_2l	function	1		long double comp_ellint_2l(long double k)
2032	cmath.syn	cmath	std::comp_ellint_3	function	3		⟨floating-point-type⟩ comp_ellint_3(⟨floating-point-type⟩ k, ⟨floating-point-type⟩ nu)
2033	cmath.syn	cmath	std::comp_ellint_3f	function	1		float comp_ellint_3f(float k, float nu)
2034	cmath.syn	cmath	std::comp_ellint_3l	function	1		long double comp_ellint_3l(long double k, long double nu)
2035	cmath.syn	cmath	std::cyl_bessel_i	function	3		⟨floating-point-type⟩ cyl_bessel_i(⟨floating-point-type⟩ nu, ⟨floating-point-type⟩ x)
2036	cmath.syn	cmath	std::cyl_bessel_if	function	1		float cyl_bessel_if(float nu, float x)
2037	cmath.syn	cmath	std::cyl_bessel_il	function	1		long double cyl_bessel_il(long double nu, long double x)
2038	cmath.syn	cmath	std::cyl_bessel_j	function	3		⟨floating-point-type⟩ cyl_bessel_j(⟨floating-point-type⟩ nu, ⟨floating-point-type⟩ x)
2039	cmath.syn	cmath	std::cyl_bessel_jf	function	1		float cyl_bessel_jf(float nu, float x)
2040	cmath.syn	cmath	std::cyl_bessel_jl	function	1		long double cyl_bessel_jl(long double nu, long double x)
2041	cmath.syn	cmath	std::cyl_bessel_k	function	3		⟨floating-point-type⟩ cyl_bessel_k(⟨floating-point-type⟩ nu, ⟨floating-point-type⟩ x)
2042	cmath.syn	cmath	std::cyl_bessel_kf	function	1		float cyl_bessel_kf(float nu, float x)
2043	cmath.syn	cmath	std::cyl_bessel_kl	function	1		long double cyl_bessel_kl(long double nu, long double x)
2044	cmath.syn	cmath	std::cyl_neumann	function	3		⟨floating-point-type⟩ cyl_neumann(⟨floating-point-type⟩ nu, ⟨floating-point-type⟩ x)
2045	cmath.syn	cmath	std::cyl_neumannf	function	1		float cyl_neumannf(float nu, float x)
2046	cmath.syn	cmath	std::cyl_neumannl	function	1		long double cyl_neumannl(long double nu, long double x)
2047	cmath.syn	cmath	std::ellint_1	function	3		⟨floating-point-type⟩ ellint_1(⟨floating-point-type⟩ k, ⟨floating-point-type⟩ phi)
2048	cmath.syn	cmath	std::ellint_1f	function	1		float ellint_1f(float k, float phi)
2049	cmath.syn	cmath	std::ellint_1l	function	1		long double ellint_1l(long double k, long double phi)
2050	cmath.syn	cmath	std::ellint_2	function	3		⟨floating-point-type⟩ ellint_2(⟨floating-point-type⟩ k, ⟨floating-point-type⟩ phi)
2051	cmath.syn	cmath	std::ellint_2f	function	1		float ellint_2f(float k, float phi)
2052	cmath.syn	cmath	std::ellint_2l	function	1		long double ellint_2l(long double k, long double phi)
2053	cmath.syn	cmath	std::ellint_3	function	3		⟨floating-point-type⟩ ellint_3(⟨floating-point-type⟩ k, ⟨floating-point-type⟩ nu, ⟨floating-point-type⟩ phi)
2054	cmath.syn	cmath	std::ellint_3f	function	1		float ellint_3f(float k, float nu, float phi)
2055	cmath.syn	cmath	std::ellint_3l	function	1		long double ellint_3l(long double k, long double nu, long double phi)
2056	cmath.syn	cmath	std::expint	function	3		⟨floating-point-type⟩ expint(⟨floating-point-type⟩ x)
2057	cmath.syn	cmath	std::expintf	function	1		float expintf(float x)
2058	cmath.syn	cmath	std::expintl	function	1		long double expintl(long double x)
2059	cmath.syn	cmath	std::hermite	function	3		⟨floating-point-type⟩ hermite(unsigned n, ⟨floating-point-type⟩ x)
2060	cmath.syn	cmath	std::hermitef	function	1		float hermitef(unsigned n, float x)
2061	cmath.syn	cmath	std::hermitel	function	1		long double hermitel(unsigned n, long double x)
2062	cmath.syn	cmath	std::laguerre	function	3		⟨floating-point-type⟩ laguerre(unsigned n, ⟨floating-point-type⟩ x)
2063	cmath.syn	cmath	std::laguerref	function	1		float laguerref(unsigned n, float x)
2064	cmath.syn	cmath	std::laguerrel	function	1		long double laguerrel(unsigned n, long double x)
2065	cmath.syn	cmath	std::legendre	function	3		⟨floating-point-type⟩ legendre(unsigned l, ⟨floating-point-type⟩ x)
2066	cmath.syn	cmath	std::legendref	function	1		float legendref(unsigned l, float x)
2067	cmath.syn	cmath	std::legendrel	function	1		long double legendrel(unsigned l, long double x)
2068	cmath.syn	cmath	std::riemann_zeta	function	3		⟨floating-point-type⟩ riemann_zeta(⟨floating-point-type⟩ x)
2069	cmath.syn	cmath	std::riemann_zetaf	function	1		float riemann_zetaf(float x)
2070	cmath.syn	cmath	std::riemann_zetal	function	1		long double riemann_zetal(long double x)
2071	cmath.syn	cmath	std::sph_bessel	function	3		⟨floating-point-type⟩ sph_bessel(unsigned n, ⟨floating-point-type⟩ x)
2072	cmath.syn	cmath	std::sph_besself	function	1		float sph_besself(unsigned n, float x)
2073	cmath.syn	cmath	std::sph_bessell	function	1		long double sph_bessell(unsigned n, long double x)
2074	cmath.syn	cmath	std::sph_legendre	function	3		⟨floating-point-type⟩ sph_legendre(unsigned l, unsigned m, ⟨floating-point-type⟩ theta)
2075	cmath.syn	cmath	std::sph_legendref	function	1		float sph_legendref(unsigned l, unsigned m, float theta)
2076	cmath.syn	cmath	std::sph_legendrel	function	1		long double sph_legendrel(unsigned l, unsigned m, long double theta)
2077	cmath.syn	cmath	std::sph_neumann	function	3		⟨floating-point-type⟩ sph_neumann(unsigned n, ⟨floating-point-type⟩ x)
2078	cmath.syn	cmath	std::sph_neumannf	function	1		float sph_neumannf(unsigned n, float x)
2079	cmath.syn	cmath	std::sph_neumannl	function	1		long double sph_neumannl(unsigned n, long double x)
2080	numbers.syn	numbers	std::numbers::e_v	variable	1		constexpr T e_v = ⟨unspecified⟩
2081	numbers.syn	numbers	std::numbers::log2e_v	variable	1		constexpr T log2e_v = ⟨unspecified⟩
2082	numbers.syn	numbers	std::numbers::log10e_v	variable	1		constexpr T log10e_v = ⟨unspecified⟩
2083	numbers.syn	numbers	std::numbers::pi_v	variable	1		constexpr T pi_v = ⟨unspecified⟩
2084	numbers.syn	numbers	std::numbers::inv_pi_v	variable	1		constexpr T inv_pi_v = ⟨unspecified⟩
2085	numbers.syn	numbers	std::numbers::inv_sqrtpi_v	variable	1		constexpr T inv_sqrtpi_v = ⟨unspecified⟩
2086	numbers.syn	numbers	std::numbers::ln2_v	variable	1		constexpr T ln2_v = ⟨unspecified⟩
2087	numbers.syn	numbers	std::numbers::ln10_v	variable	1		constexpr T ln10_v = ⟨unspecified⟩
2088	numbers.syn	numbers	std::numbers::sqrt2_v	variable	1		constexpr T sqrt2_v = ⟨unspecified⟩
2089	numbers.syn	numbers	std::numbers::sqrt3_v	variable	1		constexpr T sqrt3_v = ⟨unspecified⟩
2090	numbers.syn	numbers	std::numbers::inv_sqrt3_v	variable	1		constexpr T inv_sqrt3_v = ⟨unspecified⟩
2091	numbers.syn	numbers	std::numbers::egamma_v	variable	1		constexpr T egamma_v = ⟨unspecified⟩
2092	numbers.syn	numbers	std::numbers::phi_v	variable	1		constexpr T phi_v = ⟨unspecified⟩
2093	numbers.syn	numbers	std::numbers::e_v	variable	0	not probed (no sample, or a hidden friend whose signature is exposition-only)	constexpr T e_v<T> = ⟨see below⟩
2094	numbers.syn	numbers	std::numbers::log2e_v	variable	0	not probed (no sample, or a hidden friend whose signature is exposition-only)	constexpr T log2e_v<T> = ⟨see below⟩
2095	numbers.syn	numbers	std::numbers::log10e_v	variable	0	not probed (no sample, or a hidden friend whose signature is exposition-only)	constexpr T log10e_v<T> = ⟨see below⟩
2096	numbers.syn	numbers	std::numbers::pi_v	variable	0	not probed (no sample, or a hidden friend whose signature is exposition-only)	constexpr T pi_v<T> = ⟨see below⟩
2097	numbers.syn	numbers	std::numbers::inv_pi_v	variable	0	not probed (no sample, or a hidden friend whose signature is exposition-only)	constexpr T inv_pi_v<T> = ⟨see below⟩
2098	numbers.syn	numbers	std::numbers::inv_sqrtpi_v	variable	0	not probed (no sample, or a hidden friend whose signature is exposition-only)	constexpr T inv_sqrtpi_v<T> = ⟨see below⟩
2099	numbers.syn	numbers	std::numbers::ln2_v	variable	0	not probed (no sample, or a hidden friend whose signature is exposition-only)	constexpr T ln2_v<T> = ⟨see below⟩
2100	numbers.syn	numbers	std::numbers::ln10_v	variable	0	not probed (no sample, or a hidden friend whose signature is exposition-only)	constexpr T ln10_v<T> = ⟨see below⟩
2101	numbers.syn	numbers	std::numbers::sqrt2_v	variable	0	not probed (no sample, or a hidden friend whose signature is exposition-only)	constexpr T sqrt2_v<T> = ⟨see below⟩
2102	numbers.syn	numbers	std::numbers::sqrt3_v	variable	0	not probed (no sample, or a hidden friend whose signature is exposition-only)	constexpr T sqrt3_v<T> = ⟨see below⟩
2103	numbers.syn	numbers	std::numbers::inv_sqrt3_v	variable	0	not probed (no sample, or a hidden friend whose signature is exposition-only)	constexpr T inv_sqrt3_v<T> = ⟨see below⟩
2104	numbers.syn	numbers	std::numbers::egamma_v	variable	0	not probed (no sample, or a hidden friend whose signature is exposition-only)	constexpr T egamma_v<T> = ⟨see below⟩
2105	numbers.syn	numbers	std::numbers::phi_v	variable	0	not probed (no sample, or a hidden friend whose signature is exposition-only)	constexpr T phi_v<T> = ⟨see below⟩
2106	numbers.syn	numbers	std::numbers::e	variable	1		inline constexpr double e = e_v<double>
2107	numbers.syn	numbers	std::numbers::log2e	variable	1		inline constexpr double log2e = log2e_v<double>
2108	numbers.syn	numbers	std::numbers::log10e	variable	1		inline constexpr double log10e = log10e_v<double>
2109	numbers.syn	numbers	std::numbers::pi	variable	1		inline constexpr double pi = pi_v<double>
2110	numbers.syn	numbers	std::numbers::inv_pi	variable	1		inline constexpr double inv_pi = inv_pi_v<double>
2111	numbers.syn	numbers	std::numbers::inv_sqrtpi	variable	1		inline constexpr double inv_sqrtpi = inv_sqrtpi_v<double>
2112	numbers.syn	numbers	std::numbers::ln2	variable	1		inline constexpr double ln2 = ln2_v<double>
2113	numbers.syn	numbers	std::numbers::ln10	variable	1		inline constexpr double ln10 = ln10_v<double>
2114	numbers.syn	numbers	std::numbers::sqrt2	variable	1		inline constexpr double sqrt2 = sqrt2_v<double>
2115	numbers.syn	numbers	std::numbers::sqrt3	variable	1		inline constexpr double sqrt3 = sqrt3_v<double>
2116	numbers.syn	numbers	std::numbers::inv_sqrt3	variable	1		inline constexpr double inv_sqrt3 = inv_sqrt3_v<double>
2117	numbers.syn	numbers	std::numbers::egamma	variable	1		inline constexpr double egamma = egamma_v<double>
2118	numbers.syn	numbers	std::numbers::phi	variable	1		inline constexpr double phi = phi_v<double>
2119	linalg.syn	linalg	std::linalg::column_major_t	classdecl	1	presence only: presence	struct column_major_t
2120	linalg.syn	linalg	std::linalg::column_major	variable	1		inline constexpr column_major_t column_major
2121	linalg.syn	linalg	std::linalg::row_major_t	classdecl	1	presence only: presence	struct row_major_t
2122	linalg.syn	linalg	std::linalg::row_major	variable	1		inline constexpr row_major_t row_major
2123	linalg.syn	linalg	std::linalg::upper_triangle_t	classdecl	1	presence only: presence	struct upper_triangle_t
2124	linalg.syn	linalg	std::linalg::upper_triangle	variable	1		inline constexpr upper_triangle_t upper_triangle
2125	linalg.syn	linalg	std::linalg::lower_triangle_t	classdecl	1	presence only: presence	struct lower_triangle_t
2126	linalg.syn	linalg	std::linalg::lower_triangle	variable	1		inline constexpr lower_triangle_t lower_triangle
2127	linalg.syn	linalg	std::linalg::implicit_unit_diagonal_t	classdecl	1	presence only: presence	struct implicit_unit_diagonal_t
2128	linalg.syn	linalg	std::linalg::implicit_unit_diagonal	variable	1		inline constexpr implicit_unit_diagonal_t implicit_unit_diagonal
2129	linalg.syn	linalg	std::linalg::explicit_diagonal_t	classdecl	1	presence only: presence	struct explicit_diagonal_t
2130	linalg.syn	linalg	std::linalg::explicit_diagonal	variable	1		inline constexpr explicit_diagonal_t explicit_diagonal
2131	linalg.syn	linalg	std::linalg::layout_blas_packed	classdecl	1	presence only: presence	class layout_blas_packed
2132	linalg.syn	linalg	std::linalg::scaled_accessor	classdecl	1	presence only: presence	class scaled_accessor
2133	linalg.syn	linalg	std::linalg::scaled	function	2		constexpr auto scaled(ScalingFactor alpha, mdspan<ElementType, Extents, Layout, Accessor>x)
2134	linalg.syn	linalg	std::linalg::conjugated_accessor	classdecl	1	presence only: presence	class conjugated_accessor
2135	linalg.syn	linalg	std::linalg::conjugated	function	2		constexpr auto conjugated(mdspan<ElementType, Extents, Layout, Accessor>a)
2136	linalg.syn	linalg	std::linalg::layout_transpose	classdecl	1	presence only: presence	class layout_transpose
2137	linalg.syn	linalg	std::linalg::transposed	function	2		constexpr auto transposed(mdspan<ElementType, Extents, Layout, Accessor>a)
2138	linalg.syn	linalg	std::linalg::conjugate_transposed	function	2		constexpr auto conjugate_transposed(mdspan<ElementType, Extents, Layout, Accessor>a)
2139	linalg.syn	linalg	std::linalg::setup_givens_rotation_result	classdef	1	presence only: presence	struct setup_givens_rotation_result
2140	linalg.syn	linalg	std::linalg::setup_givens_rotation_result::c	variable	1		Real c
2141	linalg.syn	linalg	std::linalg::setup_givens_rotation_result::s	variable	1		Real s
2142	linalg.syn	linalg	std::linalg::setup_givens_rotation_result::r	variable	1		Real r
2143	linalg.syn	linalg	std::linalg::setup_givens_rotation_result	classdef	1		struct setup_givens_rotation_result<complex<Real>>
2144	linalg.syn	linalg	std::linalg::setup_givens_rotation_result::c	variable	1		Real c
2145	linalg.syn	linalg	std::linalg::setup_givens_rotation_result::s	variable	1		complex<Real>s
2146	linalg.syn	linalg	std::linalg::setup_givens_rotation_result::r	variable	1		complex<Real>r
2147	linalg.syn	linalg	std::linalg::setup_givens_rotation	function	1		setup_givens_rotation_result<Real>setup_givens_rotation(Real a, Real b)noexcept
2148	linalg.syn	linalg	std::linalg::setup_givens_rotation	function	1		setup_givens_rotation_result<complex<Real>>setup_givens_rotation(complex<Real>a, complex<Real>b)noexcept
2149	linalg.syn	linalg	std::linalg::apply_givens_rotation	function	1		void apply_givens_rotation(InOutVec1 x, InOutVec2 y, Real c, Real s)
2150	linalg.syn	linalg	std::linalg::apply_givens_rotation	function	1		void apply_givens_rotation(ExecutionPolicy&&exec, InOutVec1 x, InOutVec2 y, Real c, Real s)
2151	linalg.syn	linalg	std::linalg::apply_givens_rotation	function	1		void apply_givens_rotation(InOutVec1 x, InOutVec2 y, Real c, complex<Real>s)
2152	linalg.syn	linalg	std::linalg::apply_givens_rotation	function	1		void apply_givens_rotation(ExecutionPolicy&&exec, InOutVec1 x, InOutVec2 y, Real c, complex<Real>s)
2153	linalg.syn	linalg	std::linalg::swap_elements	function	1		void swap_elements(InOutObj1 x, InOutObj2 y)
2154	linalg.syn	linalg	std::linalg::swap_elements	function	1		void swap_elements(ExecutionPolicy&&exec, InOutObj1 x, InOutObj2 y)
2155	linalg.syn	linalg	std::linalg::scale	function	1		void scale(Scalar alpha, InOutObj x)
2156	linalg.syn	linalg	std::linalg::scale	function	1		void scale(ExecutionPolicy&&exec, Scalar alpha, InOutObj x)
2157	linalg.syn	linalg	std::linalg::copy	function	1		void copy(InObj x, OutObj y)
2158	linalg.syn	linalg	std::linalg::copy	function	1		void copy(ExecutionPolicy&&exec, InObj x, OutObj y)
2159	linalg.syn	linalg	std::linalg::add	function	1		void add(InObj1 x, InObj2 y, OutObj z)
2160	linalg.syn	linalg	std::linalg::add	function	1		void add(ExecutionPolicy&&exec, InObj1 x, InObj2 y, OutObj z)
2161	linalg.syn	linalg	std::linalg::dot	function	1		Scalar dot(InVec1 v1, InVec2 v2, Scalar init)
2162	linalg.syn	linalg	std::linalg::dot	function	1		Scalar dot(ExecutionPolicy&&exec, InVec1 v1, InVec2 v2, Scalar init)
2163	linalg.syn	linalg	std::linalg::dot	function	1		auto dot(InVec1 v1, InVec2 v2)
2164	linalg.syn	linalg	std::linalg::dot	function	1		auto dot(ExecutionPolicy&&exec, InVec1 v1, InVec2 v2)
2165	linalg.syn	linalg	std::linalg::dotc	function	1		Scalar dotc(InVec1 v1, InVec2 v2, Scalar init)
2166	linalg.syn	linalg	std::linalg::dotc	function	1		Scalar dotc(ExecutionPolicy&&exec, InVec1 v1, InVec2 v2, Scalar init)
2167	linalg.syn	linalg	std::linalg::dotc	function	1		auto dotc(InVec1 v1, InVec2 v2)
2168	linalg.syn	linalg	std::linalg::dotc	function	1		auto dotc(ExecutionPolicy&&exec, InVec1 v1, InVec2 v2)
2169	linalg.syn	linalg	std::linalg::vector_two_norm	function	1		Scalar vector_two_norm(InVec v, Scalar init)
2170	linalg.syn	linalg	std::linalg::vector_two_norm	function	1		Scalar vector_two_norm(ExecutionPolicy&&exec, InVec v, Scalar init)
2171	linalg.syn	linalg	std::linalg::vector_two_norm	function	1		auto vector_two_norm(InVec v)
2172	linalg.syn	linalg	std::linalg::vector_two_norm	function	1		auto vector_two_norm(ExecutionPolicy&&exec, InVec v)
2173	linalg.syn	linalg	std::linalg::vector_abs_sum	function	1		Scalar vector_abs_sum(InVec v, Scalar init)
2174	linalg.syn	linalg	std::linalg::vector_abs_sum	function	1		Scalar vector_abs_sum(ExecutionPolicy&&exec, InVec v, Scalar init)
2175	linalg.syn	linalg	std::linalg::vector_abs_sum	function	1		auto vector_abs_sum(InVec v)
2176	linalg.syn	linalg	std::linalg::vector_abs_sum	function	1		auto vector_abs_sum(ExecutionPolicy&&exec, InVec v)
2177	linalg.syn	linalg	std::linalg::vector_idx_abs_max	function	1		typename InVec::size_type vector_idx_abs_max(InVec v)
2178	linalg.syn	linalg	std::linalg::vector_idx_abs_max	function	1		typename InVec::size_type vector_idx_abs_max(ExecutionPolicy&&exec, InVec v)
2179	linalg.syn	linalg	std::linalg::matrix_frob_norm	function	1		Scalar matrix_frob_norm(InMat A, Scalar init)
2180	linalg.syn	linalg	std::linalg::matrix_frob_norm	function	1		Scalar matrix_frob_norm(ExecutionPolicy&&exec, InMat A, Scalar init)
2181	linalg.syn	linalg	std::linalg::matrix_frob_norm	function	1		auto matrix_frob_norm(InMat A)
2182	linalg.syn	linalg	std::linalg::matrix_frob_norm	function	1		auto matrix_frob_norm(ExecutionPolicy&&exec, InMat A)
2183	linalg.syn	linalg	std::linalg::matrix_one_norm	function	1		Scalar matrix_one_norm(InMat A, Scalar init)
2184	linalg.syn	linalg	std::linalg::matrix_one_norm	function	1		Scalar matrix_one_norm(ExecutionPolicy&&exec, InMat A, Scalar init)
2185	linalg.syn	linalg	std::linalg::matrix_one_norm	function	1		auto matrix_one_norm(InMat A)
2186	linalg.syn	linalg	std::linalg::matrix_one_norm	function	1		auto matrix_one_norm(ExecutionPolicy&&exec, InMat A)
2187	linalg.syn	linalg	std::linalg::matrix_inf_norm	function	1		Scalar matrix_inf_norm(InMat A, Scalar init)
2188	linalg.syn	linalg	std::linalg::matrix_inf_norm	function	1		Scalar matrix_inf_norm(ExecutionPolicy&&exec, InMat A, Scalar init)
2189	linalg.syn	linalg	std::linalg::matrix_inf_norm	function	1		auto matrix_inf_norm(InMat A)
2190	linalg.syn	linalg	std::linalg::matrix_inf_norm	function	1		auto matrix_inf_norm(ExecutionPolicy&&exec, InMat A)
2191	linalg.syn	linalg	std::linalg::matrix_vector_product	function	1		void matrix_vector_product(InMat A, InVec x, OutVec y)
2192	linalg.syn	linalg	std::linalg::matrix_vector_product	function	1		void matrix_vector_product(ExecutionPolicy&&exec, InMat A, InVec x, OutVec y)
2193	linalg.syn	linalg	std::linalg::matrix_vector_product	function	1		void matrix_vector_product(InMat A, InVec1 x, InVec2 y, OutVec z)
2194	linalg.syn	linalg	std::linalg::matrix_vector_product	function	1		void matrix_vector_product(ExecutionPolicy&&exec, InMat A, InVec1 x, InVec2 y, OutVec z)
2195	linalg.syn	linalg	std::linalg::symmetric_matrix_vector_product	function	1		void symmetric_matrix_vector_product(InMat A, Triangle t, InVec x, OutVec y)
2196	linalg.syn	linalg	std::linalg::symmetric_matrix_vector_product	function	1		void symmetric_matrix_vector_product(ExecutionPolicy&&exec, InMat A, Triangle t, InVec x, OutVec y)
2197	linalg.syn	linalg	std::linalg::symmetric_matrix_vector_product	function	1		void symmetric_matrix_vector_product(InMat A, Triangle t, InVec1 x, InVec2 y, OutVec z)
2198	linalg.syn	linalg	std::linalg::symmetric_matrix_vector_product	function	1		void symmetric_matrix_vector_product(ExecutionPolicy&&exec, InMat A, Triangle t, InVec1 x, InVec2 y, OutVec z)
2199	linalg.syn	linalg	std::linalg::hermitian_matrix_vector_product	function	1		void hermitian_matrix_vector_product(InMat A, Triangle t, InVec x, OutVec y)
2200	linalg.syn	linalg	std::linalg::hermitian_matrix_vector_product	function	1		void hermitian_matrix_vector_product(ExecutionPolicy&&exec, InMat A, Triangle t, InVec x, OutVec y)
2201	linalg.syn	linalg	std::linalg::hermitian_matrix_vector_product	function	1		void hermitian_matrix_vector_product(InMat A, Triangle t, InVec1 x, InVec2 y, OutVec z)
2202	linalg.syn	linalg	std::linalg::hermitian_matrix_vector_product	function	1		void hermitian_matrix_vector_product(ExecutionPolicy&&exec, InMat A, Triangle t, InVec1 x, InVec2 y, OutVec z)
2203	linalg.syn	linalg	std::linalg::triangular_matrix_vector_product	function	1		void triangular_matrix_vector_product(InMat A, Triangle t, DiagonalStorage d, InVec x, OutVec y)
2204	linalg.syn	linalg	std::linalg::triangular_matrix_vector_product	function	1		void triangular_matrix_vector_product(ExecutionPolicy&&exec, InMat A, Triangle t, DiagonalStorage d, InVec x, OutVec y)
2205	linalg.syn	linalg	std::linalg::triangular_matrix_vector_product	function	1		void triangular_matrix_vector_product(InMat A, Triangle t, DiagonalStorage d, InOutVec y)
2206	linalg.syn	linalg	std::linalg::triangular_matrix_vector_product	function	1		void triangular_matrix_vector_product(ExecutionPolicy&&exec, InMat A, Triangle t, DiagonalStorage d, InOutVec y)
2207	linalg.syn	linalg	std::linalg::triangular_matrix_vector_product	function	1		void triangular_matrix_vector_product(InMat A, Triangle t, DiagonalStorage d, InVec1 x, InVec2 y, OutVec z)
2208	linalg.syn	linalg	std::linalg::triangular_matrix_vector_product	function	1		void triangular_matrix_vector_product(ExecutionPolicy&&exec, InMat A, Triangle t, DiagonalStorage d, InVec1 x, InVec2 y, OutVec z)
2209	linalg.syn	linalg	std::linalg::triangular_matrix_vector_solve	function	1		void triangular_matrix_vector_solve(InMat A, Triangle t, DiagonalStorage d, InVec b, OutVec x, BinaryDivideOp divide)
2210	linalg.syn	linalg	std::linalg::triangular_matrix_vector_solve	function	1		void triangular_matrix_vector_solve(ExecutionPolicy&&exec, InMat A, Triangle t, DiagonalStorage d, InVec b, OutVec x, BinaryDivideOp divide)
2211	linalg.syn	linalg	std::linalg::triangular_matrix_vector_solve	function	1		void triangular_matrix_vector_solve(InMat A, Triangle t, DiagonalStorage d, InVec b, OutVec x)
2212	linalg.syn	linalg	std::linalg::triangular_matrix_vector_solve	function	1		void triangular_matrix_vector_solve(ExecutionPolicy&&exec, InMat A, Triangle t, DiagonalStorage d, InVec b, OutVec x)
2213	linalg.syn	linalg	std::linalg::triangular_matrix_vector_solve	function	1		void triangular_matrix_vector_solve(InMat A, Triangle t, DiagonalStorage d, InOutVec b, BinaryDivideOp divide)
2214	linalg.syn	linalg	std::linalg::triangular_matrix_vector_solve	function	1		void triangular_matrix_vector_solve(ExecutionPolicy&&exec, InMat A, Triangle t, DiagonalStorage d, InOutVec b, BinaryDivideOp divide)
2215	linalg.syn	linalg	std::linalg::triangular_matrix_vector_solve	function	1		void triangular_matrix_vector_solve(InMat A, Triangle t, DiagonalStorage d, InOutVec b)
2216	linalg.syn	linalg	std::linalg::triangular_matrix_vector_solve	function	1		void triangular_matrix_vector_solve(ExecutionPolicy&&exec, InMat A, Triangle t, DiagonalStorage d, InOutVec b)
2217	linalg.syn	linalg	std::linalg::matrix_rank_1_update	function	1		void matrix_rank_1_update(InVec1 x, InVec2 y, OutMat A)
2218	linalg.syn	linalg	std::linalg::matrix_rank_1_update	function	1		void matrix_rank_1_update(ExecutionPolicy&&exec, InVec1 x, InVec2 y, OutMat A)
2219	linalg.syn	linalg	std::linalg::matrix_rank_1_update_c	function	1		void matrix_rank_1_update_c(InVec1 x, InVec2 y, OutMat A)
2220	linalg.syn	linalg	std::linalg::matrix_rank_1_update_c	function	1		void matrix_rank_1_update_c(ExecutionPolicy&&exec, InVec1 x, InVec2 y, OutMat A)
2221	linalg.syn	linalg	std::linalg::matrix_rank_1_update	function	1		void matrix_rank_1_update(InVec1 x, InVec2 y, InMat E, OutMat A)
2222	linalg.syn	linalg	std::linalg::matrix_rank_1_update	function	1		void matrix_rank_1_update(ExecutionPolicy&&exec, InVec1 x, InVec2 y, InMat E, OutMat A)
2223	linalg.syn	linalg	std::linalg::matrix_rank_1_update_c	function	1		void matrix_rank_1_update_c(InVec1 x, InVec2 y, InMat E, OutMat A)
2224	linalg.syn	linalg	std::linalg::matrix_rank_1_update_c	function	1		void matrix_rank_1_update_c(ExecutionPolicy&&exec, InVec1 x, InVec2 y, InMat E, OutMat A)
2225	linalg.syn	linalg	std::linalg::symmetric_matrix_rank_1_update	function	1		void symmetric_matrix_rank_1_update(Scalar alpha, InVec x, OutMat A, Triangle t)
2226	linalg.syn	linalg	std::linalg::symmetric_matrix_rank_1_update	function	1		void symmetric_matrix_rank_1_update(ExecutionPolicy&&exec, Scalar alpha, InVec x, OutMat A, Triangle t)
2227	linalg.syn	linalg	std::linalg::hermitian_matrix_rank_1_update	function	1		void hermitian_matrix_rank_1_update(Scalar alpha, InVec x, OutMat A, Triangle t)
2228	linalg.syn	linalg	std::linalg::hermitian_matrix_rank_1_update	function	1		void hermitian_matrix_rank_1_update(ExecutionPolicy&&exec, Scalar alpha, InVec x, OutMat A, Triangle t)
2229	linalg.syn	linalg	std::linalg::symmetric_matrix_rank_1_update	function	1		void symmetric_matrix_rank_1_update(Scalar alpha, InVec x, InMat E, OutMat A, Triangle t)
2230	linalg.syn	linalg	std::linalg::symmetric_matrix_rank_1_update	function	1		void symmetric_matrix_rank_1_update(ExecutionPolicy&&exec, Scalar alpha, InVec x, InMat E, OutMat A, Triangle t)
2231	linalg.syn	linalg	std::linalg::hermitian_matrix_rank_1_update	function	1		void hermitian_matrix_rank_1_update(Scalar alpha, InVec x, InMat E, OutMat A, Triangle t)
2232	linalg.syn	linalg	std::linalg::hermitian_matrix_rank_1_update	function	1		void hermitian_matrix_rank_1_update(ExecutionPolicy&&exec, Scalar alpha, InVec x, InMat E, OutMat A, Triangle t)
2233	linalg.syn	linalg	std::linalg::symmetric_matrix_rank_2_update	function	1		void symmetric_matrix_rank_2_update(InVec1 x, InVec2 y, OutMat A, Triangle t)
2234	linalg.syn	linalg	std::linalg::symmetric_matrix_rank_2_update	function	1		void symmetric_matrix_rank_2_update(ExecutionPolicy&&exec, InVec1 x, InVec2 y, OutMat A, Triangle t)
2235	linalg.syn	linalg	std::linalg::hermitian_matrix_rank_2_update	function	1		void hermitian_matrix_rank_2_update(InVec1 x, InVec2 y, OutMat A, Triangle t)
2236	linalg.syn	linalg	std::linalg::hermitian_matrix_rank_2_update	function	1		void hermitian_matrix_rank_2_update(ExecutionPolicy&&exec, InVec1 x, InVec2 y, OutMat A, Triangle t)
2237	linalg.syn	linalg	std::linalg::symmetric_matrix_rank_2_update	function	1		void symmetric_matrix_rank_2_update(InVec1 x, InVec2 y, InMat E, OutMat A, Triangle t)
2238	linalg.syn	linalg	std::linalg::symmetric_matrix_rank_2_update	function	1		void symmetric_matrix_rank_2_update(ExecutionPolicy&&exec, InVec1 x, InVec2 y, InMat E, OutMat A, Triangle t)
2239	linalg.syn	linalg	std::linalg::hermitian_matrix_rank_2_update	function	1		void hermitian_matrix_rank_2_update(InVec1 x, InVec2 y, InMat E, OutMat A, Triangle t)
2240	linalg.syn	linalg	std::linalg::hermitian_matrix_rank_2_update	function	1		void hermitian_matrix_rank_2_update(ExecutionPolicy&&exec, InVec1 x, InVec2 y, InMat E, OutMat A, Triangle t)
2241	linalg.syn	linalg	std::linalg::matrix_product	function	1		void matrix_product(InMat1 A, InMat2 B, OutMat C)
2242	linalg.syn	linalg	std::linalg::matrix_product	function	1		void matrix_product(ExecutionPolicy&&exec, InMat1 A, InMat2 B, OutMat C)
2243	linalg.syn	linalg	std::linalg::matrix_product	function	1		void matrix_product(InMat1 A, InMat2 B, InMat3 E, OutMat C)
2244	linalg.syn	linalg	std::linalg::matrix_product	function	1		void matrix_product(ExecutionPolicy&&exec, InMat1 A, InMat2 B, InMat3 E, OutMat C)
2245	linalg.syn	linalg	std::linalg::symmetric_matrix_product	function	1		void symmetric_matrix_product(InMat1 A, Triangle t, InMat2 B, OutMat C)
2246	linalg.syn	linalg	std::linalg::symmetric_matrix_product	function	1		void symmetric_matrix_product(ExecutionPolicy&&exec, InMat1 A, Triangle t, InMat2 B, OutMat C)
2247	linalg.syn	linalg	std::linalg::hermitian_matrix_product	function	1		void hermitian_matrix_product(InMat1 A, Triangle t, InMat2 B, OutMat C)
2248	linalg.syn	linalg	std::linalg::hermitian_matrix_product	function	1		void hermitian_matrix_product(ExecutionPolicy&&exec, InMat1 A, Triangle t, InMat2 B, OutMat C)
2249	linalg.syn	linalg	std::linalg::triangular_matrix_product	function	1		void triangular_matrix_product(InMat1 A, Triangle t, DiagonalStorage d, InMat2 B, OutMat C)
2250	linalg.syn	linalg	std::linalg::triangular_matrix_product	function	1		void triangular_matrix_product(ExecutionPolicy&&exec, InMat1 A, Triangle t, DiagonalStorage d, InMat2 B, OutMat C)
2251	linalg.syn	linalg	std::linalg::symmetric_matrix_product	function	1		void symmetric_matrix_product(InMat1 A, InMat2 B, Triangle t, OutMat C)
2252	linalg.syn	linalg	std::linalg::symmetric_matrix_product	function	1		void symmetric_matrix_product(ExecutionPolicy&&exec, InMat1 A, InMat2 B, Triangle t, OutMat C)
2253	linalg.syn	linalg	std::linalg::hermitian_matrix_product	function	1		void hermitian_matrix_product(InMat1 A, InMat2 B, Triangle t, OutMat C)
2254	linalg.syn	linalg	std::linalg::hermitian_matrix_product	function	1		void hermitian_matrix_product(ExecutionPolicy&&exec, InMat1 A, InMat2 B, Triangle t, OutMat C)
2255	linalg.syn	linalg	std::linalg::triangular_matrix_product	function	1		void triangular_matrix_product(InMat1 A, InMat2 B, Triangle t, DiagonalStorage d, OutMat C)
2256	linalg.syn	linalg	std::linalg::triangular_matrix_product	function	1		void triangular_matrix_product(ExecutionPolicy&&exec, InMat1 A, InMat2 B, Triangle t, DiagonalStorage d, OutMat C)
2257	linalg.syn	linalg	std::linalg::symmetric_matrix_product	function	1		void symmetric_matrix_product(InMat1 A, Triangle t, InMat2 B, InMat3 E, OutMat C)
2258	linalg.syn	linalg	std::linalg::symmetric_matrix_product	function	1		void symmetric_matrix_product(ExecutionPolicy&&exec, InMat1 A, Triangle t, InMat2 B, InMat3 E, OutMat C)
2259	linalg.syn	linalg	std::linalg::hermitian_matrix_product	function	1		void hermitian_matrix_product(InMat1 A, Triangle t, InMat2 B, InMat3 E, OutMat C)
2260	linalg.syn	linalg	std::linalg::hermitian_matrix_product	function	1		void hermitian_matrix_product(ExecutionPolicy&&exec, InMat1 A, Triangle t, InMat2 B, InMat3 E, OutMat C)
2261	linalg.syn	linalg	std::linalg::triangular_matrix_product	function	1		void triangular_matrix_product(InMat1 A, Triangle t, DiagonalStorage d, InMat2 B, InMat3 E, OutMat C)
2262	linalg.syn	linalg	std::linalg::triangular_matrix_product	function	1		void triangular_matrix_product(ExecutionPolicy&&exec, InMat1 A, Triangle t, DiagonalStorage d, InMat2 B, InMat3 E, OutMat C)
2263	linalg.syn	linalg	std::linalg::symmetric_matrix_product	function	1		void symmetric_matrix_product(InMat1 A, InMat2 B, Triangle t, InMat3 E, OutMat C)
2264	linalg.syn	linalg	std::linalg::symmetric_matrix_product	function	1		void symmetric_matrix_product(ExecutionPolicy&&exec, InMat1 A, InMat2 B, Triangle t, InMat3 E, OutMat C)
2265	linalg.syn	linalg	std::linalg::hermitian_matrix_product	function	1		void hermitian_matrix_product(InMat1 A, InMat2 B, Triangle t, InMat3 E, OutMat C)
2266	linalg.syn	linalg	std::linalg::hermitian_matrix_product	function	1		void hermitian_matrix_product(ExecutionPolicy&&exec, InMat1 A, InMat2 B, Triangle t, InMat3 E, OutMat C)
2267	linalg.syn	linalg	std::linalg::triangular_matrix_product	function	1		void triangular_matrix_product(InMat1 A, InMat2 B, Triangle t, DiagonalStorage d, InMat3 E, OutMat C)
2268	linalg.syn	linalg	std::linalg::triangular_matrix_product	function	1		void triangular_matrix_product(ExecutionPolicy&&exec, InMat1 A, InMat2 B, Triangle t, DiagonalStorage d, InMat3 E, OutMat C)
2269	linalg.syn	linalg	std::linalg::triangular_matrix_left_product	function	1		void triangular_matrix_left_product(InMat A, Triangle t, DiagonalStorage d, InOutMat C)
2270	linalg.syn	linalg	std::linalg::triangular_matrix_left_product	function	1		void triangular_matrix_left_product(ExecutionPolicy&&exec, InMat A, Triangle t, DiagonalStorage d, InOutMat C)
2271	linalg.syn	linalg	std::linalg::triangular_matrix_right_product	function	1		void triangular_matrix_right_product(InMat A, Triangle t, DiagonalStorage d, InOutMat C)
2272	linalg.syn	linalg	std::linalg::triangular_matrix_right_product	function	1		void triangular_matrix_right_product(ExecutionPolicy&&exec, InMat A, Triangle t, DiagonalStorage d, InOutMat C)
2273	linalg.syn	linalg	std::linalg::symmetric_matrix_rank_k_update	function	1		void symmetric_matrix_rank_k_update(Scalar alpha, InMat A, OutMat C, Triangle t)
2274	linalg.syn	linalg	std::linalg::symmetric_matrix_rank_k_update	function	1		void symmetric_matrix_rank_k_update(ExecutionPolicy&&exec, Scalar alpha, InMat A, OutMat C, Triangle t)
2275	linalg.syn	linalg	std::linalg::hermitian_matrix_rank_k_update	function	1		void hermitian_matrix_rank_k_update(Scalar alpha, InMat A, OutMat C, Triangle t)
2276	linalg.syn	linalg	std::linalg::hermitian_matrix_rank_k_update	function	1		void hermitian_matrix_rank_k_update(ExecutionPolicy&&exec, Scalar alpha, InMat A, OutMat C, Triangle t)
2277	linalg.syn	linalg	std::linalg::symmetric_matrix_rank_k_update	function	1		void symmetric_matrix_rank_k_update(Scalar alpha, InMat1 A, InMat2 E, OutMat C, Triangle t)
2278	linalg.syn	linalg	std::linalg::symmetric_matrix_rank_k_update	function	1		void symmetric_matrix_rank_k_update(ExecutionPolicy&&exec, Scalar alpha, InMat1 A, InMat2 E, OutMat C, Triangle t)
2279	linalg.syn	linalg	std::linalg::hermitian_matrix_rank_k_update	function	1		void hermitian_matrix_rank_k_update(Scalar alpha, InMat1 A, InMat2 E, OutMat C, Triangle t)
2280	linalg.syn	linalg	std::linalg::hermitian_matrix_rank_k_update	function	1		void hermitian_matrix_rank_k_update(ExecutionPolicy&&exec, Scalar alpha, InMat1 A, InMat2 E, OutMat C, Triangle t)
2281	linalg.syn	linalg	std::linalg::symmetric_matrix_rank_2k_update	function	1		void symmetric_matrix_rank_2k_update(InMat1 A, InMat2 B, OutMat C, Triangle t)
2282	linalg.syn	linalg	std::linalg::symmetric_matrix_rank_2k_update	function	1		void symmetric_matrix_rank_2k_update(ExecutionPolicy&&exec, InMat1 A, InMat2 B, OutMat C, Triangle t)
2283	linalg.syn	linalg	std::linalg::hermitian_matrix_rank_2k_update	function	1		void hermitian_matrix_rank_2k_update(InMat1 A, InMat2 B, OutMat C, Triangle t)
2284	linalg.syn	linalg	std::linalg::hermitian_matrix_rank_2k_update	function	1		void hermitian_matrix_rank_2k_update(ExecutionPolicy&&exec, InMat1 A, InMat2 B, OutMat C, Triangle t)
2285	linalg.syn	linalg	std::linalg::symmetric_matrix_rank_2k_update	function	1		void symmetric_matrix_rank_2k_update(InMat1 A, InMat2 B, InMat3 E, OutMat C, Triangle t)
2286	linalg.syn	linalg	std::linalg::symmetric_matrix_rank_2k_update	function	1		void symmetric_matrix_rank_2k_update(ExecutionPolicy&&exec, InMat1 A, InMat2 B, InMat3 E, OutMat C, Triangle t)
2287	linalg.syn	linalg	std::linalg::hermitian_matrix_rank_2k_update	function	1		void hermitian_matrix_rank_2k_update(InMat1 A, InMat2 B, InMat3 E, OutMat C, Triangle t)
2288	linalg.syn	linalg	std::linalg::hermitian_matrix_rank_2k_update	function	1		void hermitian_matrix_rank_2k_update(ExecutionPolicy&&exec, InMat1 A, InMat2 B, InMat3 E, OutMat C, Triangle t)
2289	linalg.syn	linalg	std::linalg::triangular_matrix_matrix_left_solve	function	1		void triangular_matrix_matrix_left_solve(InMat1 A, Triangle t, DiagonalStorage d, InMat2 B, OutMat X, BinaryDivideOp divide)
2290	linalg.syn	linalg	std::linalg::triangular_matrix_matrix_left_solve	function	1		void triangular_matrix_matrix_left_solve(ExecutionPolicy&&exec, InMat1 A, Triangle t, DiagonalStorage d, InMat2 B, OutMat X, BinaryDivideOp divide)
2291	linalg.syn	linalg	std::linalg::triangular_matrix_matrix_left_solve	function	1		void triangular_matrix_matrix_left_solve(InMat1 A, Triangle t, DiagonalStorage d, InMat2 B, OutMat X)
2292	linalg.syn	linalg	std::linalg::triangular_matrix_matrix_left_solve	function	1		void triangular_matrix_matrix_left_solve(ExecutionPolicy&&exec, InMat1 A, Triangle t, DiagonalStorage d, InMat2 B, OutMat X)
2293	linalg.syn	linalg	std::linalg::triangular_matrix_matrix_right_solve	function	1		void triangular_matrix_matrix_right_solve(InMat1 A, Triangle t, DiagonalStorage d, InMat2 B, OutMat X, BinaryDivideOp divide)
2294	linalg.syn	linalg	std::linalg::triangular_matrix_matrix_right_solve	function	1		void triangular_matrix_matrix_right_solve(ExecutionPolicy&&exec, InMat1 A, Triangle t, DiagonalStorage d, InMat2 B, OutMat X, BinaryDivideOp divide)
2295	linalg.syn	linalg	std::linalg::triangular_matrix_matrix_right_solve	function	1		void triangular_matrix_matrix_right_solve(InMat1 A, Triangle t, DiagonalStorage d, InMat2 B, OutMat X)
2296	linalg.syn	linalg	std::linalg::triangular_matrix_matrix_right_solve	function	1		void triangular_matrix_matrix_right_solve(ExecutionPolicy&&exec, InMat1 A, Triangle t, DiagonalStorage d, InMat2 B, OutMat X)
2297	linalg.syn	linalg	std::linalg::triangular_matrix_matrix_left_solve	function	1		void triangular_matrix_matrix_left_solve(InMat A, Triangle t, DiagonalStorage d, InOutMat B, BinaryDivideOp divide)
2298	linalg.syn	linalg	std::linalg::triangular_matrix_matrix_left_solve	function	1		void triangular_matrix_matrix_left_solve(ExecutionPolicy&&exec, InMat A, Triangle t, DiagonalStorage d, InOutMat B, BinaryDivideOp divide)
2299	linalg.syn	linalg	std::linalg::triangular_matrix_matrix_left_solve	function	1		void triangular_matrix_matrix_left_solve(InMat A, Triangle t, DiagonalStorage d, InOutMat B)
2300	linalg.syn	linalg	std::linalg::triangular_matrix_matrix_left_solve	function	1		void triangular_matrix_matrix_left_solve(ExecutionPolicy&&exec, InMat A, Triangle t, DiagonalStorage d, InOutMat B)
2301	linalg.syn	linalg	std::linalg::triangular_matrix_matrix_right_solve	function	1		void triangular_matrix_matrix_right_solve(InMat A, Triangle t, DiagonalStorage d, InOutMat B, BinaryDivideOp divide)
2302	linalg.syn	linalg	std::linalg::triangular_matrix_matrix_right_solve	function	1		void triangular_matrix_matrix_right_solve(ExecutionPolicy&&exec, InMat A, Triangle t, DiagonalStorage d, InOutMat B, BinaryDivideOp divide)
2303	linalg.syn	linalg	std::linalg::triangular_matrix_matrix_right_solve	function	1		void triangular_matrix_matrix_right_solve(InMat A, Triangle t, DiagonalStorage d, InOutMat B)
2304	linalg.syn	linalg	std::linalg::triangular_matrix_matrix_right_solve	function	1		void triangular_matrix_matrix_right_solve(ExecutionPolicy&&exec, InMat A, Triangle t, DiagonalStorage d, InOutMat B)
2305	linalg.layout.packed.overview	linalg	std::linalg::layout_blas_packed	classdef	1	presence only: presence	class layout_blas_packed
2306	linalg.layout.packed.overview	linalg	std::linalg::layout_blas_packed::triangle_type	alias	1		using triangle_type = Triangle
2307	linalg.layout.packed.overview	linalg	std::linalg::layout_blas_packed::storage_order_type	alias	1		using storage_order_type = StorageOrder
2308	linalg.layout.packed.overview	linalg	std::linalg::layout_blas_packed::mapping	classdef	1	presence only: presence	struct mapping
2309	linalg.layout.packed.overview	linalg	std::linalg::layout_blas_packed::mapping::extents_type	alias	1		using extents_type = Extents
2310	linalg.layout.packed.overview	linalg	std::linalg::layout_blas_packed::mapping::index_type	alias	1		using index_type = extents_type::index_type
2311	linalg.layout.packed.overview	linalg	std::linalg::layout_blas_packed::mapping::size_type	alias	1		using size_type = extents_type::size_type
2312	linalg.layout.packed.overview	linalg	std::linalg::layout_blas_packed::mapping::rank_type	alias	1		using rank_type = extents_type::rank_type
2313	linalg.layout.packed.overview	linalg	std::linalg::layout_blas_packed::mapping::layout_type	alias	1		using layout_type = layout_blas_packed
2314	linalg.layout.packed.overview	linalg	std::linalg::layout_blas_packed::mapping::mapping	function	1		constexpr mapping()noexcept = default
2315	linalg.layout.packed.overview	linalg	std::linalg::layout_blas_packed::mapping::mapping	function	1		constexpr mapping(const mapping&)noexcept = default
2316	linalg.layout.packed.overview	linalg	std::linalg::layout_blas_packed::mapping::mapping	function	1		constexpr mapping(const extents_type&)noexcept
2317	linalg.layout.packed.overview	linalg	std::linalg::layout_blas_packed::mapping::mapping	function	1		constexpr explicit(!is_convertible_v<OtherExtents, extents_type>)mapping(const mapping<OtherExtents>&other)noexcept
2318	linalg.layout.packed.overview	linalg	std::linalg::layout_blas_packed::mapping::operator=	function	2		constexpr mapping&operator = (const mapping&)noexcept = default
2319	linalg.layout.packed.overview	linalg	std::linalg::layout_blas_packed::mapping::extents	function	2		constexpr const extents_type&extents()const noexcept
2320	linalg.layout.packed.overview	linalg	std::linalg::layout_blas_packed::mapping::required_span_size	function	2		constexpr index_type required_span_size()const noexcept
2321	linalg.layout.packed.overview	linalg	std::linalg::layout_blas_packed::mapping::operator()	function	2		constexpr index_type operator()(Index0 ind0, Index1 ind1)const noexcept
2322	linalg.layout.packed.overview	linalg	std::linalg::layout_blas_packed::mapping::is_always_unique	function	2		static constexpr bool is_always_unique()noexcept
2323	linalg.layout.packed.overview	linalg	std::linalg::layout_blas_packed::mapping::is_always_exhaustive	function	2		static constexpr bool is_always_exhaustive()noexcept
2324	linalg.layout.packed.overview	linalg	std::linalg::layout_blas_packed::mapping::is_always_strided	function	2		static constexpr bool is_always_strided()noexcept
2325	linalg.layout.packed.overview	linalg	std::linalg::layout_blas_packed::mapping::is_unique	function	2		constexpr bool is_unique()const noexcept
2326	linalg.layout.packed.overview	linalg	std::linalg::layout_blas_packed::mapping::is_exhaustive	function	2		constexpr bool is_exhaustive()const noexcept
2327	linalg.layout.packed.overview	linalg	std::linalg::layout_blas_packed::mapping::is_strided	function	2		constexpr bool is_strided()const noexcept
2328	linalg.layout.packed.overview	linalg	std::linalg::layout_blas_packed::mapping::stride	function	2		constexpr index_type stride(rank_type)const noexcept
2329	linalg.layout.packed.overview	linalg	std::linalg::layout_blas_packed::mapping::operator==	function	2		friend constexpr bool operator==(const mapping&, const mapping<OtherExtents>&)noexcept
2330	linalg.scaled.scaledaccessor	linalg	std::linalg::scaled_accessor	classdef	1	presence only: presence	class scaled_accessor
2331	linalg.scaled.scaledaccessor	linalg	std::linalg::scaled_accessor::element_type	alias	1		using element_type = const decltype(declval<ScalingFactor>()*declval<typename NestedAccessor::element_type>())
2332	linalg.scaled.scaledaccessor	linalg	std::linalg::scaled_accessor::reference	alias	1		using reference = remove_const_t<element_type>
2333	linalg.scaled.scaledaccessor	linalg	std::linalg::scaled_accessor::data_handle_type	alias	1		using data_handle_type = NestedAccessor::data_handle_type
2334	linalg.scaled.scaledaccessor	linalg	std::linalg::scaled_accessor::offset_policy	alias	1		using offset_policy = scaled_accessor<ScalingFactor, typename NestedAccessor::offset_policy>
2335	linalg.scaled.scaledaccessor	linalg	std::linalg::scaled_accessor::scaled_accessor	function	1		constexpr scaled_accessor() = default
2336	linalg.scaled.scaledaccessor	linalg	std::linalg::scaled_accessor::scaled_accessor	function	1		explicit(!is_convertible_v<OtherNestedAccessor, NestedAccessor>)constexpr scaled_accessor(const scaled_accessor<ScalingFactor, OtherNestedAccessor>&other)
2337	linalg.scaled.scaledaccessor	linalg	std::linalg::scaled_accessor::scaled_accessor	function	1		constexpr scaled_accessor(const ScalingFactor&s, const NestedAccessor&a)
2338	linalg.scaled.scaledaccessor	linalg	std::linalg::scaled_accessor::access	function	2		constexpr reference access(data_handle_type p, size_t i)const
2339	linalg.scaled.scaledaccessor	linalg	std::linalg::scaled_accessor::offset	function	2		constexpr offset_policy::data_handle_type offset(data_handle_type p, size_t i)const
2340	linalg.scaled.scaledaccessor	linalg	std::linalg::scaled_accessor::scaling_factor	function	2		constexpr const ScalingFactor&scaling_factor()const noexcept
2341	linalg.scaled.scaledaccessor	linalg	std::linalg::scaled_accessor::nested_accessor	function	2		constexpr const NestedAccessor&nested_accessor()const noexcept
2342	linalg.conj.conjugatedaccessor	linalg	std::linalg::conjugated_accessor	classdef	1	presence only: presence	class conjugated_accessor
2343	linalg.conj.conjugatedaccessor	linalg	std::linalg::conjugated_accessor::element_type	alias	1		using element_type = const decltype(⟨conj-if-needed⟩(declval<typename NestedAccessor::element_type>()))
2344	linalg.conj.conjugatedaccessor	linalg	std::linalg::conjugated_accessor::reference	alias	1		using reference = remove_const_t<element_type>
2345	linalg.conj.conjugatedaccessor	linalg	std::linalg::conjugated_accessor::data_handle_type	alias	1		using data_handle_type = NestedAccessor::data_handle_type
2346	linalg.conj.conjugatedaccessor	linalg	std::linalg::conjugated_accessor::offset_policy	alias	1		using offset_policy = conjugated_accessor<typename NestedAccessor::offset_policy>
2347	linalg.conj.conjugatedaccessor	linalg	std::linalg::conjugated_accessor::conjugated_accessor	function	1		constexpr conjugated_accessor() = default
2348	linalg.conj.conjugatedaccessor	linalg	std::linalg::conjugated_accessor::conjugated_accessor	function	1		constexpr conjugated_accessor(const NestedAccessor&acc)
2349	linalg.conj.conjugatedaccessor	linalg	std::linalg::conjugated_accessor::conjugated_accessor	function	1		explicit(!is_convertible_v<OtherNestedAccessor, NestedAccessor>)constexpr conjugated_accessor(const conjugated_accessor<OtherNestedAccessor>&other)
2350	linalg.conj.conjugatedaccessor	linalg	std::linalg::conjugated_accessor::access	function	2		constexpr reference access(data_handle_type p, size_t i)const
2351	linalg.conj.conjugatedaccessor	linalg	std::linalg::conjugated_accessor::offset	function	2		constexpr typename offset_policy::data_handle_type offset(data_handle_type p, size_t i)const
2352	linalg.conj.conjugatedaccessor	linalg	std::linalg::conjugated_accessor::nested_accessor	function	2		constexpr const NestedAccessor&nested_accessor()const noexcept
2353	linalg.transp.layout.transpose	linalg	std::linalg::layout_transpose	classdef	1	presence only: presence	class layout_transpose
2354	linalg.transp.layout.transpose	linalg	std::linalg::layout_transpose::nested_layout_type	alias	1		using nested_layout_type = Layout
2355	linalg.transp.layout.transpose	linalg	std::linalg::layout_transpose::mapping	classdef	1	presence only: presence	struct mapping
2356	linalg.transp.layout.transpose	linalg	std::linalg::layout_transpose::mapping::extents_type	alias	1		using extents_type = Extents
2357	linalg.transp.layout.transpose	linalg	std::linalg::layout_transpose::mapping::index_type	alias	1		using index_type = extents_type::index_type
2358	linalg.transp.layout.transpose	linalg	std::linalg::layout_transpose::mapping::size_type	alias	1		using size_type = extents_type::size_type
2359	linalg.transp.layout.transpose	linalg	std::linalg::layout_transpose::mapping::rank_type	alias	1		using rank_type = extents_type::rank_type
2360	linalg.transp.layout.transpose	linalg	std::linalg::layout_transpose::mapping::layout_type	alias	1		using layout_type = layout_transpose
2361	linalg.transp.layout.transpose	linalg	std::linalg::layout_transpose::mapping::mapping	function	1		constexpr explicit mapping(const ⟨nested-mapping-type⟩&)
2362	linalg.transp.layout.transpose	linalg	std::linalg::layout_transpose::mapping::extents	function	2		constexpr const extents_type&extents()const noexcept
2363	linalg.transp.layout.transpose	linalg	std::linalg::layout_transpose::mapping::required_span_size	function	2		constexpr index_type required_span_size()const
2364	linalg.transp.layout.transpose	linalg	std::linalg::layout_transpose::mapping::operator()	function	2		constexpr index_type operator()(Index0 ind0, Index1 ind1)const
2365	linalg.transp.layout.transpose	linalg	std::linalg::layout_transpose::mapping::nested_mapping	function	2		constexpr const ⟨nested-mapping-type⟩&nested_mapping()const noexcept
2366	linalg.transp.layout.transpose	linalg	std::linalg::layout_transpose::mapping::is_always_unique	function	2		static constexpr bool is_always_unique()noexcept
2367	linalg.transp.layout.transpose	linalg	std::linalg::layout_transpose::mapping::is_always_exhaustive	function	2		static constexpr bool is_always_exhaustive()noexcept
2368	linalg.transp.layout.transpose	linalg	std::linalg::layout_transpose::mapping::is_always_strided	function	2		static constexpr bool is_always_strided()noexcept
2369	linalg.transp.layout.transpose	linalg	std::linalg::layout_transpose::mapping::is_unique	function	2		constexpr bool is_unique()const
2370	linalg.transp.layout.transpose	linalg	std::linalg::layout_transpose::mapping::is_exhaustive	function	2		constexpr bool is_exhaustive()const
2371	linalg.transp.layout.transpose	linalg	std::linalg::layout_transpose::mapping::is_strided	function	2		constexpr bool is_strided()const
2372	linalg.transp.layout.transpose	linalg	std::linalg::layout_transpose::mapping::stride	function	2		constexpr index_type stride(size_t r)const
2373	linalg.transp.layout.transpose	linalg	std::linalg::layout_transpose::mapping::operator==	function	2		friend constexpr bool operator==(const mapping&x, const mapping<OtherExtents>&y)
2374	simd.syn	simd	std::simd::alignment	classdecl	1	presence only: presence	struct alignment
2375	simd.syn	simd	std::simd::alignment_v	variable	1		constexpr size_t alignment_v = alignment<T, U>::value
2376	simd.syn	simd	std::simd::rebind	classdef	1	presence only: presence	struct rebind
2377	simd.syn	simd	std::simd::rebind::type	alias	1		using type = ⟨see below⟩
2378	simd.syn	simd	std::simd::rebind_t	alias	1		using rebind_t = rebind<T, V>::type
2379	simd.syn	simd	std::simd::resize	classdef	1	presence only: presence	struct resize
2380	simd.syn	simd	std::simd::resize::type	alias	1		using type = ⟨see below⟩
2381	simd.syn	simd	std::simd::resize_t	alias	1		using resize_t = resize<N, V>::type
2382	simd.syn	simd	std::simd::flags	classdecl	1	presence only: presence	struct flags
2383	simd.syn	simd	std::simd::flag_default	variable	1		inline constexpr flags<>flag_default{}
2384	simd.syn	simd	std::simd::flag_convert	variable	1		inline constexpr flags<⟨convert-flag⟩>flag_convert{}
2385	simd.syn	simd	std::simd::flag_aligned	variable	1		inline constexpr flags<⟨aligned-flag⟩>flag_aligned{}
2386	simd.syn	simd	std::simd::flag_overaligned	variable	1		requires(has_single_bit(N))constexpr flags<⟨overaligned-flag⟩<N>>flag_overaligned
2387	simd.syn	simd	std::simd::basic_vec	classdecl	1	presence only: presence	class basic_vec
2388	simd.syn	simd	std::simd::vec	alias	1		using vec = basic_vec<T, ⟨deduce-abi-t⟩<T, N>>
2389	simd.syn	simd	std::simd::reduce	function	3		constexpr T reduce(const basic_vec<T, Abi>&, BinaryOperation = {})
2390	simd.syn	simd	std::simd::reduce	function	3		constexpr T reduce(const basic_vec<T, Abi>&x, const typename basic_vec<T, Abi>::mask_type&mask, BinaryOperation binary_op = {}, type_identity_t<T>identity_element = ⟨see below⟩)
2391	simd.syn	simd	std::simd::reduce	function	3		constexpr T reduce(const T&, BinaryOperation = {})
2392	simd.syn	simd	std::simd::reduce	function	1	presence only: deduced type	constexpr T reduce(const T&x, same_as<bool>auto mask, BinaryOperation binary_op = {}, type_identity_t<T>identity_element = ⟨see below⟩)
2393	simd.syn	simd	std::simd::reduce_min	function	2		constexpr T reduce_min(const basic_vec<T, Abi>&)noexcept
2394	simd.syn	simd	std::simd::reduce_min	function	2		constexpr T reduce_min(const basic_vec<T, Abi>&, const typename basic_vec<T, Abi>::mask_type&)noexcept
2395	simd.syn	simd	std::simd::reduce_max	function	2		constexpr T reduce_max(const basic_vec<T, Abi>&)noexcept
2396	simd.syn	simd	std::simd::reduce_max	function	2		constexpr T reduce_max(const basic_vec<T, Abi>&, const typename basic_vec<T, Abi>::mask_type&)noexcept
2397	simd.syn	simd	std::simd::reduce_min	function	2		constexpr T reduce_min(const T&)noexcept
2398	simd.syn	simd	std::simd::reduce_min	function	1	presence only: deduced type	constexpr T reduce_min(const T&, same_as<bool>auto)noexcept
2399	simd.syn	simd	std::simd::reduce_max	function	2		constexpr T reduce_max(const T&)noexcept
2400	simd.syn	simd	std::simd::reduce_max	function	1	presence only: deduced type	constexpr T reduce_max(const T&, same_as<bool>auto)noexcept
2401	simd.syn	simd	std::simd::unchecked_load	function	3		requires ranges::sized_range<R>constexpr V unchecked_load(R&&r, flags<Flags...>f = {})
2402	simd.syn	simd	std::simd::unchecked_load	function	3		requires ranges::sized_range<R>constexpr V unchecked_load(R&&r, const typename V::mask_type&k, flags<Flags...>f = {})
2403	simd.syn	simd	std::simd::unchecked_load	function	2		constexpr V unchecked_load(I first, iter_difference_t<I>n, flags<Flags...>f = {})
2404	simd.syn	simd	std::simd::unchecked_load	function	2		constexpr V unchecked_load(I first, iter_difference_t<I>n, const typename V::mask_type&k, flags<Flags...>f = {})
2405	simd.syn	simd	std::simd::unchecked_load	function	2		constexpr V unchecked_load(I first, S last, flags<Flags...>f = {})
2406	simd.syn	simd	std::simd::unchecked_load	function	2		constexpr V unchecked_load(I first, S last, const typename V::mask_type&k, flags<Flags...>f = {})
2407	simd.syn	simd	std::simd::partial_load	function	3		requires ranges::sized_range<R>constexpr V partial_load(R&&r, flags<Flags...>f = {})
2408	simd.syn	simd	std::simd::partial_load	function	3		requires ranges::sized_range<R>constexpr V partial_load(R&&r, const typename V::mask_type&k, flags<Flags...>f = {})
2409	simd.syn	simd	std::simd::partial_load	function	2		constexpr V partial_load(I first, iter_difference_t<I>n, flags<Flags...>f = {})
2410	simd.syn	simd	std::simd::partial_load	function	2		constexpr V partial_load(I first, iter_difference_t<I>n, const typename V::mask_type&k, flags<Flags...>f = {})
2411	simd.syn	simd	std::simd::partial_load	function	2		constexpr V partial_load(I first, S last, flags<Flags...>f = {})
2412	simd.syn	simd	std::simd::partial_load	function	2		constexpr V partial_load(I first, S last, const typename V::mask_type&k, flags<Flags...>f = {})
2413	simd.syn	simd	std::simd::unchecked_store	function	3		requires ranges::sized_range<R>constexpr void unchecked_store(const basic_vec<T, Abi>&v, R&&r, flags<Flags...>f = {})
2414	simd.syn	simd	std::simd::unchecked_store	function	3		requires ranges::sized_range<R>constexpr void unchecked_store(const basic_vec<T, Abi>&v, R&&r, const typename basic_vec<T, Abi>::mask_type&mask, flags<Flags...>f = {})
2415	simd.syn	simd	std::simd::unchecked_store	function	2		constexpr void unchecked_store(const basic_vec<T, Abi>&v, I first, iter_difference_t<I>n, flags<Flags...>f = {})
2416	simd.syn	simd	std::simd::unchecked_store	function	2		constexpr void unchecked_store(const basic_vec<T, Abi>&v, I first, iter_difference_t<I>n, const typename basic_vec<T, Abi>::mask_type&mask, flags<Flags...>f = {})
2417	simd.syn	simd	std::simd::unchecked_store	function	2		constexpr void unchecked_store(const basic_vec<T, Abi>&v, I first, S last, flags<Flags...>f = {})
2418	simd.syn	simd	std::simd::unchecked_store	function	2		constexpr void unchecked_store(const basic_vec<T, Abi>&v, I first, S last, const typename basic_vec<T, Abi>::mask_type&mask, flags<Flags...>f = {})
2419	simd.syn	simd	std::simd::partial_store	function	3		requires ranges::sized_range<R>constexpr void partial_store(const basic_vec<T, Abi>&v, R&&r, flags<Flags...>f = {})
2420	simd.syn	simd	std::simd::partial_store	function	3		requires ranges::sized_range<R>constexpr void partial_store(const basic_vec<T, Abi>&v, R&&r, const typename basic_vec<T, Abi>::mask_type&mask, flags<Flags...>f = {})
2421	simd.syn	simd	std::simd::partial_store	function	2		constexpr void partial_store(const basic_vec<T, Abi>&v, I first, iter_difference_t<I>n, flags<Flags...>f = {})
2422	simd.syn	simd	std::simd::partial_store	function	2		constexpr void partial_store(const basic_vec<T, Abi>&v, I first, iter_difference_t<I>n, const typename basic_vec<T, Abi>::mask_type&mask, flags<Flags...>f = {})
2423	simd.syn	simd	std::simd::partial_store	function	2		constexpr void partial_store(const basic_vec<T, Abi>&v, I first, S last, flags<Flags...>f = {})
2424	simd.syn	simd	std::simd::partial_store	function	2		constexpr void partial_store(const basic_vec<T, Abi>&v, I first, S last, const typename basic_vec<T, Abi>::mask_type&mask, flags<Flags...>f = {})
2425	simd.syn	simd	std::simd::zero_element	variable	1		inline constexpr ⟨simd-size-type⟩ zero_element = ⟨implementation-defined⟩
2426	simd.syn	simd	std::simd::uninit_element	variable	1		inline constexpr ⟨simd-size-type⟩ uninit_element = ⟨implementation-defined⟩
2427	simd.syn	simd	std::simd::permute	function	2		constexpr resize_t<N, V>permute(const V&v, IdxMap&&idxmap)
2428	simd.syn	simd	std::simd::permute	function	2		constexpr resize_t<N, V>permute(const V&v, IdxMap&&idxmap)
2429	simd.syn	simd	std::simd::permute	function	2		constexpr resize_t<I::size(), V>permute(const V&v, const I&indices)
2430	simd.syn	simd	std::simd::permute	function	2		constexpr resize_t<I::size(), V>permute(const V&v, const I&indices)
2431	simd.syn	simd	std::simd::compress	function	2		constexpr V compress(const V&v, const typename V::mask_type&selector)
2432	simd.syn	simd	std::simd::compress	function	2		constexpr V compress(const V&v, const type_identity_t<V>&selector)
2433	simd.syn	simd	std::simd::compress	function	2		constexpr V compress(const V&v, const typename V::mask_type&selector, const typename V::value_type&fill_value)
2434	simd.syn	simd	std::simd::compress	function	2		constexpr V compress(const V&v, const type_identity_t<V>&selector, const typename V::value_type&fill_value)
2435	simd.syn	simd	std::simd::expand	function	3		constexpr V expand(const V&v, const typename V::mask_type&selector, const V&original = {})
2436	simd.syn	simd	std::simd::expand	function	3		constexpr V expand(const V&v, const type_identity_t<V>&selector, const V&original = {})
2437	simd.syn	simd	std::simd::unchecked_gather_from	function	3		requires ranges::sized_range<R>constexpr V unchecked_gather_from(R&&in, const I&indices, flags<Flags...>f = {})
2438	simd.syn	simd	std::simd::unchecked_gather_from	function	3		requires ranges::sized_range<R>constexpr V unchecked_gather_from(R&&in, const typename I::mask_type&mask, const I&indices, flags<Flags...>f = {})
2439	simd.syn	simd	std::simd::partial_gather_from	function	3		requires ranges::sized_range<R>constexpr V partial_gather_from(R&&in, const I&indices, flags<Flags...>f = {})
2440	simd.syn	simd	std::simd::partial_gather_from	function	3		requires ranges::sized_range<R>constexpr V partial_gather_from(R&&in, const typename I::mask_type&mask, const I&indices, flags<Flags...>f = {})
2441	simd.syn	simd	std::simd::unchecked_scatter_to	function	3		requires ranges::sized_range<R>constexpr void unchecked_scatter_to(const V&v, R&&out, const I&indices, flags<Flags...>f = {})
2442	simd.syn	simd	std::simd::unchecked_scatter_to	function	3		requires ranges::sized_range<R>constexpr void unchecked_scatter_to(const V&v, R&&out, const typename I::mask_type&mask, const I&indices, flags<Flags...>f = {})
2443	simd.syn	simd	std::simd::partial_scatter_to	function	3		requires ranges::sized_range<R>constexpr void partial_scatter_to(const V&v, R&&out, const I&indices, flags<Flags...>f = {})
2444	simd.syn	simd	std::simd::partial_scatter_to	function	3		requires ranges::sized_range<R>constexpr void partial_scatter_to(const V&v, R&&out, const typename I::mask_type&mask, const I&indices, flags<Flags...>f = {})
2445	simd.syn	simd	std::simd::chunk	function	1	presence only: signature not probed	constexpr auto chunk(const basic_vec<typename T::value_type, Abi>&x)noexcept
2446	simd.syn	simd	std::simd::chunk	function	1	presence only: signature not probed	constexpr auto chunk(const basic_mask<⟨mask-element-size⟩<T>, Abi>&x)noexcept
2447	simd.syn	simd	std::simd::chunk	function	1	presence only: signature not probed	constexpr auto chunk(const basic_vec<T, Abi>&x)noexcept
2448	simd.syn	simd	std::simd::chunk	function	1	presence only: signature not probed	constexpr auto chunk(const basic_mask<Bytes, Abi>&x)noexcept
2449	simd.syn	simd	std::simd::cat	function	1	presence only: signature not probed	constexpr resize_t<(basic_vec<T, Abis>::size()+...), basic_vec<T, Abis...[0]>>cat(const basic_vec<T, Abis>&...)noexcept
2450	simd.syn	simd	std::simd::cat	function	1	presence only: signature not probed	constexpr resize_t<(basic_mask<Bytes, Abis>::size()+...), basic_mask<Bytes, Abis...[0]>>cat(const basic_mask<Bytes, Abis>&...)noexcept
2451	simd.syn	simd	std::simd::iota	variable	1		constexpr T iota = ⟨see below⟩
2452	simd.syn	simd	std::simd::min	function	2		constexpr basic_vec<T, Abi>min(const basic_vec<T, Abi>&a, const basic_vec<T, Abi>&b)noexcept
2453	simd.syn	simd	std::simd::max	function	2		constexpr basic_vec<T, Abi>max(const basic_vec<T, Abi>&a, const basic_vec<T, Abi>&b)noexcept
2454	simd.syn	simd	std::simd::minmax	function	2		constexpr pair<basic_vec<T, Abi>, basic_vec<T, Abi>>minmax(const basic_vec<T, Abi>&a, const basic_vec<T, Abi>&b)noexcept
2455	simd.syn	simd	std::simd::clamp	function	2		constexpr basic_vec<T, Abi>clamp(const basic_vec<T, Abi>&v, const basic_vec<T, Abi>&lo, const basic_vec<T, Abi>&hi)
2456	simd.syn	simd	std::simd::select	function	2		constexpr auto select(bool c, const T&a, const U&b)->remove_cvref_t<decltype(c?a:b)>
2457	simd.syn	simd	std::simd::select	function	2		constexpr auto select(const basic_mask<Bytes, Abi>&c, const T&a, const U&b)noexcept->decltype(⟨simd-select-impl⟩(c, a, b))
2458	simd.syn	simd	std::simd::acos	function	2		constexpr ⟨deduced-vec-t⟩<V>acos(const V&x)
2459	simd.syn	simd	std::simd::asin	function	2		constexpr ⟨deduced-vec-t⟩<V>asin(const V&x)
2460	simd.syn	simd	std::simd::atan	function	2		constexpr ⟨deduced-vec-t⟩<V>atan(const V&x)
2461	simd.syn	simd	std::simd::atan2	function	2		constexpr ⟨deduced-vec-t⟩<V>atan2(const V&y, const V&x)
2462	simd.syn	simd	std::simd::atan2	function	2		constexpr ⟨deduced-vec-t⟩<V>atan2(const ⟨deduced-vec-t⟩<V>&x, const V&y)
2463	simd.syn	simd	std::simd::atan2	function	2		constexpr ⟨deduced-vec-t⟩<V>atan2(const V&x, const ⟨deduced-vec-t⟩<V>&y)
2464	simd.syn	simd	std::simd::cos	function	2		constexpr ⟨deduced-vec-t⟩<V>cos(const V&x)
2465	simd.syn	simd	std::simd::sin	function	2		constexpr ⟨deduced-vec-t⟩<V>sin(const V&x)
2466	simd.syn	simd	std::simd::tan	function	2		constexpr ⟨deduced-vec-t⟩<V>tan(const V&x)
2467	simd.syn	simd	std::simd::acosh	function	2		constexpr ⟨deduced-vec-t⟩<V>acosh(const V&x)
2468	simd.syn	simd	std::simd::asinh	function	2		constexpr ⟨deduced-vec-t⟩<V>asinh(const V&x)
2469	simd.syn	simd	std::simd::atanh	function	2		constexpr ⟨deduced-vec-t⟩<V>atanh(const V&x)
2470	simd.syn	simd	std::simd::cosh	function	2		constexpr ⟨deduced-vec-t⟩<V>cosh(const V&x)
2471	simd.syn	simd	std::simd::sinh	function	2		constexpr ⟨deduced-vec-t⟩<V>sinh(const V&x)
2472	simd.syn	simd	std::simd::tanh	function	2		constexpr ⟨deduced-vec-t⟩<V>tanh(const V&x)
2473	simd.syn	simd	std::simd::exp	function	2		constexpr ⟨deduced-vec-t⟩<V>exp(const V&x)
2474	simd.syn	simd	std::simd::exp2	function	2		constexpr ⟨deduced-vec-t⟩<V>exp2(const V&x)
2475	simd.syn	simd	std::simd::expm1	function	2		constexpr ⟨deduced-vec-t⟩<V>expm1(const V&x)
2476	simd.syn	simd	std::simd::frexp	function	1		constexpr ⟨deduced-vec-t⟩<V>frexp(const V&value, rebind_t<int, ⟨deduced-vec-t⟩<V>>*exp)
2477	simd.syn	simd	std::simd::ilogb	function	2		constexpr rebind_t<int, ⟨deduced-vec-t⟩<V>>ilogb(const V&x)
2478	simd.syn	simd	std::simd::ldexp	function	2		constexpr ⟨deduced-vec-t⟩<V>ldexp(const V&x, const rebind_t<int, ⟨deduced-vec-t⟩<V>>&exp)
2479	simd.syn	simd	std::simd::log	function	2		constexpr ⟨deduced-vec-t⟩<V>log(const V&x)
2480	simd.syn	simd	std::simd::log10	function	2		constexpr ⟨deduced-vec-t⟩<V>log10(const V&x)
2481	simd.syn	simd	std::simd::log1p	function	2		constexpr ⟨deduced-vec-t⟩<V>log1p(const V&x)
2482	simd.syn	simd	std::simd::log2	function	2		constexpr ⟨deduced-vec-t⟩<V>log2(const V&x)
2483	simd.syn	simd	std::simd::logb	function	2		constexpr ⟨deduced-vec-t⟩<V>logb(const V&x)
2484	simd.syn	simd	std::simd::modf	function	1		constexpr basic_vec<T, Abi>modf(const type_identity_t<basic_vec<T, Abi>>&value, basic_vec<T, Abi>*iptr)
2485	simd.syn	simd	std::simd::scalbn	function	2		constexpr ⟨deduced-vec-t⟩<V>scalbn(const V&x, const rebind_t<int, ⟨deduced-vec-t⟩<V>>&n)
2486	simd.syn	simd	std::simd::scalbln	function	2		constexpr ⟨deduced-vec-t⟩<V>scalbln(const V&x, const rebind_t<long int, ⟨deduced-vec-t⟩<V>>&n)
2487	simd.syn	simd	std::simd::cbrt	function	2		constexpr ⟨deduced-vec-t⟩<V>cbrt(const V&x)
2488	simd.syn	simd	std::simd::abs	function	2		constexpr basic_vec<T, Abi>abs(const basic_vec<T, Abi>&j)
2489	simd.syn	simd	std::simd::abs	function	2		constexpr ⟨deduced-vec-t⟩<V>abs(const V&j)
2490	simd.syn	simd	std::simd::fabs	function	2		constexpr ⟨deduced-vec-t⟩<V>fabs(const V&x)
2491	simd.syn	simd	std::simd::hypot	function	2		constexpr ⟨deduced-vec-t⟩<V>hypot(const V&x, const V&y)
2492	simd.syn	simd	std::simd::hypot	function	2		constexpr ⟨deduced-vec-t⟩<V>hypot(const ⟨deduced-vec-t⟩<V>&x, const V&y)
2493	simd.syn	simd	std::simd::hypot	function	2		constexpr ⟨deduced-vec-t⟩<V>hypot(const V&x, const ⟨deduced-vec-t⟩<V>&y)
2494	simd.syn	simd	std::simd::hypot	function	2		constexpr ⟨deduced-vec-t⟩<V>hypot(const V&x, const V&y, const V&z)
2495	simd.syn	simd	std::simd::hypot	function	2		constexpr ⟨deduced-vec-t⟩<V>hypot(const ⟨deduced-vec-t⟩<V>&x, const V&y, const V&z)
2496	simd.syn	simd	std::simd::hypot	function	2		constexpr ⟨deduced-vec-t⟩<V>hypot(const V&x, const ⟨deduced-vec-t⟩<V>&y, const V&z)
2497	simd.syn	simd	std::simd::hypot	function	2		constexpr ⟨deduced-vec-t⟩<V>hypot(const V&x, const V&y, const ⟨deduced-vec-t⟩<V>&z)
2498	simd.syn	simd	std::simd::hypot	function	2		constexpr ⟨deduced-vec-t⟩<V>hypot(const ⟨deduced-vec-t⟩<V>&x, const ⟨deduced-vec-t⟩<V>&y, const V&z)
2499	simd.syn	simd	std::simd::hypot	function	2		constexpr ⟨deduced-vec-t⟩<V>hypot(const ⟨deduced-vec-t⟩<V>&x, const V&y, const ⟨deduced-vec-t⟩<V>&z)
2500	simd.syn	simd	std::simd::hypot	function	2		constexpr ⟨deduced-vec-t⟩<V>hypot(const V&x, const ⟨deduced-vec-t⟩<V>&y, const ⟨deduced-vec-t⟩<V>&z)
2501	simd.syn	simd	std::simd::pow	function	2		constexpr ⟨deduced-vec-t⟩<V>pow(const V&x, const V&y)
2502	simd.syn	simd	std::simd::pow	function	2		constexpr ⟨deduced-vec-t⟩<V>pow(const ⟨deduced-vec-t⟩<V>&x, const V&y)
2503	simd.syn	simd	std::simd::pow	function	2		constexpr ⟨deduced-vec-t⟩<V>pow(const V&x, const ⟨deduced-vec-t⟩<V>&y)
2504	simd.syn	simd	std::simd::sqrt	function	2		constexpr ⟨deduced-vec-t⟩<V>sqrt(const V&x)
2505	simd.syn	simd	std::simd::erf	function	2		constexpr ⟨deduced-vec-t⟩<V>erf(const V&x)
2506	simd.syn	simd	std::simd::erfc	function	2		constexpr ⟨deduced-vec-t⟩<V>erfc(const V&x)
2507	simd.syn	simd	std::simd::lgamma	function	2		constexpr ⟨deduced-vec-t⟩<V>lgamma(const V&x)
2508	simd.syn	simd	std::simd::tgamma	function	2		constexpr ⟨deduced-vec-t⟩<V>tgamma(const V&x)
2509	simd.syn	simd	std::simd::ceil	function	2		constexpr ⟨deduced-vec-t⟩<V>ceil(const V&x)
2510	simd.syn	simd	std::simd::floor	function	2		constexpr ⟨deduced-vec-t⟩<V>floor(const V&x)
2511	simd.syn	simd	std::simd::nearbyint	function	1		⟨deduced-vec-t⟩<V>nearbyint(const V&x)
2512	simd.syn	simd	std::simd::rint	function	1		⟨deduced-vec-t⟩<V>rint(const V&x)
2513	simd.syn	simd	std::simd::lrint	function	1		rebind_t<long int, ⟨deduced-vec-t⟩<V>>lrint(const V&x)
2514	simd.syn	simd	std::simd::llrint	function	1		rebind_t<long long int, V>llrint(const ⟨deduced-vec-t⟩<V>&x)
2515	simd.syn	simd	std::simd::round	function	2		constexpr ⟨deduced-vec-t⟩<V>round(const V&x)
2516	simd.syn	simd	std::simd::lround	function	2		constexpr rebind_t<long int, ⟨deduced-vec-t⟩<V>>lround(const V&x)
2517	simd.syn	simd	std::simd::llround	function	2		constexpr rebind_t<long long int, ⟨deduced-vec-t⟩<V>>llround(const V&x)
2518	simd.syn	simd	std::simd::trunc	function	2		constexpr ⟨deduced-vec-t⟩<V>trunc(const V&x)
2519	simd.syn	simd	std::simd::fmod	function	2		constexpr ⟨deduced-vec-t⟩<V>fmod(const V&x, const V&y)
2520	simd.syn	simd	std::simd::fmod	function	2		constexpr ⟨deduced-vec-t⟩<V>fmod(const ⟨deduced-vec-t⟩<V>&x, const V&y)
2521	simd.syn	simd	std::simd::fmod	function	2		constexpr ⟨deduced-vec-t⟩<V>fmod(const V&x, const ⟨deduced-vec-t⟩<V>&y)
2522	simd.syn	simd	std::simd::remainder	function	2		constexpr ⟨deduced-vec-t⟩<V>remainder(const V&x, const V&y)
2523	simd.syn	simd	std::simd::remainder	function	2		constexpr ⟨deduced-vec-t⟩<V>remainder(const ⟨deduced-vec-t⟩<V>&x, const V&y)
2524	simd.syn	simd	std::simd::remainder	function	2		constexpr ⟨deduced-vec-t⟩<V>remainder(const V&x, const ⟨deduced-vec-t⟩<V>&y)
2525	simd.syn	simd	std::simd::remquo	function	1		constexpr ⟨deduced-vec-t⟩<V>remquo(const V&x, const V&y, rebind_t<int, ⟨deduced-vec-t⟩<V>>*quo)
2526	simd.syn	simd	std::simd::remquo	function	1		constexpr ⟨deduced-vec-t⟩<V>remquo(const ⟨deduced-vec-t⟩<V>&x, const V&y, rebind_t<int, ⟨deduced-vec-t⟩<V>>*quo)
2527	simd.syn	simd	std::simd::remquo	function	1		constexpr ⟨deduced-vec-t⟩<V>remquo(const V&x, const ⟨deduced-vec-t⟩<V>&y, rebind_t<int, ⟨deduced-vec-t⟩<V>>*quo)
2528	simd.syn	simd	std::simd::copysign	function	2		constexpr ⟨deduced-vec-t⟩<V>copysign(const V&x, const V&y)
2529	simd.syn	simd	std::simd::copysign	function	2		constexpr ⟨deduced-vec-t⟩<V>copysign(const ⟨deduced-vec-t⟩<V>&x, const V&y)
2530	simd.syn	simd	std::simd::copysign	function	2		constexpr ⟨deduced-vec-t⟩<V>copysign(const V&x, const ⟨deduced-vec-t⟩<V>&y)
2531	simd.syn	simd	std::simd::nextafter	function	2		constexpr ⟨deduced-vec-t⟩<V>nextafter(const V&x, const V&y)
2532	simd.syn	simd	std::simd::nextafter	function	2		constexpr ⟨deduced-vec-t⟩<V>nextafter(const ⟨deduced-vec-t⟩<V>&x, const V&y)
2533	simd.syn	simd	std::simd::nextafter	function	2		constexpr ⟨deduced-vec-t⟩<V>nextafter(const V&x, const ⟨deduced-vec-t⟩<V>&y)
2534	simd.syn	simd	std::simd::fdim	function	2		constexpr ⟨deduced-vec-t⟩<V>fdim(const V&x, const V&y)
2535	simd.syn	simd	std::simd::fdim	function	2		constexpr ⟨deduced-vec-t⟩<V>fdim(const ⟨deduced-vec-t⟩<V>&x, const V&y)
2536	simd.syn	simd	std::simd::fdim	function	2		constexpr ⟨deduced-vec-t⟩<V>fdim(const V&x, const ⟨deduced-vec-t⟩<V>&y)
2537	simd.syn	simd	std::simd::fmax	function	2		constexpr ⟨deduced-vec-t⟩<V>fmax(const V&x, const V&y)
2538	simd.syn	simd	std::simd::fmax	function	2		constexpr ⟨deduced-vec-t⟩<V>fmax(const ⟨deduced-vec-t⟩<V>&x, const V&y)
2539	simd.syn	simd	std::simd::fmax	function	2		constexpr ⟨deduced-vec-t⟩<V>fmax(const V&x, const ⟨deduced-vec-t⟩<V>&y)
2540	simd.syn	simd	std::simd::fmin	function	2		constexpr ⟨deduced-vec-t⟩<V>fmin(const V&x, const V&y)
2541	simd.syn	simd	std::simd::fmin	function	2		constexpr ⟨deduced-vec-t⟩<V>fmin(const ⟨deduced-vec-t⟩<V>&x, const V&y)
2542	simd.syn	simd	std::simd::fmin	function	2		constexpr ⟨deduced-vec-t⟩<V>fmin(const V&x, const ⟨deduced-vec-t⟩<V>&y)
2543	simd.syn	simd	std::simd::fma	function	2		constexpr ⟨deduced-vec-t⟩<V>fma(const V&x, const V&y, const V&z)
2544	simd.syn	simd	std::simd::fma	function	2		constexpr ⟨deduced-vec-t⟩<V>fma(const ⟨deduced-vec-t⟩<V>&x, const V&y, const V&z)
2545	simd.syn	simd	std::simd::fma	function	2		constexpr ⟨deduced-vec-t⟩<V>fma(const V&x, const ⟨deduced-vec-t⟩<V>&y, const V&z)
2546	simd.syn	simd	std::simd::fma	function	2		constexpr ⟨deduced-vec-t⟩<V>fma(const V&x, const V&y, const ⟨deduced-vec-t⟩<V>&z)
2547	simd.syn	simd	std::simd::fma	function	2		constexpr ⟨deduced-vec-t⟩<V>fma(const ⟨deduced-vec-t⟩<V>&x, const ⟨deduced-vec-t⟩<V>&y, const V&z)
2548	simd.syn	simd	std::simd::fma	function	2		constexpr ⟨deduced-vec-t⟩<V>fma(const ⟨deduced-vec-t⟩<V>&x, const V&y, const ⟨deduced-vec-t⟩<V>&z)
2549	simd.syn	simd	std::simd::fma	function	2		constexpr ⟨deduced-vec-t⟩<V>fma(const V&x, const ⟨deduced-vec-t⟩<V>&y, const ⟨deduced-vec-t⟩<V>&z)
2550	simd.syn	simd	std::simd::lerp	function	2		constexpr ⟨deduced-vec-t⟩<V>lerp(const V&a, const V&b, const V&t)noexcept
2551	simd.syn	simd	std::simd::lerp	function	2		constexpr ⟨deduced-vec-t⟩<V>lerp(const ⟨deduced-vec-t⟩<V>&x, const V&y, const V&z)
2552	simd.syn	simd	std::simd::lerp	function	2		constexpr ⟨deduced-vec-t⟩<V>lerp(const V&x, const ⟨deduced-vec-t⟩<V>&y, const V&z)
2553	simd.syn	simd	std::simd::lerp	function	2		constexpr ⟨deduced-vec-t⟩<V>lerp(const V&x, const V&y, const ⟨deduced-vec-t⟩<V>&z)
2554	simd.syn	simd	std::simd::lerp	function	2		constexpr ⟨deduced-vec-t⟩<V>lerp(const ⟨deduced-vec-t⟩<V>&x, const ⟨deduced-vec-t⟩<V>&y, const V&z)
2555	simd.syn	simd	std::simd::lerp	function	2		constexpr ⟨deduced-vec-t⟩<V>lerp(const ⟨deduced-vec-t⟩<V>&x, const V&y, const ⟨deduced-vec-t⟩<V>&z)
2556	simd.syn	simd	std::simd::lerp	function	2		constexpr ⟨deduced-vec-t⟩<V>lerp(const V&x, const ⟨deduced-vec-t⟩<V>&y, const ⟨deduced-vec-t⟩<V>&z)
2557	simd.syn	simd	std::simd::fpclassify	function	2		constexpr rebind_t<int, ⟨deduced-vec-t⟩<V>>fpclassify(const V&x)
2558	simd.syn	simd	std::simd::isfinite	function	2		constexpr typename ⟨deduced-vec-t⟩<V>::mask_type isfinite(const V&x)
2559	simd.syn	simd	std::simd::isinf	function	2		constexpr typename ⟨deduced-vec-t⟩<V>::mask_type isinf(const V&x)
2560	simd.syn	simd	std::simd::isnan	function	2		constexpr typename ⟨deduced-vec-t⟩<V>::mask_type isnan(const V&x)
2561	simd.syn	simd	std::simd::isnormal	function	2		constexpr typename ⟨deduced-vec-t⟩<V>::mask_type isnormal(const V&x)
2562	simd.syn	simd	std::simd::signbit	function	2		constexpr typename ⟨deduced-vec-t⟩<V>::mask_type signbit(const V&x)
2563	simd.syn	simd	std::simd::isgreater	function	2		constexpr typename ⟨deduced-vec-t⟩<V>::mask_type isgreater(const V&x, const V&y)
2564	simd.syn	simd	std::simd::isgreater	function	2		constexpr typename ⟨deduced-vec-t⟩<V>::mask_type isgreater(const ⟨deduced-vec-t⟩<V>&x, const V&y)
2565	simd.syn	simd	std::simd::isgreater	function	2		constexpr typename ⟨deduced-vec-t⟩<V>::mask_type isgreater(const V&x, const ⟨deduced-vec-t⟩<V>&y)
2566	simd.syn	simd	std::simd::isgreaterequal	function	2		constexpr typename ⟨deduced-vec-t⟩<V>::mask_type isgreaterequal(const V&x, const V&y)
2567	simd.syn	simd	std::simd::isgreaterequal	function	2		constexpr typename ⟨deduced-vec-t⟩<V>::mask_type isgreaterequal(const ⟨deduced-vec-t⟩<V>&x, const V&y)
2568	simd.syn	simd	std::simd::isgreaterequal	function	2		constexpr typename ⟨deduced-vec-t⟩<V>::mask_type isgreaterequal(const V&x, const ⟨deduced-vec-t⟩<V>&y)
2569	simd.syn	simd	std::simd::isless	function	2		constexpr typename ⟨deduced-vec-t⟩<V>::mask_type isless(const V&x, const V&y)
2570	simd.syn	simd	std::simd::isless	function	2		constexpr typename ⟨deduced-vec-t⟩<V>::mask_type isless(const ⟨deduced-vec-t⟩<V>&x, const V&y)
2571	simd.syn	simd	std::simd::isless	function	2		constexpr typename ⟨deduced-vec-t⟩<V>::mask_type isless(const V&x, const ⟨deduced-vec-t⟩<V>&y)
2572	simd.syn	simd	std::simd::islessequal	function	2		constexpr typename ⟨deduced-vec-t⟩<V>::mask_type islessequal(const V&x, const V&y)
2573	simd.syn	simd	std::simd::islessequal	function	2		constexpr typename ⟨deduced-vec-t⟩<V>::mask_type islessequal(const ⟨deduced-vec-t⟩<V>&x, const V&y)
2574	simd.syn	simd	std::simd::islessequal	function	2		constexpr typename ⟨deduced-vec-t⟩<V>::mask_type islessequal(const V&x, const ⟨deduced-vec-t⟩<V>&y)
2575	simd.syn	simd	std::simd::islessgreater	function	2		constexpr typename ⟨deduced-vec-t⟩<V>::mask_type islessgreater(const V&x, const V&y)
2576	simd.syn	simd	std::simd::islessgreater	function	2		constexpr typename ⟨deduced-vec-t⟩<V>::mask_type islessgreater(const ⟨deduced-vec-t⟩<V>&x, const V&y)
2577	simd.syn	simd	std::simd::islessgreater	function	2		constexpr typename ⟨deduced-vec-t⟩<V>::mask_type islessgreater(const V&x, const ⟨deduced-vec-t⟩<V>&y)
2578	simd.syn	simd	std::simd::isunordered	function	2		constexpr typename ⟨deduced-vec-t⟩<V>::mask_type isunordered(const V&x, const V&y)
2579	simd.syn	simd	std::simd::isunordered	function	2		constexpr typename ⟨deduced-vec-t⟩<V>::mask_type isunordered(const ⟨deduced-vec-t⟩<V>&x, const V&y)
2580	simd.syn	simd	std::simd::isunordered	function	2		constexpr typename ⟨deduced-vec-t⟩<V>::mask_type isunordered(const V&x, const ⟨deduced-vec-t⟩<V>&y)
2581	simd.syn	simd	std::simd::assoc_laguerre	function	1		⟨deduced-vec-t⟩<V>assoc_laguerre(const rebind_t<unsigned, ⟨deduced-vec-t⟩<V>>&n, const rebind_t<unsigned, ⟨deduced-vec-t⟩<V>>&m, const V&x)
2582	simd.syn	simd	std::simd::assoc_legendre	function	1		⟨deduced-vec-t⟩<V>assoc_legendre(const rebind_t<unsigned, ⟨deduced-vec-t⟩<V>>&l, const rebind_t<unsigned, ⟨deduced-vec-t⟩<V>>&m, const V&x)
2583	simd.syn	simd	std::simd::beta	function	1		⟨deduced-vec-t⟩<V>beta(const V&x, const V&y)
2584	simd.syn	simd	std::simd::beta	function	1		⟨deduced-vec-t⟩<V>beta(const ⟨deduced-vec-t⟩<V>&x, const V&y)
2585	simd.syn	simd	std::simd::beta	function	1		⟨deduced-vec-t⟩<V>beta(const V&x, const ⟨deduced-vec-t⟩<V>&y)
2586	simd.syn	simd	std::simd::comp_ellint_1	function	1		⟨deduced-vec-t⟩<V>comp_ellint_1(const V&k)
2587	simd.syn	simd	std::simd::comp_ellint_2	function	1		⟨deduced-vec-t⟩<V>comp_ellint_2(const V&k)
2588	simd.syn	simd	std::simd::comp_ellint_3	function	1		⟨deduced-vec-t⟩<V>comp_ellint_3(const V&k, const V&nu)
2589	simd.syn	simd	std::simd::comp_ellint_3	function	1		⟨deduced-vec-t⟩<V>comp_ellint_3(const ⟨deduced-vec-t⟩<V>&k, const V&nu)
2590	simd.syn	simd	std::simd::comp_ellint_3	function	1		⟨deduced-vec-t⟩<V>comp_ellint_3(const V&k, const ⟨deduced-vec-t⟩<V>&nu)
2591	simd.syn	simd	std::simd::cyl_bessel_i	function	1		⟨deduced-vec-t⟩<V>cyl_bessel_i(const V&nu, const V&x)
2592	simd.syn	simd	std::simd::cyl_bessel_i	function	1		⟨deduced-vec-t⟩<V>cyl_bessel_i(const ⟨deduced-vec-t⟩<V>&nu, const V&x)
2593	simd.syn	simd	std::simd::cyl_bessel_i	function	1		⟨deduced-vec-t⟩<V>cyl_bessel_i(const V&nu, const ⟨deduced-vec-t⟩<V>&x)
2594	simd.syn	simd	std::simd::cyl_bessel_j	function	1		⟨deduced-vec-t⟩<V>cyl_bessel_j(const V&nu, const V&x)
2595	simd.syn	simd	std::simd::cyl_bessel_j	function	1		⟨deduced-vec-t⟩<V>cyl_bessel_j(const ⟨deduced-vec-t⟩<V>&nu, const V&x)
2596	simd.syn	simd	std::simd::cyl_bessel_j	function	1		⟨deduced-vec-t⟩<V>cyl_bessel_j(const V&nu, const ⟨deduced-vec-t⟩<V>&x)
2597	simd.syn	simd	std::simd::cyl_bessel_k	function	1		⟨deduced-vec-t⟩<V>cyl_bessel_k(const V&nu, const V&x)
2598	simd.syn	simd	std::simd::cyl_bessel_k	function	1		⟨deduced-vec-t⟩<V>cyl_bessel_k(const ⟨deduced-vec-t⟩<V>&nu, const V&x)
2599	simd.syn	simd	std::simd::cyl_bessel_k	function	1		⟨deduced-vec-t⟩<V>cyl_bessel_k(const V&nu, const ⟨deduced-vec-t⟩<V>&x)
2600	simd.syn	simd	std::simd::cyl_neumann	function	1		⟨deduced-vec-t⟩<V>cyl_neumann(const V&nu, const V&x)
2601	simd.syn	simd	std::simd::cyl_neumann	function	1		⟨deduced-vec-t⟩<V>cyl_neumann(const ⟨deduced-vec-t⟩<V>&nu, const V&x)
2602	simd.syn	simd	std::simd::cyl_neumann	function	1		⟨deduced-vec-t⟩<V>cyl_neumann(const V&nu, const ⟨deduced-vec-t⟩<V>&x)
2603	simd.syn	simd	std::simd::ellint_1	function	1		⟨deduced-vec-t⟩<V>ellint_1(const V&k, const V&phi)
2604	simd.syn	simd	std::simd::ellint_1	function	1		⟨deduced-vec-t⟩<V>ellint_1(const ⟨deduced-vec-t⟩<V>&k, const V&phi)
2605	simd.syn	simd	std::simd::ellint_1	function	1		⟨deduced-vec-t⟩<V>ellint_1(const V&k, const ⟨deduced-vec-t⟩<V>&phi)
2606	simd.syn	simd	std::simd::ellint_2	function	1		⟨deduced-vec-t⟩<V>ellint_2(const V&k, const V&phi)
2607	simd.syn	simd	std::simd::ellint_2	function	1		⟨deduced-vec-t⟩<V>ellint_2(const ⟨deduced-vec-t⟩<V>&k, const V&phi)
2608	simd.syn	simd	std::simd::ellint_2	function	1		⟨deduced-vec-t⟩<V>ellint_2(const V&k, const ⟨deduced-vec-t⟩<V>&phi)
2609	simd.syn	simd	std::simd::ellint_3	function	1		⟨deduced-vec-t⟩<V>ellint_3(const V&k, const V&nu, const V&phi)
2610	simd.syn	simd	std::simd::ellint_3	function	1		⟨deduced-vec-t⟩<V>ellint_3(const ⟨deduced-vec-t⟩<V>&k, const V&nu, const V&phi)
2611	simd.syn	simd	std::simd::ellint_3	function	1		⟨deduced-vec-t⟩<V>ellint_3(const V&k, const ⟨deduced-vec-t⟩<V>&nu, const V&phi)
2612	simd.syn	simd	std::simd::ellint_3	function	1		⟨deduced-vec-t⟩<V>ellint_3(const V&k, const V&nu, const ⟨deduced-vec-t⟩<V>&phi)
2613	simd.syn	simd	std::simd::ellint_3	function	1		⟨deduced-vec-t⟩<V>ellint_3(const ⟨deduced-vec-t⟩<V>&k, const ⟨deduced-vec-t⟩<V>&nu, const V&phi)
2614	simd.syn	simd	std::simd::ellint_3	function	1		⟨deduced-vec-t⟩<V>ellint_3(const ⟨deduced-vec-t⟩<V>&k, const V&nu, const ⟨deduced-vec-t⟩<V>&phi)
2615	simd.syn	simd	std::simd::ellint_3	function	1		⟨deduced-vec-t⟩<V>ellint_3(const V&k, const ⟨deduced-vec-t⟩<V>&nu, const ⟨deduced-vec-t⟩<V>&phi)
2616	simd.syn	simd	std::simd::expint	function	1		⟨deduced-vec-t⟩<V>expint(const V&x)
2617	simd.syn	simd	std::simd::hermite	function	1		⟨deduced-vec-t⟩<V>hermite(const rebind_t<unsigned, ⟨deduced-vec-t⟩<V>>&n, const V&x)
2618	simd.syn	simd	std::simd::laguerre	function	1		⟨deduced-vec-t⟩<V>laguerre(const rebind_t<unsigned, ⟨deduced-vec-t⟩<V>>&n, const V&x)
2619	simd.syn	simd	std::simd::legendre	function	1		⟨deduced-vec-t⟩<V>legendre(const rebind_t<unsigned, ⟨deduced-vec-t⟩<V>>&l, const V&x)
2620	simd.syn	simd	std::simd::riemann_zeta	function	1		⟨deduced-vec-t⟩<V>riemann_zeta(const V&x)
2621	simd.syn	simd	std::simd::sph_bessel	function	1		⟨deduced-vec-t⟩<V>sph_bessel(const rebind_t<unsigned, ⟨deduced-vec-t⟩<V>>&n, const V&x)
2622	simd.syn	simd	std::simd::sph_legendre	function	1		⟨deduced-vec-t⟩<V>sph_legendre(const rebind_t<unsigned, ⟨deduced-vec-t⟩<V>>&l, const rebind_t<unsigned, ⟨deduced-vec-t⟩<V>>&m, const V&theta)
2623	simd.syn	simd	std::simd::sph_neumann	function	1		⟨deduced-vec-t⟩<V>sph_neumann(const rebind_t<unsigned, ⟨deduced-vec-t⟩<V>>&n, const V&x)
2624	simd.syn	simd	std::simd::byteswap	function	2		constexpr V byteswap(const V&v)noexcept
2625	simd.syn	simd	std::simd::bit_reverse	function	2		constexpr V bit_reverse(const V&v)noexcept
2626	simd.syn	simd	std::simd::bit_ceil	function	2		constexpr V bit_ceil(const V&v)
2627	simd.syn	simd	std::simd::bit_floor	function	2		constexpr V bit_floor(const V&v)noexcept
2628	simd.syn	simd	std::simd::has_single_bit	function	2		constexpr typename V::mask_type has_single_bit(const V&v)noexcept
2629	simd.syn	simd	std::simd::shl	function	2		constexpr VX shl(const VX&x, const VS&s)noexcept
2630	simd.syn	simd	std::simd::shl	function	2		constexpr V shl(const V&x, S s)noexcept
2631	simd.syn	simd	std::simd::shr	function	2		constexpr VX shr(const VX&x, const VS&s)noexcept
2632	simd.syn	simd	std::simd::shr	function	2		constexpr V shr(const V&x, S s)noexcept
2633	simd.syn	simd	std::simd::rotl	function	2		constexpr V0 rotl(const V0&v, const V1&s)noexcept
2634	simd.syn	simd	std::simd::rotl	function	2		constexpr V rotl(const V&v, int s)noexcept
2635	simd.syn	simd	std::simd::rotr	function	2		constexpr V0 rotr(const V0&v, const V1&s)noexcept
2636	simd.syn	simd	std::simd::rotr	function	2		constexpr V rotr(const V&v, int s)noexcept
2637	simd.syn	simd	std::simd::bit_repeat	function	2		constexpr V0 bit_repeat(const V0&v, const V1&l)
2638	simd.syn	simd	std::simd::bit_repeat	function	2		constexpr V bit_repeat(const V&v, int l)
2639	simd.syn	simd	std::simd::bit_width	function	2		constexpr rebind_t<make_signed_t<typename V::value_type>, V>bit_width(const V&v)noexcept
2640	simd.syn	simd	std::simd::countl_zero	function	2		constexpr rebind_t<make_signed_t<typename V::value_type>, V>countl_zero(const V&v)noexcept
2641	simd.syn	simd	std::simd::countl_one	function	2		constexpr rebind_t<make_signed_t<typename V::value_type>, V>countl_one(const V&v)noexcept
2642	simd.syn	simd	std::simd::countr_zero	function	2		constexpr rebind_t<make_signed_t<typename V::value_type>, V>countr_zero(const V&v)noexcept
2643	simd.syn	simd	std::simd::countr_one	function	2		constexpr rebind_t<make_signed_t<typename V::value_type>, V>countr_one(const V&v)noexcept
2644	simd.syn	simd	std::simd::popcount	function	2		constexpr rebind_t<make_signed_t<typename V::value_type>, V>popcount(const V&v)noexcept
2645	simd.syn	simd	std::simd::bit_compress	function	2		constexpr V bit_compress(const V&v, const V&m)noexcept
2646	simd.syn	simd	std::simd::bit_expand	function	2		constexpr V bit_expand(const V&v, const V&m)noexcept
2647	simd.syn	simd	std::simd::bit_compress	function	2		constexpr V bit_compress(const V&v, typename V::value_type m)noexcept
2648	simd.syn	simd	std::simd::bit_expand	function	2		constexpr V bit_expand(const V&v, typename V::value_type m)noexcept
2649	simd.syn	simd	std::simd::real	function	2		constexpr rebind_t<⟨simd-complex-value-type<V>⟩, V>real(const V&)noexcept
2650	simd.syn	simd	std::simd::imag	function	2		constexpr rebind_t<⟨simd-complex-value-type<V>⟩, V>imag(const V&)noexcept
2651	simd.syn	simd	std::simd::abs	function	2		constexpr rebind_t<⟨simd-complex-value-type<V>⟩, V>abs(const V&)
2652	simd.syn	simd	std::simd::arg	function	2		constexpr rebind_t<⟨simd-complex-value-type<V>⟩, V>arg(const V&)
2653	simd.syn	simd	std::simd::norm	function	2		constexpr rebind_t<⟨simd-complex-value-type<V>⟩, V>norm(const V&)
2654	simd.syn	simd	std::simd::conj	function	2		constexpr V conj(const V&)
2655	simd.syn	simd	std::simd::proj	function	2		constexpr V proj(const V&)
2656	simd.syn	simd	std::simd::exp	function	2		constexpr V exp(const V&v)
2657	simd.syn	simd	std::simd::log	function	2		constexpr V log(const V&v)
2658	simd.syn	simd	std::simd::log10	function	2		constexpr V log10(const V&v)
2659	simd.syn	simd	std::simd::sqrt	function	2		constexpr V sqrt(const V&v)
2660	simd.syn	simd	std::simd::sin	function	2		constexpr V sin(const V&v)
2661	simd.syn	simd	std::simd::asin	function	2		constexpr V asin(const V&v)
2662	simd.syn	simd	std::simd::cos	function	2		constexpr V cos(const V&v)
2663	simd.syn	simd	std::simd::acos	function	2		constexpr V acos(const V&v)
2664	simd.syn	simd	std::simd::tan	function	2		constexpr V tan(const V&v)
2665	simd.syn	simd	std::simd::atan	function	2		constexpr V atan(const V&v)
2666	simd.syn	simd	std::simd::sinh	function	2		constexpr V sinh(const V&v)
2667	simd.syn	simd	std::simd::asinh	function	2		constexpr V asinh(const V&v)
2668	simd.syn	simd	std::simd::cosh	function	2		constexpr V cosh(const V&v)
2669	simd.syn	simd	std::simd::acosh	function	2		constexpr V acosh(const V&v)
2670	simd.syn	simd	std::simd::tanh	function	2		constexpr V tanh(const V&v)
2671	simd.syn	simd	std::simd::atanh	function	2		constexpr V atanh(const V&v)
2672	simd.syn	simd	std::simd::polar	function	2		rebind_t<complex<typename V::value_type>, V>polar(const V&x, const V&y = {})
2673	simd.syn	simd	std::simd::pow	function	2		constexpr V pow(const V&x, const V&y)
2674	simd.syn	simd	std::simd::basic_mask	classdecl	1	presence only: presence	class basic_mask
2675	simd.syn	simd	std::simd::mask	alias	1		using mask = vec<T, N>::mask_type
2676	simd.syn	simd	std::simd::all_of	function	2		constexpr bool all_of(const basic_mask<Bytes, Abi>&)noexcept
2677	simd.syn	simd	std::simd::any_of	function	2		constexpr bool any_of(const basic_mask<Bytes, Abi>&)noexcept
2678	simd.syn	simd	std::simd::none_of	function	2		constexpr bool none_of(const basic_mask<Bytes, Abi>&)noexcept
2679	simd.syn	simd	std::simd::reduce_count	function	2		constexpr ⟨simd-size-type⟩ reduce_count(const basic_mask<Bytes, Abi>&)noexcept
2680	simd.syn	simd	std::simd::reduce_min_index	function	2		constexpr ⟨simd-size-type⟩ reduce_min_index(const basic_mask<Bytes, Abi>&)
2681	simd.syn	simd	std::simd::reduce_max_index	function	2		constexpr ⟨simd-size-type⟩ reduce_max_index(const basic_mask<Bytes, Abi>&)
2682	simd.syn	simd	std::simd::all_of	function	1	presence only: deduced type	constexpr bool all_of(same_as<bool>auto)noexcept
2683	simd.syn	simd	std::simd::any_of	function	1	presence only: deduced type	constexpr bool any_of(same_as<bool>auto)noexcept
2684	simd.syn	simd	std::simd::none_of	function	1	presence only: deduced type	constexpr bool none_of(same_as<bool>auto)noexcept
2685	simd.syn	simd	std::simd::reduce_count	function	1	presence only: deduced type	constexpr ⟨simd-size-type⟩ reduce_count(same_as<bool>auto)noexcept
2686	simd.syn	simd	std::simd::reduce_min_index	function	1	presence only: deduced type	constexpr ⟨simd-size-type⟩ reduce_min_index(same_as<bool>auto)
2687	simd.syn	simd	std::simd::reduce_max_index	function	1	presence only: deduced type	constexpr ⟨simd-size-type⟩ reduce_max_index(same_as<bool>auto)
2688	simd.syn	simd	std::min	using-decl	1	presence only: presence	using simd::min
2689	simd.syn	simd	std::max	using-decl	1	presence only: presence	using simd::max
2690	simd.syn	simd	std::minmax	using-decl	1	presence only: presence	using simd::minmax
2691	simd.syn	simd	std::clamp	using-decl	1	presence only: presence	using simd::clamp
2692	simd.syn	simd	std::acos	using-decl	1	presence only: presence	using simd::acos
2693	simd.syn	simd	std::asin	using-decl	1	presence only: presence	using simd::asin
2694	simd.syn	simd	std::atan	using-decl	1	presence only: presence	using simd::atan
2695	simd.syn	simd	std::atan2	using-decl	1	presence only: presence	using simd::atan2
2696	simd.syn	simd	std::cos	using-decl	1	presence only: presence	using simd::cos
2697	simd.syn	simd	std::sin	using-decl	1	presence only: presence	using simd::sin
2698	simd.syn	simd	std::tan	using-decl	1	presence only: presence	using simd::tan
2699	simd.syn	simd	std::acosh	using-decl	1	presence only: presence	using simd::acosh
2700	simd.syn	simd	std::asinh	using-decl	1	presence only: presence	using simd::asinh
2701	simd.syn	simd	std::atanh	using-decl	1	presence only: presence	using simd::atanh
2702	simd.syn	simd	std::cosh	using-decl	1	presence only: presence	using simd::cosh
2703	simd.syn	simd	std::sinh	using-decl	1	presence only: presence	using simd::sinh
2704	simd.syn	simd	std::tanh	using-decl	1	presence only: presence	using simd::tanh
2705	simd.syn	simd	std::exp	using-decl	1	presence only: presence	using simd::exp
2706	simd.syn	simd	std::exp2	using-decl	1	presence only: presence	using simd::exp2
2707	simd.syn	simd	std::expm1	using-decl	1	presence only: presence	using simd::expm1
2708	simd.syn	simd	std::frexp	using-decl	1	presence only: presence	using simd::frexp
2709	simd.syn	simd	std::ilogb	using-decl	1	presence only: presence	using simd::ilogb
2710	simd.syn	simd	std::ldexp	using-decl	1	presence only: presence	using simd::ldexp
2711	simd.syn	simd	std::log	using-decl	1	presence only: presence	using simd::log
2712	simd.syn	simd	std::log10	using-decl	1	presence only: presence	using simd::log10
2713	simd.syn	simd	std::log1p	using-decl	1	presence only: presence	using simd::log1p
2714	simd.syn	simd	std::log2	using-decl	1	presence only: presence	using simd::log2
2715	simd.syn	simd	std::logb	using-decl	1	presence only: presence	using simd::logb
2716	simd.syn	simd	std::modf	using-decl	1	presence only: presence	using simd::modf
2717	simd.syn	simd	std::scalbn	using-decl	1	presence only: presence	using simd::scalbn
2718	simd.syn	simd	std::scalbln	using-decl	1	presence only: presence	using simd::scalbln
2719	simd.syn	simd	std::cbrt	using-decl	1	presence only: presence	using simd::cbrt
2720	simd.syn	simd	std::abs	using-decl	1	presence only: presence	using simd::abs
2721	simd.syn	simd	std::fabs	using-decl	1	presence only: presence	using simd::fabs
2722	simd.syn	simd	std::hypot	using-decl	1	presence only: presence	using simd::hypot
2723	simd.syn	simd	std::pow	using-decl	1	presence only: presence	using simd::pow
2724	simd.syn	simd	std::sqrt	using-decl	1	presence only: presence	using simd::sqrt
2725	simd.syn	simd	std::erf	using-decl	1	presence only: presence	using simd::erf
2726	simd.syn	simd	std::erfc	using-decl	1	presence only: presence	using simd::erfc
2727	simd.syn	simd	std::lgamma	using-decl	1	presence only: presence	using simd::lgamma
2728	simd.syn	simd	std::tgamma	using-decl	1	presence only: presence	using simd::tgamma
2729	simd.syn	simd	std::ceil	using-decl	1	presence only: presence	using simd::ceil
2730	simd.syn	simd	std::floor	using-decl	1	presence only: presence	using simd::floor
2731	simd.syn	simd	std::nearbyint	using-decl	1	presence only: presence	using simd::nearbyint
2732	simd.syn	simd	std::rint	using-decl	1	presence only: presence	using simd::rint
2733	simd.syn	simd	std::lrint	using-decl	1	presence only: presence	using simd::lrint
2734	simd.syn	simd	std::llrint	using-decl	1	presence only: presence	using simd::llrint
2735	simd.syn	simd	std::round	using-decl	1	presence only: presence	using simd::round
2736	simd.syn	simd	std::lround	using-decl	1	presence only: presence	using simd::lround
2737	simd.syn	simd	std::llround	using-decl	1	presence only: presence	using simd::llround
2738	simd.syn	simd	std::trunc	using-decl	1	presence only: presence	using simd::trunc
2739	simd.syn	simd	std::fmod	using-decl	1	presence only: presence	using simd::fmod
2740	simd.syn	simd	std::remainder	using-decl	1	presence only: presence	using simd::remainder
2741	simd.syn	simd	std::remquo	using-decl	1	presence only: presence	using simd::remquo
2742	simd.syn	simd	std::copysign	using-decl	1	presence only: presence	using simd::copysign
2743	simd.syn	simd	std::nextafter	using-decl	1	presence only: presence	using simd::nextafter
2744	simd.syn	simd	std::fdim	using-decl	1	presence only: presence	using simd::fdim
2745	simd.syn	simd	std::fmax	using-decl	1	presence only: presence	using simd::fmax
2746	simd.syn	simd	std::fmin	using-decl	1	presence only: presence	using simd::fmin
2747	simd.syn	simd	std::fma	using-decl	1	presence only: presence	using simd::fma
2748	simd.syn	simd	std::lerp	using-decl	1	presence only: presence	using simd::lerp
2749	simd.syn	simd	std::fpclassify	using-decl	1	presence only: presence	using simd::fpclassify
2750	simd.syn	simd	std::isfinite	using-decl	1	presence only: presence	using simd::isfinite
2751	simd.syn	simd	std::isinf	using-decl	1	presence only: presence	using simd::isinf
2752	simd.syn	simd	std::isnan	using-decl	1	presence only: presence	using simd::isnan
2753	simd.syn	simd	std::isnormal	using-decl	1	presence only: presence	using simd::isnormal
2754	simd.syn	simd	std::signbit	using-decl	1	presence only: presence	using simd::signbit
2755	simd.syn	simd	std::isgreater	using-decl	1	presence only: presence	using simd::isgreater
2756	simd.syn	simd	std::isgreaterequal	using-decl	1	presence only: presence	using simd::isgreaterequal
2757	simd.syn	simd	std::isless	using-decl	1	presence only: presence	using simd::isless
2758	simd.syn	simd	std::islessequal	using-decl	1	presence only: presence	using simd::islessequal
2759	simd.syn	simd	std::islessgreater	using-decl	1	presence only: presence	using simd::islessgreater
2760	simd.syn	simd	std::isunordered	using-decl	1	presence only: presence	using simd::isunordered
2761	simd.syn	simd	std::assoc_laguerre	using-decl	1	presence only: presence	using simd::assoc_laguerre
2762	simd.syn	simd	std::assoc_legendre	using-decl	1	presence only: presence	using simd::assoc_legendre
2763	simd.syn	simd	std::beta	using-decl	1	presence only: presence	using simd::beta
2764	simd.syn	simd	std::comp_ellint_1	using-decl	1	presence only: presence	using simd::comp_ellint_1
2765	simd.syn	simd	std::comp_ellint_2	using-decl	1	presence only: presence	using simd::comp_ellint_2
2766	simd.syn	simd	std::comp_ellint_3	using-decl	1	presence only: presence	using simd::comp_ellint_3
2767	simd.syn	simd	std::cyl_bessel_i	using-decl	1	presence only: presence	using simd::cyl_bessel_i
2768	simd.syn	simd	std::cyl_bessel_j	using-decl	1	presence only: presence	using simd::cyl_bessel_j
2769	simd.syn	simd	std::cyl_bessel_k	using-decl	1	presence only: presence	using simd::cyl_bessel_k
2770	simd.syn	simd	std::cyl_neumann	using-decl	1	presence only: presence	using simd::cyl_neumann
2771	simd.syn	simd	std::ellint_1	using-decl	1	presence only: presence	using simd::ellint_1
2772	simd.syn	simd	std::ellint_2	using-decl	1	presence only: presence	using simd::ellint_2
2773	simd.syn	simd	std::ellint_3	using-decl	1	presence only: presence	using simd::ellint_3
2774	simd.syn	simd	std::expint	using-decl	1	presence only: presence	using simd::expint
2775	simd.syn	simd	std::hermite	using-decl	1	presence only: presence	using simd::hermite
2776	simd.syn	simd	std::laguerre	using-decl	1	presence only: presence	using simd::laguerre
2777	simd.syn	simd	std::legendre	using-decl	1	presence only: presence	using simd::legendre
2778	simd.syn	simd	std::riemann_zeta	using-decl	1	presence only: presence	using simd::riemann_zeta
2779	simd.syn	simd	std::sph_bessel	using-decl	1	presence only: presence	using simd::sph_bessel
2780	simd.syn	simd	std::sph_legendre	using-decl	1	presence only: presence	using simd::sph_legendre
2781	simd.syn	simd	std::sph_neumann	using-decl	1	presence only: presence	using simd::sph_neumann
2782	simd.syn	simd	std::byteswap	using-decl	1	presence only: presence	using simd::byteswap
2783	simd.syn	simd	std::bit_ceil	using-decl	1	presence only: presence	using simd::bit_ceil
2784	simd.syn	simd	std::bit_floor	using-decl	1	presence only: presence	using simd::bit_floor
2785	simd.syn	simd	std::bit_reverse	using-decl	1	presence only: presence	using simd::bit_reverse
2786	simd.syn	simd	std::has_single_bit	using-decl	1	presence only: presence	using simd::has_single_bit
2787	simd.syn	simd	std::shl	using-decl	1	presence only: presence	using simd::shl
2788	simd.syn	simd	std::shr	using-decl	1	presence only: presence	using simd::shr
2789	simd.syn	simd	std::rotl	using-decl	1	presence only: presence	using simd::rotl
2790	simd.syn	simd	std::rotr	using-decl	1	presence only: presence	using simd::rotr
2791	simd.syn	simd	std::bit_repeat	using-decl	1	presence only: presence	using simd::bit_repeat
2792	simd.syn	simd	std::bit_width	using-decl	1	presence only: presence	using simd::bit_width
2793	simd.syn	simd	std::countl_zero	using-decl	1	presence only: presence	using simd::countl_zero
2794	simd.syn	simd	std::countl_one	using-decl	1	presence only: presence	using simd::countl_one
2795	simd.syn	simd	std::countr_zero	using-decl	1	presence only: presence	using simd::countr_zero
2796	simd.syn	simd	std::countr_one	using-decl	1	presence only: presence	using simd::countr_one
2797	simd.syn	simd	std::popcount	using-decl	1	presence only: presence	using simd::popcount
2798	simd.syn	simd	std::bit_compress	using-decl	1	presence only: presence	using simd::bit_compress
2799	simd.syn	simd	std::bit_expand	using-decl	1	presence only: presence	using simd::bit_expand
2800	simd.syn	simd	std::real	using-decl	1	presence only: presence	using simd::real
2801	simd.syn	simd	std::imag	using-decl	1	presence only: presence	using simd::imag
2802	simd.syn	simd	std::arg	using-decl	1	presence only: presence	using simd::arg
2803	simd.syn	simd	std::norm	using-decl	1	presence only: presence	using simd::norm
2804	simd.syn	simd	std::conj	using-decl	1	presence only: presence	using simd::conj
2805	simd.syn	simd	std::proj	using-decl	1	presence only: presence	using simd::proj
2806	simd.syn	simd	std::polar	using-decl	1	presence only: presence	using simd::polar
2807	simd.flags.overview	simd	std::simd::flags	classdef	1	presence only: presence	struct flags
2808	simd.flags.overview	simd	std::simd::flags::operator|	function	2		friend consteval auto operator|(flags, flags<Other...>)
2809	simd.overview	simd	std::simd::basic_vec	classdef	1	presence only: presence	class basic_vec
2810	simd.overview	simd	std::simd::basic_vec::value_type	alias	1		using value_type = T
2811	simd.overview	simd	std::simd::basic_vec::mask_type	alias	1		using mask_type = basic_mask<sizeof(T), Abi>
2812	simd.overview	simd	std::simd::basic_vec::abi_type	alias	1		using abi_type = Abi
2813	simd.overview	simd	std::simd::basic_vec::iterator	alias	1		using iterator = ⟨simd-iterator⟩<basic_vec>
2814	simd.overview	simd	std::simd::basic_vec::const_iterator	alias	1		using const_iterator = ⟨simd-iterator⟩<const basic_vec>
2815	simd.overview	simd	std::simd::basic_vec::begin	function	2		constexpr iterator begin()noexcept
2816	simd.overview	simd	std::simd::basic_vec::begin	function	2		constexpr const_iterator begin()const noexcept
2817	simd.overview	simd	std::simd::basic_vec::cbegin	function	2		constexpr const_iterator cbegin()const noexcept
2818	simd.overview	simd	std::simd::basic_vec::end	function	2		constexpr default_sentinel_t end()const noexcept
2819	simd.overview	simd	std::simd::basic_vec::cend	function	2		constexpr default_sentinel_t cend()const noexcept
2820	simd.overview	simd	std::simd::basic_vec::size	variable	1		static constexpr integral_constant<⟨simd-size-type⟩, ⟨simd-size-v⟩<T, Abi>>size{}
2821	simd.overview	simd	std::simd::basic_vec::basic_vec	function	1		constexpr basic_vec()noexcept = default
2822	simd.overview	simd	std::simd::basic_vec::basic_vec	function	1		constexpr basic_vec(U&&value)noexcept
2823	simd.overview	simd	std::simd::basic_vec::basic_vec	function	1		constexpr explicit(⟨see below⟩)basic_vec(const basic_vec<U, UAbi>&)noexcept
2824	simd.overview	simd	std::simd::basic_vec::basic_vec	function	1		constexpr explicit basic_vec(G&&gen)
2825	simd.overview	simd	std::simd::basic_vec::basic_vec	function	2		constexpr basic_vec(R&&range, flags<Flags...> = {})
2826	simd.overview	simd	std::simd::basic_vec::basic_vec	function	2		constexpr basic_vec(R&&range, const mask_type&mask, flags<Flags...> = {})
2827	simd.overview	simd	std::simd::basic_vec::basic_vec	function	1		constexpr basic_vec(const ⟨real-type⟩&reals, const ⟨real-type⟩&imags = {})noexcept
2828	simd.overview	simd	std::simd::basic_vec::operator[]	function	1	presence only: exposition-only or unspecified: simd-size-type	constexpr value_type operator[](⟨simd-size-type⟩)const
2829	simd.overview	simd	std::simd::basic_vec::operator[]	function	2		constexpr resize_t<I::size(), basic_vec>operator[](const I&indices)const
2830	simd.overview	simd	std::simd::basic_vec::real	function	2		constexpr ⟨real-type⟩ real()const noexcept
2831	simd.overview	simd	std::simd::basic_vec::imag	function	2		constexpr ⟨real-type⟩ imag()const noexcept
2832	simd.overview	simd	std::simd::basic_vec::real	function	1	presence only: exposition-only or unspecified: real-type	constexpr void real(const ⟨real-type⟩&v)noexcept
2833	simd.overview	simd	std::simd::basic_vec::imag	function	1	presence only: exposition-only or unspecified: real-type	constexpr void imag(const ⟨real-type⟩&v)noexcept
2834	simd.overview	simd	std::simd::basic_vec::operator++	function	2		constexpr basic_vec&operator++()noexcept
2835	simd.overview	simd	std::simd::basic_vec::operator++	function	2		constexpr basic_vec operator++(int)noexcept
2836	simd.overview	simd	std::simd::basic_vec::operator--	function	2		constexpr basic_vec&operator--()noexcept
2837	simd.overview	simd	std::simd::basic_vec::operator--	function	2		constexpr basic_vec operator--(int)noexcept
2838	simd.overview	simd	std::simd::basic_vec::operator!	function	2		constexpr mask_type operator!()const noexcept
2839	simd.overview	simd	std::simd::basic_vec::operator~	function	2		constexpr basic_vec operator~()const noexcept
2840	simd.overview	simd	std::simd::basic_vec::operator+	function	2		constexpr basic_vec operator+()const noexcept
2841	simd.overview	simd	std::simd::basic_vec::operator-	function	2		constexpr basic_vec operator-()const noexcept
2842	simd.overview	simd	std::simd::basic_vec::operator+	function	2		friend constexpr basic_vec operator+(const basic_vec&, const basic_vec&)noexcept
2843	simd.overview	simd	std::simd::basic_vec::operator-	function	2		friend constexpr basic_vec operator-(const basic_vec&, const basic_vec&)noexcept
2844	simd.overview	simd	std::simd::basic_vec::operator*	function	2		friend constexpr basic_vec operator*(const basic_vec&, const basic_vec&)noexcept
2845	simd.overview	simd	std::simd::basic_vec::operator/	function	2		friend constexpr basic_vec operator/(const basic_vec&, const basic_vec&)noexcept
2846	simd.overview	simd	std::simd::basic_vec::operator%	function	2		friend constexpr basic_vec operator%(const basic_vec&, const basic_vec&)noexcept
2847	simd.overview	simd	std::simd::basic_vec::operator&	function	2		friend constexpr basic_vec operator&(const basic_vec&, const basic_vec&)noexcept
2848	simd.overview	simd	std::simd::basic_vec::operator|	function	2		friend constexpr basic_vec operator|(const basic_vec&, const basic_vec&)noexcept
2849	simd.overview	simd	std::simd::basic_vec::operator^	function	2		friend constexpr basic_vec operator^(const basic_vec&, const basic_vec&)noexcept
2850	simd.overview	simd	std::simd::basic_vec::operator<<	function	2		friend constexpr basic_vec operator<<(const basic_vec&, const basic_vec&)noexcept
2851	simd.overview	simd	std::simd::basic_vec::operator>>	function	2		friend constexpr basic_vec operator>>(const basic_vec&, const basic_vec&)noexcept
2852	simd.overview	simd	std::simd::basic_vec::operator<<	function	0	presence only: exposition-only or unspecified: simd-size-type	friend constexpr basic_vec operator<<(const basic_vec&, ⟨simd-size-type⟩)noexcept
2853	simd.overview	simd	std::simd::basic_vec::operator>>	function	0	presence only: exposition-only or unspecified: simd-size-type	friend constexpr basic_vec operator>>(const basic_vec&, ⟨simd-size-type⟩)noexcept
2854	simd.overview	simd	std::simd::basic_vec::operator+=	function	2		friend constexpr basic_vec&operator+=(basic_vec&, const basic_vec&)noexcept
2855	simd.overview	simd	std::simd::basic_vec::operator-=	function	2		friend constexpr basic_vec&operator-=(basic_vec&, const basic_vec&)noexcept
2856	simd.overview	simd	std::simd::basic_vec::operator*=	function	2		friend constexpr basic_vec&operator*=(basic_vec&, const basic_vec&)noexcept
2857	simd.overview	simd	std::simd::basic_vec::operator/=	function	2		friend constexpr basic_vec&operator/=(basic_vec&, const basic_vec&)noexcept
2858	simd.overview	simd	std::simd::basic_vec::operator%=	function	2		friend constexpr basic_vec&operator%=(basic_vec&, const basic_vec&)noexcept
2859	simd.overview	simd	std::simd::basic_vec::operator&=	function	2		friend constexpr basic_vec&operator&=(basic_vec&, const basic_vec&)noexcept
2860	simd.overview	simd	std::simd::basic_vec::operator|=	function	2		friend constexpr basic_vec&operator|=(basic_vec&, const basic_vec&)noexcept
2861	simd.overview	simd	std::simd::basic_vec::operator^=	function	2		friend constexpr basic_vec&operator^=(basic_vec&, const basic_vec&)noexcept
2862	simd.overview	simd	std::simd::basic_vec::operator<<=	function	2		friend constexpr basic_vec&operator<< = (basic_vec&, const basic_vec&)noexcept
2863	simd.overview	simd	std::simd::basic_vec::operator>>=	function	2		friend constexpr basic_vec&operator>> = (basic_vec&, const basic_vec&)noexcept
2864	simd.overview	simd	std::simd::basic_vec::operator<<=	function	0	presence only: exposition-only or unspecified: simd-size-type	friend constexpr basic_vec&operator<< = (basic_vec&, ⟨simd-size-type⟩)noexcept
2865	simd.overview	simd	std::simd::basic_vec::operator>>=	function	0	presence only: exposition-only or unspecified: simd-size-type	friend constexpr basic_vec&operator>> = (basic_vec&, ⟨simd-size-type⟩)noexcept
2866	simd.overview	simd	std::simd::basic_vec::operator==	function	2		friend constexpr mask_type operator==(const basic_vec&, const basic_vec&)noexcept
2867	simd.overview	simd	std::simd::basic_vec::operator!=	function	2		friend constexpr mask_type operator!=(const basic_vec&, const basic_vec&)noexcept
2868	simd.overview	simd	std::simd::basic_vec::operator>=	function	2		friend constexpr mask_type operator> = (const basic_vec&, const basic_vec&)noexcept
2869	simd.overview	simd	std::simd::basic_vec::operator<=	function	2		friend constexpr mask_type operator< = (const basic_vec&, const basic_vec&)noexcept
2870	simd.overview	simd	std::simd::basic_vec::operator>	function	2		friend constexpr mask_type operator>(const basic_vec&, const basic_vec&)noexcept
2871	simd.overview	simd	std::simd::basic_vec::operator<	function	2		friend constexpr mask_type operator<(const basic_vec&, const basic_vec&)noexcept
2872	simd.overview	simd	std::simd::basic_vec	guide	0	not probed (no sample, or a hidden friend whose signature is exposition-only)	basic_vec(R&&r, Ts...)->⟨see below⟩
2873	simd.overview	simd	std::simd::basic_vec	guide	0	not probed (no sample, or a hidden friend whose signature is exposition-only)	basic_vec(basic_mask<Bytes, Abi>)->⟨see below⟩
2874	simd.mask.overview	simd	std::simd::basic_mask	classdef	1	presence only: presence	class basic_mask
2875	simd.mask.overview	simd	std::simd::basic_mask::value_type	alias	1		using value_type = bool
2876	simd.mask.overview	simd	std::simd::basic_mask::abi_type	alias	1		using abi_type = Abi
2877	simd.mask.overview	simd	std::simd::basic_mask::iterator	alias	1		using iterator = ⟨simd-iterator⟩<basic_mask>
2878	simd.mask.overview	simd	std::simd::basic_mask::const_iterator	alias	1		using const_iterator = ⟨simd-iterator⟩<const basic_mask>
2879	simd.mask.overview	simd	std::simd::basic_mask::begin	function	2		constexpr iterator begin()noexcept
2880	simd.mask.overview	simd	std::simd::basic_mask::begin	function	2		constexpr const_iterator begin()const noexcept
2881	simd.mask.overview	simd	std::simd::basic_mask::cbegin	function	2		constexpr const_iterator cbegin()const noexcept
2882	simd.mask.overview	simd	std::simd::basic_mask::end	function	2		constexpr default_sentinel_t end()const noexcept
2883	simd.mask.overview	simd	std::simd::basic_mask::cend	function	2		constexpr default_sentinel_t cend()const noexcept
2884	simd.mask.overview	simd	std::simd::basic_mask::size	variable	1		static constexpr integral_constant<⟨simd-size-type⟩, ⟨mask-size-v⟩<Bytes, Abi>>size{}
2885	simd.mask.overview	simd	std::simd::basic_mask::basic_mask	function	1		constexpr basic_mask()noexcept = default
2886	simd.mask.overview	simd	std::simd::basic_mask::basic_mask	function	1		constexpr explicit basic_mask(same_as<value_type>auto)noexcept
2887	simd.mask.overview	simd	std::simd::basic_mask::basic_mask	function	1		constexpr explicit basic_mask(const basic_mask<UBytes, UAbi>&)noexcept
2888	simd.mask.overview	simd	std::simd::basic_mask::basic_mask	function	1		constexpr explicit basic_mask(G&&gen)
2889	simd.mask.overview	simd	std::simd::basic_mask::basic_mask	function	1		constexpr basic_mask(const T&b)noexcept
2890	simd.mask.overview	simd	std::simd::basic_mask::basic_mask	function	1		requires(!same_as<T, value_type>)constexpr explicit basic_mask(T val)noexcept
2891	simd.mask.overview	simd	std::simd::basic_mask::operator[]	function	1	presence only: exposition-only or unspecified: simd-size-type	constexpr value_type operator[](⟨simd-size-type⟩)const
2892	simd.mask.overview	simd	std::simd::basic_mask::operator[]	function	2		constexpr resize_t<I::size(), basic_mask>operator[](const I&indices)const
2893	simd.mask.overview	simd	std::simd::basic_mask::operator!	function	2		constexpr basic_mask operator!()const noexcept
2894	simd.mask.overview	simd	std::simd::basic_mask::operator+	function	2		constexpr ⟨see below⟩ operator+()const noexcept
2895	simd.mask.overview	simd	std::simd::basic_mask::operator-	function	2		constexpr ⟨see below⟩ operator-()const noexcept
2896	simd.mask.overview	simd	std::simd::basic_mask::operator~	function	2		constexpr ⟨see below⟩ operator~()const noexcept
2897	simd.mask.overview	simd	std::simd::basic_mask::operator basic_vec<U, A>	function	0	not probed (no sample, or a hidden friend whose signature is exposition-only)	constexpr explicit(sizeof(U)!=Bytes)operator basic_vec<U, A>()const noexcept
2898	simd.mask.overview	simd	std::simd::basic_mask::to_bitset	function	1	presence only: signature not probed	constexpr bitset<size()>to_bitset()const noexcept
2899	simd.mask.overview	simd	std::simd::basic_mask::to_ullong	function	2		constexpr unsigned long long to_ullong()const
2900	simd.mask.overview	simd	std::simd::basic_mask::operator&&	function	2		friend constexpr basic_mask operator&&(const basic_mask&, const basic_mask&)noexcept
2901	simd.mask.overview	simd	std::simd::basic_mask::operator||	function	2		friend constexpr basic_mask operator||(const basic_mask&, const basic_mask&)noexcept
2902	simd.mask.overview	simd	std::simd::basic_mask::operator&	function	2		friend constexpr basic_mask operator&(const basic_mask&, const basic_mask&)noexcept
2903	simd.mask.overview	simd	std::simd::basic_mask::operator|	function	2		friend constexpr basic_mask operator|(const basic_mask&, const basic_mask&)noexcept
2904	simd.mask.overview	simd	std::simd::basic_mask::operator^	function	2		friend constexpr basic_mask operator^(const basic_mask&, const basic_mask&)noexcept
2905	simd.mask.overview	simd	std::simd::basic_mask::operator&=	function	2		friend constexpr basic_mask&operator&=(basic_mask&, const basic_mask&)noexcept
2906	simd.mask.overview	simd	std::simd::basic_mask::operator|=	function	2		friend constexpr basic_mask&operator|=(basic_mask&, const basic_mask&)noexcept
2907	simd.mask.overview	simd	std::simd::basic_mask::operator^=	function	2		friend constexpr basic_mask&operator^=(basic_mask&, const basic_mask&)noexcept
2908	simd.mask.overview	simd	std::simd::basic_mask::operator==	function	2		friend constexpr basic_mask operator==(const basic_mask&, const basic_mask&)noexcept
2909	simd.mask.overview	simd	std::simd::basic_mask::operator!=	function	2		friend constexpr basic_mask operator!=(const basic_mask&, const basic_mask&)noexcept
2910	simd.mask.overview	simd	std::simd::basic_mask::operator>=	function	2		friend constexpr basic_mask operator> = (const basic_mask&, const basic_mask&)noexcept
2911	simd.mask.overview	simd	std::simd::basic_mask::operator<=	function	2		friend constexpr basic_mask operator< = (const basic_mask&, const basic_mask&)noexcept
2912	simd.mask.overview	simd	std::simd::basic_mask::operator>	function	2		friend constexpr basic_mask operator>(const basic_mask&, const basic_mask&)noexcept
2913	simd.mask.overview	simd	std::simd::basic_mask::operator<	function	2		friend constexpr basic_mask operator<(const basic_mask&, const basic_mask&)noexcept
2914	time.syn	chrono	std::chrono::duration	classdecl	1	presence only: presence	class duration
2915	time.syn	chrono	std::chrono::time_point	classdecl	1	presence only: presence	class time_point
2916	time.syn	chrono	std::common_type	classdecl	1		struct common_type<chrono::duration<Rep1, Period1>, chrono::duration<Rep2, Period2>>
2917	time.syn	chrono	std::common_type	classdecl	1		struct common_type<chrono::time_point<Clock, Duration1>, chrono::time_point<Clock, Duration2>>
2918	time.syn	chrono	std::chrono::treat_as_floating_point	classdecl	1	presence only: presence	struct treat_as_floating_point
2919	time.syn	chrono	std::chrono::treat_as_floating_point_v	variable	1		constexpr bool treat_as_floating_point_v = treat_as_floating_point<Rep>::value
2920	time.syn	chrono	std::chrono::duration_values	classdecl	1	presence only: presence	struct duration_values
2921	time.syn	chrono	std::chrono::is_clock	classdecl	1	presence only: presence	struct is_clock
2922	time.syn	chrono	std::chrono::is_clock_v	variable	1		constexpr bool is_clock_v = is_clock<T>::value
2923	time.syn	chrono	std::chrono::operator+	function	2		constexpr common_type_t<duration<Rep1, Period1>, duration<Rep2, Period2>>operator+(const duration<Rep1, Period1>&lhs, const duration<Rep2, Period2>&rhs)
2924	time.syn	chrono	std::chrono::operator-	function	2		constexpr common_type_t<duration<Rep1, Period1>, duration<Rep2, Period2>>operator-(const duration<Rep1, Period1>&lhs, const duration<Rep2, Period2>&rhs)
2925	time.syn	chrono	std::chrono::operator*	function	2		constexpr duration<common_type_t<Rep1, Rep2>, Period>operator*(const duration<Rep1, Period>&d, const Rep2&s)
2926	time.syn	chrono	std::chrono::operator*	function	2		constexpr duration<common_type_t<Rep1, Rep2>, Period>operator*(const Rep1&s, const duration<Rep2, Period>&d)
2927	time.syn	chrono	std::chrono::operator/	function	2		constexpr duration<common_type_t<Rep1, Rep2>, Period>operator/(const duration<Rep1, Period>&d, const Rep2&s)
2928	time.syn	chrono	std::chrono::operator/	function	2		constexpr common_type_t<Rep1, Rep2>operator/(const duration<Rep1, Period1>&lhs, const duration<Rep2, Period2>&rhs)
2929	time.syn	chrono	std::chrono::operator%	function	2		constexpr duration<common_type_t<Rep1, Rep2>, Period>operator%(const duration<Rep1, Period>&d, const Rep2&s)
2930	time.syn	chrono	std::chrono::operator%	function	2		constexpr common_type_t<duration<Rep1, Period1>, duration<Rep2, Period2>>operator%(const duration<Rep1, Period1>&lhs, const duration<Rep2, Period2>&rhs)
2931	time.syn	chrono	std::chrono::operator==	function	2		constexpr bool operator==(const duration<Rep1, Period1>&lhs, const duration<Rep2, Period2>&rhs)
2932	time.syn	chrono	std::chrono::operator<	function	2		constexpr bool operator<(const duration<Rep1, Period1>&lhs, const duration<Rep2, Period2>&rhs)
2933	time.syn	chrono	std::chrono::operator>	function	2		constexpr bool operator>(const duration<Rep1, Period1>&lhs, const duration<Rep2, Period2>&rhs)
2934	time.syn	chrono	std::chrono::operator<=	function	2		constexpr bool operator< = (const duration<Rep1, Period1>&lhs, const duration<Rep2, Period2>&rhs)
2935	time.syn	chrono	std::chrono::operator>=	function	2		constexpr bool operator> = (const duration<Rep1, Period1>&lhs, const duration<Rep2, Period2>&rhs)
2936	time.syn	chrono	std::chrono::operator<=>	function	2		requires ⟨see below⟩ constexpr auto operator<=>(const duration<Rep1, Period1>&lhs, const duration<Rep2, Period2>&rhs)
2937	time.syn	chrono	std::chrono::duration_cast	function	2		constexpr ToDuration duration_cast(const duration<Rep, Period>&d)
2938	time.syn	chrono	std::chrono::floor	function	2		constexpr ToDuration floor(const duration<Rep, Period>&d)
2939	time.syn	chrono	std::chrono::ceil	function	2		constexpr ToDuration ceil(const duration<Rep, Period>&d)
2940	time.syn	chrono	std::chrono::round	function	2		constexpr ToDuration round(const duration<Rep, Period>&d)
2941	time.syn	chrono	std::chrono::operator<<	function	1		basic_ostream<charT, traits>&operator<<(basic_ostream<charT, traits>&os, const duration<Rep, Period>&d)
2942	time.syn	chrono	std::chrono::from_stream	function	2		basic_istream<charT, traits>&from_stream(basic_istream<charT, traits>&is, const charT*fmt, duration<Rep, Period>&d, basic_string<charT, traits, Alloc>*abbrev = nullptr, minutes*offset = nullptr)
2943	time.syn	chrono	std::chrono::nanoseconds	alias	1		using nanoseconds = duration<⟨signed integer type of at least 64 bits⟩, nano>
2944	time.syn	chrono	std::chrono::microseconds	alias	1		using microseconds = duration<⟨signed integer type of at least 55 bits⟩, micro>
2945	time.syn	chrono	std::chrono::milliseconds	alias	1		using milliseconds = duration<⟨signed integer type of at least 45 bits⟩, milli>
2946	time.syn	chrono	std::chrono::seconds	alias	1		using seconds = duration<⟨signed integer type of at least 35 bits⟩>
2947	time.syn	chrono	std::chrono::minutes	alias	1		using minutes = duration<⟨signed integer type of at least 29 bits⟩, ratio<60>>
2948	time.syn	chrono	std::chrono::hours	alias	1		using hours = duration<⟨signed integer type of at least 23 bits⟩, ratio<3600>>
2949	time.syn	chrono	std::chrono::days	alias	1		using days = duration<⟨signed integer type of at least 25 bits⟩, ratio_multiply<ratio<24>, hours::period>>
2950	time.syn	chrono	std::chrono::weeks	alias	1		using weeks = duration<⟨signed integer type of at least 22 bits⟩, ratio_multiply<ratio<7>, days::period>>
2951	time.syn	chrono	std::chrono::years	alias	1		using years = duration<⟨signed integer type of at least 17 bits⟩, ratio_multiply<ratio<146097, 400>, days::period>>
2952	time.syn	chrono	std::chrono::months	alias	1		using months = duration<⟨signed integer type of at least 20 bits⟩, ratio_divide<years::period, ratio<12>>>
2953	time.syn	chrono	std::chrono::operator+	function	2		constexpr time_point<Clock, common_type_t<Duration1, duration<Rep2, Period2>>>operator+(const time_point<Clock, Duration1>&lhs, const duration<Rep2, Period2>&rhs)
2954	time.syn	chrono	std::chrono::operator+	function	2		constexpr time_point<Clock, common_type_t<duration<Rep1, Period1>, Duration2>>operator+(const duration<Rep1, Period1>&lhs, const time_point<Clock, Duration2>&rhs)
2955	time.syn	chrono	std::chrono::operator-	function	2		constexpr time_point<Clock, common_type_t<Duration1, duration<Rep2, Period2>>>operator-(const time_point<Clock, Duration1>&lhs, const duration<Rep2, Period2>&rhs)
2956	time.syn	chrono	std::chrono::operator-	function	2		constexpr common_type_t<Duration1, Duration2>operator-(const time_point<Clock, Duration1>&lhs, const time_point<Clock, Duration2>&rhs)
2957	time.syn	chrono	std::chrono::operator==	function	2		constexpr bool operator==(const time_point<Clock, Duration1>&lhs, const time_point<Clock, Duration2>&rhs)
2958	time.syn	chrono	std::chrono::operator<	function	2		constexpr bool operator<(const time_point<Clock, Duration1>&lhs, const time_point<Clock, Duration2>&rhs)
2959	time.syn	chrono	std::chrono::operator>	function	2		constexpr bool operator>(const time_point<Clock, Duration1>&lhs, const time_point<Clock, Duration2>&rhs)
2960	time.syn	chrono	std::chrono::operator<=	function	2		constexpr bool operator< = (const time_point<Clock, Duration1>&lhs, const time_point<Clock, Duration2>&rhs)
2961	time.syn	chrono	std::chrono::operator>=	function	2		constexpr bool operator> = (const time_point<Clock, Duration1>&lhs, const time_point<Clock, Duration2>&rhs)
2962	time.syn	chrono	std::chrono::operator<=>	function	2		constexpr auto operator<=>(const time_point<Clock, Duration1>&lhs, const time_point<Clock, Duration2>&rhs)
2963	time.syn	chrono	std::chrono::time_point_cast	function	2		constexpr time_point<Clock, ToDuration>time_point_cast(const time_point<Clock, Duration>&t)
2964	time.syn	chrono	std::chrono::floor	function	2		constexpr time_point<Clock, ToDuration>floor(const time_point<Clock, Duration>&tp)
2965	time.syn	chrono	std::chrono::ceil	function	2		constexpr time_point<Clock, ToDuration>ceil(const time_point<Clock, Duration>&tp)
2966	time.syn	chrono	std::chrono::round	function	2		constexpr time_point<Clock, ToDuration>round(const time_point<Clock, Duration>&tp)
2967	time.syn	chrono	std::chrono::abs	function	2		constexpr duration<Rep, Period>abs(duration<Rep, Period>d)
2968	time.syn	chrono	std::chrono::system_clock	classdecl	1	presence only: presence	class system_clock
2969	time.syn	chrono	std::chrono::sys_time	alias	1		using sys_time = time_point<system_clock, Duration>
2970	time.syn	chrono	std::chrono::sys_seconds	alias	1		using sys_seconds = sys_time<seconds>
2971	time.syn	chrono	std::chrono::sys_days	alias	1		using sys_days = sys_time<days>
2972	time.syn	chrono	std::chrono::operator<<	function	1		basic_ostream<charT, traits>&operator<<(basic_ostream<charT, traits>&os, const sys_time<Duration>&tp)
2973	time.syn	chrono	std::chrono::operator<<	function	1		basic_ostream<charT, traits>&operator<<(basic_ostream<charT, traits>&os, const sys_days&dp)
2974	time.syn	chrono	std::chrono::from_stream	function	2		basic_istream<charT, traits>&from_stream(basic_istream<charT, traits>&is, const charT*fmt, sys_time<Duration>&tp, basic_string<charT, traits, Alloc>*abbrev = nullptr, minutes*offset = nullptr)
2975	time.syn	chrono	std::chrono::utc_clock	classdecl	1	presence only: presence	class utc_clock
2976	time.syn	chrono	std::chrono::utc_time	alias	1		using utc_time = time_point<utc_clock, Duration>
2977	time.syn	chrono	std::chrono::utc_seconds	alias	1		using utc_seconds = utc_time<seconds>
2978	time.syn	chrono	std::chrono::operator<<	function	1		basic_ostream<charT, traits>&operator<<(basic_ostream<charT, traits>&os, const utc_time<Duration>&t)
2979	time.syn	chrono	std::chrono::from_stream	function	2		basic_istream<charT, traits>&from_stream(basic_istream<charT, traits>&is, const charT*fmt, utc_time<Duration>&tp, basic_string<charT, traits, Alloc>*abbrev = nullptr, minutes*offset = nullptr)
2980	time.syn	chrono	std::chrono::leap_second_info	classdecl	1	presence only: presence	struct leap_second_info
2981	time.syn	chrono	std::chrono::get_leap_second_info	function	1		leap_second_info get_leap_second_info(const utc_time<Duration>&ut)
2982	time.syn	chrono	std::chrono::tai_clock	classdecl	1	presence only: presence	class tai_clock
2983	time.syn	chrono	std::chrono::tai_time	alias	1		using tai_time = time_point<tai_clock, Duration>
2984	time.syn	chrono	std::chrono::tai_seconds	alias	1		using tai_seconds = tai_time<seconds>
2985	time.syn	chrono	std::chrono::operator<<	function	1		basic_ostream<charT, traits>&operator<<(basic_ostream<charT, traits>&os, const tai_time<Duration>&t)
2986	time.syn	chrono	std::chrono::from_stream	function	2		basic_istream<charT, traits>&from_stream(basic_istream<charT, traits>&is, const charT*fmt, tai_time<Duration>&tp, basic_string<charT, traits, Alloc>*abbrev = nullptr, minutes*offset = nullptr)
2987	time.syn	chrono	std::chrono::gps_clock	classdecl	1	presence only: presence	class gps_clock
2988	time.syn	chrono	std::chrono::gps_time	alias	1		using gps_time = time_point<gps_clock, Duration>
2989	time.syn	chrono	std::chrono::gps_seconds	alias	1		using gps_seconds = gps_time<seconds>
2990	time.syn	chrono	std::chrono::operator<<	function	1		basic_ostream<charT, traits>&operator<<(basic_ostream<charT, traits>&os, const gps_time<Duration>&t)
2991	time.syn	chrono	std::chrono::from_stream	function	2		basic_istream<charT, traits>&from_stream(basic_istream<charT, traits>&is, const charT*fmt, gps_time<Duration>&tp, basic_string<charT, traits, Alloc>*abbrev = nullptr, minutes*offset = nullptr)
2992	time.syn	chrono	std::chrono::file_clock	alias	1		using file_clock = ⟨see below⟩
2993	time.syn	chrono	std::chrono::file_time	alias	1		using file_time = time_point<file_clock, Duration>
2994	time.syn	chrono	std::chrono::operator<<	function	1		basic_ostream<charT, traits>&operator<<(basic_ostream<charT, traits>&os, const file_time<Duration>&tp)
2995	time.syn	chrono	std::chrono::from_stream	function	2		basic_istream<charT, traits>&from_stream(basic_istream<charT, traits>&is, const charT*fmt, file_time<Duration>&tp, basic_string<charT, traits, Alloc>*abbrev = nullptr, minutes*offset = nullptr)
2996	time.syn	chrono	std::chrono::steady_clock	classdecl	1	presence only: presence	class steady_clock
2997	time.syn	chrono	std::chrono::high_resolution_clock	classdecl	1	presence only: presence	class high_resolution_clock
2998	time.syn	chrono	std::chrono::local_t	classdef	1	presence only: presence	struct local_t
2999	time.syn	chrono	std::chrono::local_time	alias	1		using local_time = time_point<local_t, Duration>
3000	time.syn	chrono	std::chrono::local_seconds	alias	1		using local_seconds = local_time<seconds>
3001	time.syn	chrono	std::chrono::local_days	alias	1		using local_days = local_time<days>
3002	time.syn	chrono	std::chrono::operator<<	function	1		basic_ostream<charT, traits>&operator<<(basic_ostream<charT, traits>&os, const local_time<Duration>&tp)
3003	time.syn	chrono	std::chrono::from_stream	function	2		basic_istream<charT, traits>&from_stream(basic_istream<charT, traits>&is, const charT*fmt, local_time<Duration>&tp, basic_string<charT, traits, Alloc>*abbrev = nullptr, minutes*offset = nullptr)
3004	time.syn	chrono	std::chrono::clock_time_conversion	classdecl	1	presence only: presence	struct clock_time_conversion
3005	time.syn	chrono	std::chrono::clock_cast	function	1		auto clock_cast(const time_point<SourceClock, Duration>&t)
3006	time.syn	chrono	std::chrono::last_spec	classdecl	1	presence only: presence	struct last_spec
3007	time.syn	chrono	std::chrono::day	classdecl	1	presence only: presence	class day
3008	time.syn	chrono	std::chrono::operator==	function	2		constexpr bool operator==(const day&x, const day&y)noexcept
3009	time.syn	chrono	std::chrono::operator<=>	function	2		constexpr strong_ordering operator<=>(const day&x, const day&y)noexcept
3010	time.syn	chrono	std::chrono::operator+	function	2		constexpr day operator+(const day&x, const days&y)noexcept
3011	time.syn	chrono	std::chrono::operator+	function	2		constexpr day operator+(const days&x, const day&y)noexcept
3012	time.syn	chrono	std::chrono::operator-	function	2		constexpr day operator-(const day&x, const days&y)noexcept
3013	time.syn	chrono	std::chrono::operator-	function	2		constexpr days operator-(const day&x, const day&y)noexcept
3014	time.syn	chrono	std::chrono::operator<<	function	1		basic_ostream<charT, traits>&operator<<(basic_ostream<charT, traits>&os, const day&d)
3015	time.syn	chrono	std::chrono::from_stream	function	2		basic_istream<charT, traits>&from_stream(basic_istream<charT, traits>&is, const charT*fmt, day&d, basic_string<charT, traits, Alloc>*abbrev = nullptr, minutes*offset = nullptr)
3016	time.syn	chrono	std::chrono::month	classdecl	1	presence only: presence	class month
3017	time.syn	chrono	std::chrono::operator==	function	2		constexpr bool operator==(const month&x, const month&y)noexcept
3018	time.syn	chrono	std::chrono::operator<=>	function	2		constexpr strong_ordering operator<=>(const month&x, const month&y)noexcept
3019	time.syn	chrono	std::chrono::operator+	function	2		constexpr month operator+(const month&x, const months&y)noexcept
3020	time.syn	chrono	std::chrono::operator+	function	2		constexpr month operator+(const months&x, const month&y)noexcept
3021	time.syn	chrono	std::chrono::operator-	function	2		constexpr month operator-(const month&x, const months&y)noexcept
3022	time.syn	chrono	std::chrono::operator-	function	2		constexpr months operator-(const month&x, const month&y)noexcept
3023	time.syn	chrono	std::chrono::operator<<	function	1		basic_ostream<charT, traits>&operator<<(basic_ostream<charT, traits>&os, const month&m)
3024	time.syn	chrono	std::chrono::from_stream	function	2		basic_istream<charT, traits>&from_stream(basic_istream<charT, traits>&is, const charT*fmt, month&m, basic_string<charT, traits, Alloc>*abbrev = nullptr, minutes*offset = nullptr)
3025	time.syn	chrono	std::chrono::year	classdecl	1	presence only: presence	class year
3026	time.syn	chrono	std::chrono::operator==	function	2		constexpr bool operator==(const year&x, const year&y)noexcept
3027	time.syn	chrono	std::chrono::operator<=>	function	2		constexpr strong_ordering operator<=>(const year&x, const year&y)noexcept
3028	time.syn	chrono	std::chrono::operator+	function	2		constexpr year operator+(const year&x, const years&y)noexcept
3029	time.syn	chrono	std::chrono::operator+	function	2		constexpr year operator+(const years&x, const year&y)noexcept
3030	time.syn	chrono	std::chrono::operator-	function	2		constexpr year operator-(const year&x, const years&y)noexcept
3031	time.syn	chrono	std::chrono::operator-	function	2		constexpr years operator-(const year&x, const year&y)noexcept
3032	time.syn	chrono	std::chrono::operator<<	function	1		basic_ostream<charT, traits>&operator<<(basic_ostream<charT, traits>&os, const year&y)
3033	time.syn	chrono	std::chrono::from_stream	function	2		basic_istream<charT, traits>&from_stream(basic_istream<charT, traits>&is, const charT*fmt, year&y, basic_string<charT, traits, Alloc>*abbrev = nullptr, minutes*offset = nullptr)
3034	time.syn	chrono	std::chrono::weekday	classdecl	1	presence only: presence	class weekday
3035	time.syn	chrono	std::chrono::operator==	function	2		constexpr bool operator==(const weekday&x, const weekday&y)noexcept
3036	time.syn	chrono	std::chrono::operator+	function	2		constexpr weekday operator+(const weekday&x, const days&y)noexcept
3037	time.syn	chrono	std::chrono::operator+	function	2		constexpr weekday operator+(const days&x, const weekday&y)noexcept
3038	time.syn	chrono	std::chrono::operator-	function	2		constexpr weekday operator-(const weekday&x, const days&y)noexcept
3039	time.syn	chrono	std::chrono::operator-	function	2		constexpr days operator-(const weekday&x, const weekday&y)noexcept
3040	time.syn	chrono	std::chrono::operator<<	function	1		basic_ostream<charT, traits>&operator<<(basic_ostream<charT, traits>&os, const weekday&wd)
3041	time.syn	chrono	std::chrono::from_stream	function	2		basic_istream<charT, traits>&from_stream(basic_istream<charT, traits>&is, const charT*fmt, weekday&wd, basic_string<charT, traits, Alloc>*abbrev = nullptr, minutes*offset = nullptr)
3042	time.syn	chrono	std::chrono::weekday_indexed	classdecl	1	presence only: presence	class weekday_indexed
3043	time.syn	chrono	std::chrono::operator==	function	2		constexpr bool operator==(const weekday_indexed&x, const weekday_indexed&y)noexcept
3044	time.syn	chrono	std::chrono::operator<<	function	1		basic_ostream<charT, traits>&operator<<(basic_ostream<charT, traits>&os, const weekday_indexed&wdi)
3045	time.syn	chrono	std::chrono::weekday_last	classdecl	1	presence only: presence	class weekday_last
3046	time.syn	chrono	std::chrono::operator==	function	2		constexpr bool operator==(const weekday_last&x, const weekday_last&y)noexcept
3047	time.syn	chrono	std::chrono::operator<<	function	1		basic_ostream<charT, traits>&operator<<(basic_ostream<charT, traits>&os, const weekday_last&wdl)
3048	time.syn	chrono	std::chrono::month_day	classdecl	1	presence only: presence	class month_day
3049	time.syn	chrono	std::chrono::operator==	function	2		constexpr bool operator==(const month_day&x, const month_day&y)noexcept
3050	time.syn	chrono	std::chrono::operator<=>	function	2		constexpr strong_ordering operator<=>(const month_day&x, const month_day&y)noexcept
3051	time.syn	chrono	std::chrono::operator<<	function	1		basic_ostream<charT, traits>&operator<<(basic_ostream<charT, traits>&os, const month_day&md)
3052	time.syn	chrono	std::chrono::from_stream	function	2		basic_istream<charT, traits>&from_stream(basic_istream<charT, traits>&is, const charT*fmt, month_day&md, basic_string<charT, traits, Alloc>*abbrev = nullptr, minutes*offset = nullptr)
3053	time.syn	chrono	std::chrono::month_day_last	classdecl	1	presence only: presence	class month_day_last
3054	time.syn	chrono	std::chrono::operator==	function	2		constexpr bool operator==(const month_day_last&x, const month_day_last&y)noexcept
3055	time.syn	chrono	std::chrono::operator<=>	function	2		constexpr strong_ordering operator<=>(const month_day_last&x, const month_day_last&y)noexcept
3056	time.syn	chrono	std::chrono::operator<<	function	1		basic_ostream<charT, traits>&operator<<(basic_ostream<charT, traits>&os, const month_day_last&mdl)
3057	time.syn	chrono	std::chrono::month_weekday	classdecl	1	presence only: presence	class month_weekday
3058	time.syn	chrono	std::chrono::operator==	function	2		constexpr bool operator==(const month_weekday&x, const month_weekday&y)noexcept
3059	time.syn	chrono	std::chrono::operator<<	function	1		basic_ostream<charT, traits>&operator<<(basic_ostream<charT, traits>&os, const month_weekday&mwd)
3060	time.syn	chrono	std::chrono::month_weekday_last	classdecl	1	presence only: presence	class month_weekday_last
3061	time.syn	chrono	std::chrono::operator==	function	2		constexpr bool operator==(const month_weekday_last&x, const month_weekday_last&y)noexcept
3062	time.syn	chrono	std::chrono::operator<<	function	1		basic_ostream<charT, traits>&operator<<(basic_ostream<charT, traits>&os, const month_weekday_last&mwdl)
3063	time.syn	chrono	std::chrono::year_month	classdecl	1	presence only: presence	class year_month
3064	time.syn	chrono	std::chrono::operator==	function	2		constexpr bool operator==(const year_month&x, const year_month&y)noexcept
3065	time.syn	chrono	std::chrono::operator<=>	function	2		constexpr strong_ordering operator<=>(const year_month&x, const year_month&y)noexcept
3066	time.syn	chrono	std::chrono::operator+	function	2		constexpr year_month operator+(const year_month&ym, const months&dm)noexcept
3067	time.syn	chrono	std::chrono::operator+	function	2		constexpr year_month operator+(const months&dm, const year_month&ym)noexcept
3068	time.syn	chrono	std::chrono::operator-	function	2		constexpr year_month operator-(const year_month&ym, const months&dm)noexcept
3069	time.syn	chrono	std::chrono::operator-	function	2		constexpr months operator-(const year_month&x, const year_month&y)noexcept
3070	time.syn	chrono	std::chrono::operator+	function	2		constexpr year_month operator+(const year_month&ym, const years&dy)noexcept
3071	time.syn	chrono	std::chrono::operator+	function	2		constexpr year_month operator+(const years&dy, const year_month&ym)noexcept
3072	time.syn	chrono	std::chrono::operator-	function	2		constexpr year_month operator-(const year_month&ym, const years&dy)noexcept
3073	time.syn	chrono	std::chrono::operator<<	function	1		basic_ostream<charT, traits>&operator<<(basic_ostream<charT, traits>&os, const year_month&ym)
3074	time.syn	chrono	std::chrono::from_stream	function	2		basic_istream<charT, traits>&from_stream(basic_istream<charT, traits>&is, const charT*fmt, year_month&ym, basic_string<charT, traits, Alloc>*abbrev = nullptr, minutes*offset = nullptr)
3075	time.syn	chrono	std::chrono::year_month_day	classdecl	1	presence only: presence	class year_month_day
3076	time.syn	chrono	std::chrono::operator==	function	2		constexpr bool operator==(const year_month_day&x, const year_month_day&y)noexcept
3077	time.syn	chrono	std::chrono::operator<=>	function	2		constexpr strong_ordering operator<=>(const year_month_day&x, const year_month_day&y)noexcept
3078	time.syn	chrono	std::chrono::operator+	function	2		constexpr year_month_day operator+(const year_month_day&ymd, const months&dm)noexcept
3079	time.syn	chrono	std::chrono::operator+	function	2		constexpr year_month_day operator+(const months&dm, const year_month_day&ymd)noexcept
3080	time.syn	chrono	std::chrono::operator+	function	2		constexpr year_month_day operator+(const year_month_day&ymd, const years&dy)noexcept
3081	time.syn	chrono	std::chrono::operator+	function	2		constexpr year_month_day operator+(const years&dy, const year_month_day&ymd)noexcept
3082	time.syn	chrono	std::chrono::operator-	function	2		constexpr year_month_day operator-(const year_month_day&ymd, const months&dm)noexcept
3083	time.syn	chrono	std::chrono::operator-	function	2		constexpr year_month_day operator-(const year_month_day&ymd, const years&dy)noexcept
3084	time.syn	chrono	std::chrono::operator<<	function	1		basic_ostream<charT, traits>&operator<<(basic_ostream<charT, traits>&os, const year_month_day&ymd)
3085	time.syn	chrono	std::chrono::from_stream	function	2		basic_istream<charT, traits>&from_stream(basic_istream<charT, traits>&is, const charT*fmt, year_month_day&ymd, basic_string<charT, traits, Alloc>*abbrev = nullptr, minutes*offset = nullptr)
3086	time.syn	chrono	std::chrono::year_month_day_last	classdecl	1	presence only: presence	class year_month_day_last
3087	time.syn	chrono	std::chrono::operator==	function	2		constexpr bool operator==(const year_month_day_last&x, const year_month_day_last&y)noexcept
3088	time.syn	chrono	std::chrono::operator<=>	function	2		constexpr strong_ordering operator<=>(const year_month_day_last&x, const year_month_day_last&y)noexcept
3089	time.syn	chrono	std::chrono::operator+	function	2		constexpr year_month_day_last operator+(const year_month_day_last&ymdl, const months&dm)noexcept
3090	time.syn	chrono	std::chrono::operator+	function	2		constexpr year_month_day_last operator+(const months&dm, const year_month_day_last&ymdl)noexcept
3091	time.syn	chrono	std::chrono::operator+	function	2		constexpr year_month_day_last operator+(const year_month_day_last&ymdl, const years&dy)noexcept
3092	time.syn	chrono	std::chrono::operator+	function	2		constexpr year_month_day_last operator+(const years&dy, const year_month_day_last&ymdl)noexcept
3093	time.syn	chrono	std::chrono::operator-	function	2		constexpr year_month_day_last operator-(const year_month_day_last&ymdl, const months&dm)noexcept
3094	time.syn	chrono	std::chrono::operator-	function	2		constexpr year_month_day_last operator-(const year_month_day_last&ymdl, const years&dy)noexcept
3095	time.syn	chrono	std::chrono::operator<<	function	1		basic_ostream<charT, traits>&operator<<(basic_ostream<charT, traits>&os, const year_month_day_last&ymdl)
3096	time.syn	chrono	std::chrono::year_month_weekday	classdecl	1	presence only: presence	class year_month_weekday
3097	time.syn	chrono	std::chrono::operator==	function	2		constexpr bool operator==(const year_month_weekday&x, const year_month_weekday&y)noexcept
3098	time.syn	chrono	std::chrono::operator+	function	2		constexpr year_month_weekday operator+(const year_month_weekday&ymwd, const months&dm)noexcept
3099	time.syn	chrono	std::chrono::operator+	function	2		constexpr year_month_weekday operator+(const months&dm, const year_month_weekday&ymwd)noexcept
3100	time.syn	chrono	std::chrono::operator+	function	2		constexpr year_month_weekday operator+(const year_month_weekday&ymwd, const years&dy)noexcept
3101	time.syn	chrono	std::chrono::operator+	function	2		constexpr year_month_weekday operator+(const years&dy, const year_month_weekday&ymwd)noexcept
3102	time.syn	chrono	std::chrono::operator-	function	2		constexpr year_month_weekday operator-(const year_month_weekday&ymwd, const months&dm)noexcept
3103	time.syn	chrono	std::chrono::operator-	function	2		constexpr year_month_weekday operator-(const year_month_weekday&ymwd, const years&dy)noexcept
3104	time.syn	chrono	std::chrono::operator<<	function	1		basic_ostream<charT, traits>&operator<<(basic_ostream<charT, traits>&os, const year_month_weekday&ymwd)
3105	time.syn	chrono	std::chrono::year_month_weekday_last	classdecl	1	presence only: presence	class year_month_weekday_last
3106	time.syn	chrono	std::chrono::operator==	function	2		constexpr bool operator==(const year_month_weekday_last&x, const year_month_weekday_last&y)noexcept
3107	time.syn	chrono	std::chrono::operator+	function	2		constexpr year_month_weekday_last operator+(const year_month_weekday_last&ymwdl, const months&dm)noexcept
3108	time.syn	chrono	std::chrono::operator+	function	2		constexpr year_month_weekday_last operator+(const months&dm, const year_month_weekday_last&ymwdl)noexcept
3109	time.syn	chrono	std::chrono::operator+	function	2		constexpr year_month_weekday_last operator+(const year_month_weekday_last&ymwdl, const years&dy)noexcept
3110	time.syn	chrono	std::chrono::operator+	function	2		constexpr year_month_weekday_last operator+(const years&dy, const year_month_weekday_last&ymwdl)noexcept
3111	time.syn	chrono	std::chrono::operator-	function	2		constexpr year_month_weekday_last operator-(const year_month_weekday_last&ymwdl, const months&dm)noexcept
3112	time.syn	chrono	std::chrono::operator-	function	2		constexpr year_month_weekday_last operator-(const year_month_weekday_last&ymwdl, const years&dy)noexcept
3113	time.syn	chrono	std::chrono::operator<<	function	1		basic_ostream<charT, traits>&operator<<(basic_ostream<charT, traits>&os, const year_month_weekday_last&ymwdl)
3114	time.syn	chrono	std::chrono::operator/	function	2		constexpr year_month operator/(const year&y, const month&m)noexcept
3115	time.syn	chrono	std::chrono::operator/	function	2		constexpr year_month operator/(const year&y, int m)noexcept
3116	time.syn	chrono	std::chrono::operator/	function	2		constexpr month_day operator/(const month&m, const day&d)noexcept
3117	time.syn	chrono	std::chrono::operator/	function	2		constexpr month_day operator/(const month&m, int d)noexcept
3118	time.syn	chrono	std::chrono::operator/	function	2		constexpr month_day operator/(int m, const day&d)noexcept
3119	time.syn	chrono	std::chrono::operator/	function	2		constexpr month_day operator/(const day&d, const month&m)noexcept
3120	time.syn	chrono	std::chrono::operator/	function	2		constexpr month_day operator/(const day&d, int m)noexcept
3121	time.syn	chrono	std::chrono::operator/	function	2		constexpr month_day_last operator/(const month&m, last_spec)noexcept
3122	time.syn	chrono	std::chrono::operator/	function	2		constexpr month_day_last operator/(int m, last_spec)noexcept
3123	time.syn	chrono	std::chrono::operator/	function	2		constexpr month_day_last operator/(last_spec, const month&m)noexcept
3124	time.syn	chrono	std::chrono::operator/	function	2		constexpr month_day_last operator/(last_spec, int m)noexcept
3125	time.syn	chrono	std::chrono::operator/	function	2		constexpr month_weekday operator/(const month&m, const weekday_indexed&wdi)noexcept
3126	time.syn	chrono	std::chrono::operator/	function	2		constexpr month_weekday operator/(int m, const weekday_indexed&wdi)noexcept
3127	time.syn	chrono	std::chrono::operator/	function	2		constexpr month_weekday operator/(const weekday_indexed&wdi, const month&m)noexcept
3128	time.syn	chrono	std::chrono::operator/	function	2		constexpr month_weekday operator/(const weekday_indexed&wdi, int m)noexcept
3129	time.syn	chrono	std::chrono::operator/	function	2		constexpr month_weekday_last operator/(const month&m, const weekday_last&wdl)noexcept
3130	time.syn	chrono	std::chrono::operator/	function	2		constexpr month_weekday_last operator/(int m, const weekday_last&wdl)noexcept
3131	time.syn	chrono	std::chrono::operator/	function	2		constexpr month_weekday_last operator/(const weekday_last&wdl, const month&m)noexcept
3132	time.syn	chrono	std::chrono::operator/	function	2		constexpr month_weekday_last operator/(const weekday_last&wdl, int m)noexcept
3133	time.syn	chrono	std::chrono::operator/	function	2		constexpr year_month_day operator/(const year_month&ym, const day&d)noexcept
3134	time.syn	chrono	std::chrono::operator/	function	2		constexpr year_month_day operator/(const year_month&ym, int d)noexcept
3135	time.syn	chrono	std::chrono::operator/	function	2		constexpr year_month_day operator/(const year&y, const month_day&md)noexcept
3136	time.syn	chrono	std::chrono::operator/	function	2		constexpr year_month_day operator/(int y, const month_day&md)noexcept
3137	time.syn	chrono	std::chrono::operator/	function	2		constexpr year_month_day operator/(const month_day&md, const year&y)noexcept
3138	time.syn	chrono	std::chrono::operator/	function	2		constexpr year_month_day operator/(const month_day&md, int y)noexcept
3139	time.syn	chrono	std::chrono::operator/	function	2		constexpr year_month_day_last operator/(const year_month&ym, last_spec)noexcept
3140	time.syn	chrono	std::chrono::operator/	function	2		constexpr year_month_day_last operator/(const year&y, const month_day_last&mdl)noexcept
3141	time.syn	chrono	std::chrono::operator/	function	2		constexpr year_month_day_last operator/(int y, const month_day_last&mdl)noexcept
3142	time.syn	chrono	std::chrono::operator/	function	2		constexpr year_month_day_last operator/(const month_day_last&mdl, const year&y)noexcept
3143	time.syn	chrono	std::chrono::operator/	function	2		constexpr year_month_day_last operator/(const month_day_last&mdl, int y)noexcept
3144	time.syn	chrono	std::chrono::operator/	function	2		constexpr year_month_weekday operator/(const year_month&ym, const weekday_indexed&wdi)noexcept
3145	time.syn	chrono	std::chrono::operator/	function	2		constexpr year_month_weekday operator/(const year&y, const month_weekday&mwd)noexcept
3146	time.syn	chrono	std::chrono::operator/	function	2		constexpr year_month_weekday operator/(int y, const month_weekday&mwd)noexcept
3147	time.syn	chrono	std::chrono::operator/	function	2		constexpr year_month_weekday operator/(const month_weekday&mwd, const year&y)noexcept
3148	time.syn	chrono	std::chrono::operator/	function	2		constexpr year_month_weekday operator/(const month_weekday&mwd, int y)noexcept
3149	time.syn	chrono	std::chrono::operator/	function	2		constexpr year_month_weekday_last operator/(const year_month&ym, const weekday_last&wdl)noexcept
3150	time.syn	chrono	std::chrono::operator/	function	2		constexpr year_month_weekday_last operator/(const year&y, const month_weekday_last&mwdl)noexcept
3151	time.syn	chrono	std::chrono::operator/	function	2		constexpr year_month_weekday_last operator/(int y, const month_weekday_last&mwdl)noexcept
3152	time.syn	chrono	std::chrono::operator/	function	2		constexpr year_month_weekday_last operator/(const month_weekday_last&mwdl, const year&y)noexcept
3153	time.syn	chrono	std::chrono::operator/	function	2		constexpr year_month_weekday_last operator/(const month_weekday_last&mwdl, int y)noexcept
3154	time.syn	chrono	std::chrono::hh_mm_ss	classdecl	1	presence only: presence	class hh_mm_ss
3155	time.syn	chrono	std::chrono::operator<<	function	1		basic_ostream<charT, traits>&operator<<(basic_ostream<charT, traits>&os, const hh_mm_ss<Duration>&hms)
3156	time.syn	chrono	std::chrono::is_am	function	2		constexpr bool is_am(const hours&h)noexcept
3157	time.syn	chrono	std::chrono::is_pm	function	2		constexpr bool is_pm(const hours&h)noexcept
3158	time.syn	chrono	std::chrono::make12	function	2		constexpr hours make12(const hours&h)noexcept
3159	time.syn	chrono	std::chrono::make24	function	2		constexpr hours make24(const hours&h, bool is_pm)noexcept
3160	time.syn	chrono	std::chrono::tzdb	classdecl	1	presence only: presence	struct tzdb
3161	time.syn	chrono	std::chrono::tzdb_list	classdecl	1	presence only: presence	class tzdb_list
3162	time.syn	chrono	std::chrono::get_tzdb	function	1		const tzdb&get_tzdb()
3163	time.syn	chrono	std::chrono::get_tzdb_list	function	1		tzdb_list&get_tzdb_list()
3164	time.syn	chrono	std::chrono::locate_zone	function	1		const time_zone*locate_zone(string_view tz_name)
3165	time.syn	chrono	std::chrono::current_zone	function	1		const time_zone*current_zone()
3166	time.syn	chrono	std::chrono::reload_tzdb	function	1		const tzdb&reload_tzdb()
3167	time.syn	chrono	std::chrono::remote_version	function	1		string remote_version()
3168	time.syn	chrono	std::chrono::nonexistent_local_time	classdecl	1	presence only: presence	class nonexistent_local_time
3169	time.syn	chrono	std::chrono::ambiguous_local_time	classdecl	1	presence only: presence	class ambiguous_local_time
3170	time.syn	chrono	std::chrono::sys_info	classdecl	1	presence only: presence	struct sys_info
3171	time.syn	chrono	std::chrono::operator<<	function	1		basic_ostream<charT, traits>&operator<<(basic_ostream<charT, traits>&os, const sys_info&si)
3172	time.syn	chrono	std::chrono::local_info	classdecl	1	presence only: presence	struct local_info
3173	time.syn	chrono	std::chrono::operator<<	function	1		basic_ostream<charT, traits>&operator<<(basic_ostream<charT, traits>&os, const local_info&li)
3174	time.syn	chrono	std::chrono::choose	enumdef	3		enum class choose
3175	time.syn	chrono	std::chrono::time_zone	classdecl	1	presence only: presence	class time_zone
3176	time.syn	chrono	std::chrono::operator==	function	1		bool operator==(const time_zone&x, const time_zone&y)noexcept
3177	time.syn	chrono	std::chrono::operator<=>	function	1		strong_ordering operator<=>(const time_zone&x, const time_zone&y)noexcept
3178	time.syn	chrono	std::chrono::zoned_traits	classdecl	1	presence only: presence	struct zoned_traits
3179	time.syn	chrono	std::chrono::zoned_time	classdecl	1	presence only: presence	class zoned_time
3180	time.syn	chrono	std::chrono::zoned_seconds	alias	1		using zoned_seconds = zoned_time<seconds>
3181	time.syn	chrono	std::chrono::operator==	function	1		bool operator==(const zoned_time<Duration1, TimeZonePtr>&x, const zoned_time<Duration2, TimeZonePtr>&y)
3182	time.syn	chrono	std::chrono::operator<<	function	1		basic_ostream<charT, traits>&operator<<(basic_ostream<charT, traits>&os, const zoned_time<Duration, TimeZonePtr>&t)
3183	time.syn	chrono	std::chrono::leap_second	classdecl	1	presence only: presence	class leap_second
3184	time.syn	chrono	std::chrono::operator==	function	2		constexpr bool operator==(const leap_second&x, const leap_second&y)
3185	time.syn	chrono	std::chrono::operator<=>	function	2		constexpr strong_ordering operator<=>(const leap_second&x, const leap_second&y)
3186	time.syn	chrono	std::chrono::operator==	function	2		constexpr bool operator==(const leap_second&x, const sys_time<Duration>&y)
3187	time.syn	chrono	std::chrono::operator<	function	2		constexpr bool operator<(const leap_second&x, const sys_time<Duration>&y)
3188	time.syn	chrono	std::chrono::operator<	function	2		constexpr bool operator<(const sys_time<Duration>&x, const leap_second&y)
3189	time.syn	chrono	std::chrono::operator>	function	2		constexpr bool operator>(const leap_second&x, const sys_time<Duration>&y)
3190	time.syn	chrono	std::chrono::operator>	function	2		constexpr bool operator>(const sys_time<Duration>&x, const leap_second&y)
3191	time.syn	chrono	std::chrono::operator<=	function	2		constexpr bool operator< = (const leap_second&x, const sys_time<Duration>&y)
3192	time.syn	chrono	std::chrono::operator<=	function	2		constexpr bool operator< = (const sys_time<Duration>&x, const leap_second&y)
3193	time.syn	chrono	std::chrono::operator>=	function	2		constexpr bool operator> = (const leap_second&x, const sys_time<Duration>&y)
3194	time.syn	chrono	std::chrono::operator>=	function	2		constexpr bool operator> = (const sys_time<Duration>&x, const leap_second&y)
3195	time.syn	chrono	std::chrono::operator<=>	function	2		requires three_way_comparable_with<sys_seconds, sys_time<Duration>>constexpr auto operator<=>(const leap_second&x, const sys_time<Duration>&y)
3196	time.syn	chrono	std::chrono::time_zone_link	classdecl	1	presence only: presence	class time_zone_link
3197	time.syn	chrono	std::chrono::operator==	function	1		bool operator==(const time_zone_link&x, const time_zone_link&y)
3198	time.syn	chrono	std::chrono::operator<=>	function	1		strong_ordering operator<=>(const time_zone_link&x, const time_zone_link&y)
3199	time.syn	chrono	std::chrono::local_time_format	function	2		⟨local-time-format-t⟩<Duration>local_time_format(local_time<Duration>time, const string*abbrev = nullptr, const seconds*offset_sec = nullptr)
3200	time.syn	chrono	std::formatter	classdecl	1		struct formatter<chrono::duration<Rep, Period>, charT>
3201	time.syn	chrono	std::formatter	classdecl	1		struct formatter<chrono::sys_time<Duration>, charT>
3202	time.syn	chrono	std::formatter	classdecl	1		struct formatter<chrono::utc_time<Duration>, charT>
3203	time.syn	chrono	std::formatter	classdecl	1		struct formatter<chrono::tai_time<Duration>, charT>
3204	time.syn	chrono	std::formatter	classdecl	1		struct formatter<chrono::gps_time<Duration>, charT>
3205	time.syn	chrono	std::formatter	classdecl	1		struct formatter<chrono::file_time<Duration>, charT>
3206	time.syn	chrono	std::formatter	classdecl	1		struct formatter<chrono::local_time<Duration>, charT>
3207	time.syn	chrono	std::formatter	classdecl	0	not probed (no sample, or a hidden friend whose signature is exposition-only)	struct formatter<chrono::⟨local-time-format-t⟩<Duration>, charT>
3208	time.syn	chrono	std::formatter	classdecl	1		struct formatter<chrono::day, charT>
3209	time.syn	chrono	std::formatter	classdecl	1		struct formatter<chrono::month, charT>
3210	time.syn	chrono	std::formatter	classdecl	1		struct formatter<chrono::year, charT>
3211	time.syn	chrono	std::formatter	classdecl	1		struct formatter<chrono::weekday, charT>
3212	time.syn	chrono	std::formatter	classdecl	1		struct formatter<chrono::weekday_indexed, charT>
3213	time.syn	chrono	std::formatter	classdecl	1		struct formatter<chrono::weekday_last, charT>
3214	time.syn	chrono	std::formatter	classdecl	1		struct formatter<chrono::month_day, charT>
3215	time.syn	chrono	std::formatter	classdecl	1		struct formatter<chrono::month_day_last, charT>
3216	time.syn	chrono	std::formatter	classdecl	1		struct formatter<chrono::month_weekday, charT>
3217	time.syn	chrono	std::formatter	classdecl	1		struct formatter<chrono::month_weekday_last, charT>
3218	time.syn	chrono	std::formatter	classdecl	1		struct formatter<chrono::year_month, charT>
3219	time.syn	chrono	std::formatter	classdecl	1		struct formatter<chrono::year_month_day, charT>
3220	time.syn	chrono	std::formatter	classdecl	1		struct formatter<chrono::year_month_day_last, charT>
3221	time.syn	chrono	std::formatter	classdecl	1		struct formatter<chrono::year_month_weekday, charT>
3222	time.syn	chrono	std::formatter	classdecl	1		struct formatter<chrono::year_month_weekday_last, charT>
3223	time.syn	chrono	std::formatter	classdecl	1		struct formatter<chrono::hh_mm_ss<chrono::duration<Rep, Period>>, charT>
3224	time.syn	chrono	std::formatter	classdecl	1		struct formatter<chrono::sys_info, charT>
3225	time.syn	chrono	std::formatter	classdecl	1		struct formatter<chrono::local_info, charT>
3226	time.syn	chrono	std::formatter	classdecl	1		struct formatter<chrono::zoned_time<Duration, TimeZonePtr>, charT>
3227	time.syn	chrono	std::chrono::parse	function	1		⟨unspecified⟩ parse(const charT*fmt, Parsable&tp)
3228	time.syn	chrono	std::chrono::parse	function	1		⟨unspecified⟩ parse(const basic_string<charT, traits, Alloc>&fmt, Parsable&tp)
3229	time.syn	chrono	std::chrono::parse	function	1		⟨unspecified⟩ parse(const charT*fmt, Parsable&tp, basic_string<charT, traits, Alloc>&abbrev)
3230	time.syn	chrono	std::chrono::parse	function	1		⟨unspecified⟩ parse(const basic_string<charT, traits, Alloc>&fmt, Parsable&tp, basic_string<charT, traits, Alloc>&abbrev)
3231	time.syn	chrono	std::chrono::parse	function	1		⟨unspecified⟩ parse(const charT*fmt, Parsable&tp, minutes&offset)
3232	time.syn	chrono	std::chrono::parse	function	1		⟨unspecified⟩ parse(const basic_string<charT, traits, Alloc>&fmt, Parsable&tp, minutes&offset)
3233	time.syn	chrono	std::chrono::parse	function	1		⟨unspecified⟩ parse(const charT*fmt, Parsable&tp, basic_string<charT, traits, Alloc>&abbrev, minutes&offset)
3234	time.syn	chrono	std::chrono::parse	function	1		⟨unspecified⟩ parse(const basic_string<charT, traits, Alloc>&fmt, Parsable&tp, basic_string<charT, traits, Alloc>&abbrev, minutes&offset)
3235	time.syn	chrono	std::chrono::last	variable	1		inline constexpr last_spec last{}
3236	time.syn	chrono	std::chrono::Sunday	variable	1		inline constexpr weekday Sunday{0}
3237	time.syn	chrono	std::chrono::Monday	variable	1		inline constexpr weekday Monday{1}
3238	time.syn	chrono	std::chrono::Tuesday	variable	1		inline constexpr weekday Tuesday{2}
3239	time.syn	chrono	std::chrono::Wednesday	variable	1		inline constexpr weekday Wednesday{3}
3240	time.syn	chrono	std::chrono::Thursday	variable	1		inline constexpr weekday Thursday{4}
3241	time.syn	chrono	std::chrono::Friday	variable	1		inline constexpr weekday Friday{5}
3242	time.syn	chrono	std::chrono::Saturday	variable	1		inline constexpr weekday Saturday{6}
3243	time.syn	chrono	std::chrono::January	variable	1		inline constexpr month January{1}
3244	time.syn	chrono	std::chrono::February	variable	1		inline constexpr month February{2}
3245	time.syn	chrono	std::chrono::March	variable	1		inline constexpr month March{3}
3246	time.syn	chrono	std::chrono::April	variable	1		inline constexpr month April{4}
3247	time.syn	chrono	std::chrono::May	variable	1		inline constexpr month May{5}
3248	time.syn	chrono	std::chrono::June	variable	1		inline constexpr month June{6}
3249	time.syn	chrono	std::chrono::July	variable	1		inline constexpr month July{7}
3250	time.syn	chrono	std::chrono::August	variable	1		inline constexpr month August{8}
3251	time.syn	chrono	std::chrono::September	variable	1		inline constexpr month September{9}
3252	time.syn	chrono	std::chrono::October	variable	1		inline constexpr month October{10}
3253	time.syn	chrono	std::chrono::November	variable	1		inline constexpr month November{11}
3254	time.syn	chrono	std::chrono::December	variable	1		inline constexpr month December{12}
3255	time.syn	chrono	std::literals::chrono_literals::operator""h	function	2		constexpr chrono::hours operator""h(unsigned long long)
3256	time.syn	chrono	std::literals::chrono_literals::operator""h	function	2		constexpr chrono::duration<⟨unspecified⟩, ratio<3600, 1>>operator""h(long double)
3257	time.syn	chrono	std::literals::chrono_literals::operator""min	function	2		constexpr chrono::minutes operator""min(unsigned long long)
3258	time.syn	chrono	std::literals::chrono_literals::operator""min	function	2		constexpr chrono::duration<⟨unspecified⟩, ratio<60, 1>>operator""min(long double)
3259	time.syn	chrono	std::literals::chrono_literals::operator""s	function	2		constexpr chrono::seconds operator""s(unsigned long long)
3260	time.syn	chrono	std::literals::chrono_literals::operator""s	function	2		constexpr chrono::duration<⟨unspecified⟩>operator""s(long double)
3261	time.syn	chrono	std::literals::chrono_literals::operator""ms	function	2		constexpr chrono::milliseconds operator""ms(unsigned long long)
3262	time.syn	chrono	std::literals::chrono_literals::operator""ms	function	2		constexpr chrono::duration<⟨unspecified⟩, milli>operator""ms(long double)
3263	time.syn	chrono	std::literals::chrono_literals::operator""us	function	2		constexpr chrono::microseconds operator""us(unsigned long long)
3264	time.syn	chrono	std::literals::chrono_literals::operator""us	function	2		constexpr chrono::duration<⟨unspecified⟩, micro>operator""us(long double)
3265	time.syn	chrono	std::literals::chrono_literals::operator""ns	function	2		constexpr chrono::nanoseconds operator""ns(unsigned long long)
3266	time.syn	chrono	std::literals::chrono_literals::operator""ns	function	2		constexpr chrono::duration<⟨unspecified⟩, nano>operator""ns(long double)
3267	time.syn	chrono	std::literals::chrono_literals::operator""d	function	2		constexpr chrono::day operator""d(unsigned long long d)noexcept
3268	time.syn	chrono	std::literals::chrono_literals::operator""y	function	2		constexpr chrono::year operator""y(unsigned long long y)noexcept
3269	time.syn	chrono	std::hash	classdecl	1	presence only: presence	struct hash
3270	time.syn	chrono	std::hash	classdecl	1		struct hash<chrono::duration<Rep, Period>>
3271	time.syn	chrono	std::hash	classdecl	1		struct hash<chrono::time_point<Clock, Duration>>
3272	time.syn	chrono	std::hash	classdecl	1		struct hash<chrono::day>
3273	time.syn	chrono	std::hash	classdecl	1		struct hash<chrono::month>
3274	time.syn	chrono	std::hash	classdecl	1		struct hash<chrono::year>
3275	time.syn	chrono	std::hash	classdecl	1		struct hash<chrono::weekday>
3276	time.syn	chrono	std::hash	classdecl	1		struct hash<chrono::weekday_indexed>
3277	time.syn	chrono	std::hash	classdecl	1		struct hash<chrono::weekday_last>
3278	time.syn	chrono	std::hash	classdecl	1		struct hash<chrono::month_day>
3279	time.syn	chrono	std::hash	classdecl	1		struct hash<chrono::month_day_last>
3280	time.syn	chrono	std::hash	classdecl	1		struct hash<chrono::month_weekday>
3281	time.syn	chrono	std::hash	classdecl	1		struct hash<chrono::month_weekday_last>
3282	time.syn	chrono	std::hash	classdecl	1		struct hash<chrono::year_month>
3283	time.syn	chrono	std::hash	classdecl	1		struct hash<chrono::year_month_day>
3284	time.syn	chrono	std::hash	classdecl	1		struct hash<chrono::year_month_day_last>
3285	time.syn	chrono	std::hash	classdecl	1		struct hash<chrono::year_month_weekday>
3286	time.syn	chrono	std::hash	classdecl	1		struct hash<chrono::year_month_weekday_last>
3287	time.syn	chrono	std::hash	classdecl	1		struct hash<chrono::zoned_time<Duration, TimeZonePtr>>
3288	time.syn	chrono	std::hash	classdecl	1		struct hash<chrono::leap_second>
3289	time.duration.general	chrono	std::chrono::duration	classdef	1	presence only: presence	class duration
3290	time.duration.general	chrono	std::chrono::duration::rep	alias	1		using rep = Rep
3291	time.duration.general	chrono	std::chrono::duration::period	alias	1		using period = Period::type
3292	time.duration.general	chrono	std::chrono::duration::duration	function	1		constexpr duration() = default
3293	time.duration.general	chrono	std::chrono::duration::duration	function	1		constexpr explicit duration(const Rep2&r)
3294	time.duration.general	chrono	std::chrono::duration::duration	function	1		constexpr duration(const duration<Rep2, Period2>&d)
3295	time.duration.general	chrono	std::chrono::duration::~duration	function	1		~duration() = default
3296	time.duration.general	chrono	std::chrono::duration::duration	function	1		duration(const duration&) = default
3297	time.duration.general	chrono	std::chrono::duration::operator=	function	1		duration&operator = (const duration&) = default
3298	time.duration.general	chrono	std::chrono::duration::count	function	2		constexpr rep count()const
3299	time.duration.general	chrono	std::chrono::duration::operator+	function	2		constexpr common_type_t<duration>operator+()const
3300	time.duration.general	chrono	std::chrono::duration::operator-	function	2		constexpr common_type_t<duration>operator-()const
3301	time.duration.general	chrono	std::chrono::duration::operator++	function	2		constexpr duration&operator++()
3302	time.duration.general	chrono	std::chrono::duration::operator++	function	2		constexpr duration operator++(int)
3303	time.duration.general	chrono	std::chrono::duration::operator--	function	2		constexpr duration&operator--()
3304	time.duration.general	chrono	std::chrono::duration::operator--	function	2		constexpr duration operator--(int)
3305	time.duration.general	chrono	std::chrono::duration::operator+=	function	2		constexpr duration&operator+=(const duration&d)
3306	time.duration.general	chrono	std::chrono::duration::operator-=	function	2		constexpr duration&operator-=(const duration&d)
3307	time.duration.general	chrono	std::chrono::duration::operator*=	function	2		constexpr duration&operator*=(const rep&rhs)
3308	time.duration.general	chrono	std::chrono::duration::operator/=	function	2		constexpr duration&operator/=(const rep&rhs)
3309	time.duration.general	chrono	std::chrono::duration::operator%=	function	2		constexpr duration&operator%=(const rep&rhs)
3310	time.duration.general	chrono	std::chrono::duration::operator%=	function	2		constexpr duration&operator%=(const duration&rhs)
3311	time.duration.general	chrono	std::chrono::duration::zero	function	2		static constexpr duration zero()noexcept
3312	time.duration.general	chrono	std::chrono::duration::min	function	2		static constexpr duration min()noexcept
3313	time.duration.general	chrono	std::chrono::duration::max	function	2		static constexpr duration max()noexcept
3314	time.point.general	chrono	std::chrono::time_point	classdef	1	presence only: presence	class time_point
3315	time.point.general	chrono	std::chrono::time_point::clock	alias	1		using clock = Clock
3316	time.point.general	chrono	std::chrono::time_point::duration	alias	1		using duration = Duration
3317	time.point.general	chrono	std::chrono::time_point::rep	alias	1		using rep = duration::rep
3318	time.point.general	chrono	std::chrono::time_point::period	alias	1		using period = duration::period
3319	time.point.general	chrono	std::chrono::time_point::time_point	function	1		constexpr time_point()
3320	time.point.general	chrono	std::chrono::time_point::time_point	function	1		constexpr explicit time_point(const duration&d)
3321	time.point.general	chrono	std::chrono::time_point::time_point	function	1		constexpr time_point(const time_point<clock, Duration2>&t)
3322	time.point.general	chrono	std::chrono::time_point::time_since_epoch	function	2		constexpr duration time_since_epoch()const
3323	time.point.general	chrono	std::chrono::time_point::operator++	function	2		constexpr time_point&operator++()
3324	time.point.general	chrono	std::chrono::time_point::operator++	function	2		constexpr time_point operator++(int)
3325	time.point.general	chrono	std::chrono::time_point::operator--	function	2		constexpr time_point&operator--()
3326	time.point.general	chrono	std::chrono::time_point::operator--	function	2		constexpr time_point operator--(int)
3327	time.point.general	chrono	std::chrono::time_point::operator+=	function	2		constexpr time_point&operator+=(const duration&d)
3328	time.point.general	chrono	std::chrono::time_point::operator-=	function	2		constexpr time_point&operator-=(const duration&d)
3329	time.point.general	chrono	std::chrono::time_point::min	function	2		static constexpr time_point min()noexcept
3330	time.point.general	chrono	std::chrono::time_point::max	function	2		static constexpr time_point max()noexcept
3331	time.clock.system.overview	chrono	std::chrono::system_clock	classdef	1	presence only: presence	class system_clock
3332	time.clock.system.overview	chrono	std::chrono::system_clock::rep	alias	1		using rep = ⟨see below⟩
3333	time.clock.system.overview	chrono	std::chrono::system_clock::period	alias	1		using period = ratio<⟨unspecified⟩, ⟨unspecified⟩>
3334	time.clock.system.overview	chrono	std::chrono::system_clock::duration	alias	1		using duration = chrono::duration<rep, period>
3335	time.clock.system.overview	chrono	std::chrono::system_clock::time_point	alias	1		using time_point = chrono::time_point<system_clock>
3336	time.clock.system.overview	chrono	std::chrono::system_clock::is_steady	variable	1		static constexpr bool is_steady = ⟨unspecified⟩
3337	time.clock.system.overview	chrono	std::chrono::system_clock::now	function	1		static time_point now()noexcept
3338	time.clock.system.overview	chrono	std::chrono::system_clock::to_time_t	function	1		static time_t to_time_t(const time_point&t)noexcept
3339	time.clock.system.overview	chrono	std::chrono::system_clock::from_time_t	function	1		static time_point from_time_t(time_t t)noexcept
3340	time.clock.utc.overview	chrono	std::chrono::utc_clock	classdef	1	presence only: presence	class utc_clock
3341	time.clock.utc.overview	chrono	std::chrono::utc_clock::rep	alias	1		using rep = ⟨a signed arithmetic type⟩
3342	time.clock.utc.overview	chrono	std::chrono::utc_clock::period	alias	1		using period = ratio<⟨unspecified⟩, ⟨unspecified⟩>
3343	time.clock.utc.overview	chrono	std::chrono::utc_clock::duration	alias	1		using duration = chrono::duration<rep, period>
3344	time.clock.utc.overview	chrono	std::chrono::utc_clock::time_point	alias	1		using time_point = chrono::time_point<utc_clock>
3345	time.clock.utc.overview	chrono	std::chrono::utc_clock::is_steady	variable	1		static constexpr bool is_steady = ⟨unspecified⟩
3346	time.clock.utc.overview	chrono	std::chrono::utc_clock::now	function	1		static time_point now()
3347	time.clock.utc.overview	chrono	std::chrono::utc_clock::to_sys	function	1		static sys_time<common_type_t<Duration, seconds>>to_sys(const utc_time<Duration>&t)
3348	time.clock.utc.overview	chrono	std::chrono::utc_clock::from_sys	function	1		static utc_time<common_type_t<Duration, seconds>>from_sys(const sys_time<Duration>&t)
3349	time.clock.tai.overview	chrono	std::chrono::tai_clock	classdef	1	presence only: presence	class tai_clock
3350	time.clock.tai.overview	chrono	std::chrono::tai_clock::rep	alias	1		using rep = ⟨a signed arithmetic type⟩
3351	time.clock.tai.overview	chrono	std::chrono::tai_clock::period	alias	1		using period = ratio<⟨unspecified⟩, ⟨unspecified⟩>
3352	time.clock.tai.overview	chrono	std::chrono::tai_clock::duration	alias	1		using duration = chrono::duration<rep, period>
3353	time.clock.tai.overview	chrono	std::chrono::tai_clock::time_point	alias	1		using time_point = chrono::time_point<tai_clock>
3354	time.clock.tai.overview	chrono	std::chrono::tai_clock::is_steady	variable	1		static constexpr bool is_steady = ⟨unspecified⟩
3355	time.clock.tai.overview	chrono	std::chrono::tai_clock::now	function	1		static time_point now()
3356	time.clock.tai.overview	chrono	std::chrono::tai_clock::to_utc	function	1		static utc_time<common_type_t<Duration, seconds>>to_utc(const tai_time<Duration>&)noexcept
3357	time.clock.tai.overview	chrono	std::chrono::tai_clock::from_utc	function	1		static tai_time<common_type_t<Duration, seconds>>from_utc(const utc_time<Duration>&)noexcept
3358	time.clock.gps.overview	chrono	std::chrono::gps_clock	classdef	1	presence only: presence	class gps_clock
3359	time.clock.gps.overview	chrono	std::chrono::gps_clock::rep	alias	1		using rep = ⟨a signed arithmetic type⟩
3360	time.clock.gps.overview	chrono	std::chrono::gps_clock::period	alias	1		using period = ratio<⟨unspecified⟩, ⟨unspecified⟩>
3361	time.clock.gps.overview	chrono	std::chrono::gps_clock::duration	alias	1		using duration = chrono::duration<rep, period>
3362	time.clock.gps.overview	chrono	std::chrono::gps_clock::time_point	alias	1		using time_point = chrono::time_point<gps_clock>
3363	time.clock.gps.overview	chrono	std::chrono::gps_clock::is_steady	variable	1		static constexpr bool is_steady = ⟨unspecified⟩
3364	time.clock.gps.overview	chrono	std::chrono::gps_clock::now	function	1		static time_point now()
3365	time.clock.gps.overview	chrono	std::chrono::gps_clock::to_utc	function	1		static utc_time<common_type_t<Duration, seconds>>to_utc(const gps_time<Duration>&)noexcept
3366	time.clock.gps.overview	chrono	std::chrono::gps_clock::from_utc	function	1		static gps_time<common_type_t<Duration, seconds>>from_utc(const utc_time<Duration>&)noexcept
3367	time.clock.file.overview	chrono	std::chrono::file_clock	alias	1		using file_clock = ⟨see below⟩
3368	time.clock.steady	chrono	std::chrono::steady_clock	classdef	1	presence only: presence	class steady_clock
3369	time.clock.steady	chrono	std::chrono::steady_clock::rep	alias	1		using rep = ⟨unspecified⟩
3370	time.clock.steady	chrono	std::chrono::steady_clock::period	alias	1		using period = ratio<⟨unspecified⟩, ⟨unspecified⟩>
3371	time.clock.steady	chrono	std::chrono::steady_clock::duration	alias	1		using duration = chrono::duration<rep, period>
3372	time.clock.steady	chrono	std::chrono::steady_clock::time_point	alias	1		using time_point = chrono::time_point<⟨unspecified⟩, duration>
3373	time.clock.steady	chrono	std::chrono::steady_clock::is_steady	variable	1		static constexpr bool is_steady = true
3374	time.clock.steady	chrono	std::chrono::steady_clock::now	function	1		static time_point now()noexcept
3375	time.clock.hires	chrono	std::chrono::high_resolution_clock	classdef	1	presence only: presence	class high_resolution_clock
3376	time.clock.hires	chrono	std::chrono::high_resolution_clock::rep	alias	1		using rep = ⟨unspecified⟩
3377	time.clock.hires	chrono	std::chrono::high_resolution_clock::period	alias	1		using period = ratio<⟨unspecified⟩, ⟨unspecified⟩>
3378	time.clock.hires	chrono	std::chrono::high_resolution_clock::duration	alias	1		using duration = chrono::duration<rep, period>
3379	time.clock.hires	chrono	std::chrono::high_resolution_clock::time_point	alias	1		using time_point = chrono::time_point<⟨unspecified⟩, duration>
3380	time.clock.hires	chrono	std::chrono::high_resolution_clock::is_steady	variable	1		static constexpr bool is_steady = ⟨unspecified⟩
3381	time.clock.hires	chrono	std::chrono::high_resolution_clock::now	function	1		static time_point now()noexcept
3382	time.clock.conv	chrono	std::chrono::clock_time_conversion	classdef	1	presence only: presence	struct clock_time_conversion
3383	time.cal.last	chrono	std::chrono::last_spec	classdef	1	presence only: presence	struct last_spec
3384	time.cal.last	chrono	std::chrono::last_spec::last_spec	function	1		explicit last_spec() = default
3385	time.cal.day.overview	chrono	std::chrono::day	classdef	1	presence only: presence	class day
3386	time.cal.day.overview	chrono	std::chrono::day::day	function	1		day() = default
3387	time.cal.day.overview	chrono	std::chrono::day::day	function	1		constexpr explicit day(unsigned d)noexcept
3388	time.cal.day.overview	chrono	std::chrono::day::operator++	function	2		constexpr day&operator++()noexcept
3389	time.cal.day.overview	chrono	std::chrono::day::operator++	function	2		constexpr day operator++(int)noexcept
3390	time.cal.day.overview	chrono	std::chrono::day::operator--	function	2		constexpr day&operator--()noexcept
3391	time.cal.day.overview	chrono	std::chrono::day::operator--	function	2		constexpr day operator--(int)noexcept
3392	time.cal.day.overview	chrono	std::chrono::day::operator+=	function	2		constexpr day&operator+=(const days&d)noexcept
3393	time.cal.day.overview	chrono	std::chrono::day::operator-=	function	2		constexpr day&operator-=(const days&d)noexcept
3394	time.cal.day.overview	chrono	std::chrono::day::operator unsigned	function	3		constexpr explicit operator unsigned()const noexcept
3395	time.cal.day.overview	chrono	std::chrono::day::ok	function	2		constexpr bool ok()const noexcept
3396	time.cal.month.overview	chrono	std::chrono::month	classdef	1	presence only: presence	class month
3397	time.cal.month.overview	chrono	std::chrono::month::month	function	1		month() = default
3398	time.cal.month.overview	chrono	std::chrono::month::month	function	1		constexpr explicit month(unsigned m)noexcept
3399	time.cal.month.overview	chrono	std::chrono::month::operator++	function	2		constexpr month&operator++()noexcept
3400	time.cal.month.overview	chrono	std::chrono::month::operator++	function	2		constexpr month operator++(int)noexcept
3401	time.cal.month.overview	chrono	std::chrono::month::operator--	function	2		constexpr month&operator--()noexcept
3402	time.cal.month.overview	chrono	std::chrono::month::operator--	function	2		constexpr month operator--(int)noexcept
3403	time.cal.month.overview	chrono	std::chrono::month::operator+=	function	2		constexpr month&operator+=(const months&m)noexcept
3404	time.cal.month.overview	chrono	std::chrono::month::operator-=	function	2		constexpr month&operator-=(const months&m)noexcept
3405	time.cal.month.overview	chrono	std::chrono::month::operator unsigned	function	3		constexpr explicit operator unsigned()const noexcept
3406	time.cal.month.overview	chrono	std::chrono::month::ok	function	2		constexpr bool ok()const noexcept
3407	time.cal.year.overview	chrono	std::chrono::year	classdef	1	presence only: presence	class year
3408	time.cal.year.overview	chrono	std::chrono::year::year	function	1		year() = default
3409	time.cal.year.overview	chrono	std::chrono::year::year	function	1		constexpr explicit year(int y)noexcept
3410	time.cal.year.overview	chrono	std::chrono::year::operator++	function	2		constexpr year&operator++()noexcept
3411	time.cal.year.overview	chrono	std::chrono::year::operator++	function	2		constexpr year operator++(int)noexcept
3412	time.cal.year.overview	chrono	std::chrono::year::operator--	function	2		constexpr year&operator--()noexcept
3413	time.cal.year.overview	chrono	std::chrono::year::operator--	function	2		constexpr year operator--(int)noexcept
3414	time.cal.year.overview	chrono	std::chrono::year::operator+=	function	2		constexpr year&operator+=(const years&y)noexcept
3415	time.cal.year.overview	chrono	std::chrono::year::operator-=	function	2		constexpr year&operator-=(const years&y)noexcept
3416	time.cal.year.overview	chrono	std::chrono::year::operator+	function	2		constexpr year operator+()const noexcept
3417	time.cal.year.overview	chrono	std::chrono::year::operator-	function	2		constexpr year operator-()const noexcept
3418	time.cal.year.overview	chrono	std::chrono::year::is_leap	function	2		constexpr bool is_leap()const noexcept
3419	time.cal.year.overview	chrono	std::chrono::year::operator int	function	3		constexpr explicit operator int()const noexcept
3420	time.cal.year.overview	chrono	std::chrono::year::ok	function	2		constexpr bool ok()const noexcept
3421	time.cal.year.overview	chrono	std::chrono::year::min	function	2		static constexpr year min()noexcept
3422	time.cal.year.overview	chrono	std::chrono::year::max	function	2		static constexpr year max()noexcept
3423	time.cal.wd.overview	chrono	std::chrono::weekday	classdef	1	presence only: presence	class weekday
3424	time.cal.wd.overview	chrono	std::chrono::weekday::weekday	function	1		weekday() = default
3425	time.cal.wd.overview	chrono	std::chrono::weekday::weekday	function	1		constexpr explicit weekday(unsigned wd)noexcept
3426	time.cal.wd.overview	chrono	std::chrono::weekday::weekday	function	1		constexpr weekday(const sys_days&dp)noexcept
3427	time.cal.wd.overview	chrono	std::chrono::weekday::weekday	function	1		constexpr explicit weekday(const local_days&dp)noexcept
3428	time.cal.wd.overview	chrono	std::chrono::weekday::operator++	function	2		constexpr weekday&operator++()noexcept
3429	time.cal.wd.overview	chrono	std::chrono::weekday::operator++	function	2		constexpr weekday operator++(int)noexcept
3430	time.cal.wd.overview	chrono	std::chrono::weekday::operator--	function	2		constexpr weekday&operator--()noexcept
3431	time.cal.wd.overview	chrono	std::chrono::weekday::operator--	function	2		constexpr weekday operator--(int)noexcept
3432	time.cal.wd.overview	chrono	std::chrono::weekday::operator+=	function	2		constexpr weekday&operator+=(const days&d)noexcept
3433	time.cal.wd.overview	chrono	std::chrono::weekday::operator-=	function	2		constexpr weekday&operator-=(const days&d)noexcept
3434	time.cal.wd.overview	chrono	std::chrono::weekday::c_encoding	function	2		constexpr unsigned c_encoding()const noexcept
3435	time.cal.wd.overview	chrono	std::chrono::weekday::iso_encoding	function	2		constexpr unsigned iso_encoding()const noexcept
3436	time.cal.wd.overview	chrono	std::chrono::weekday::ok	function	2		constexpr bool ok()const noexcept
3437	time.cal.wd.overview	chrono	std::chrono::weekday::operator[]	function	2		constexpr weekday_indexed operator[](unsigned index)const noexcept
3438	time.cal.wd.overview	chrono	std::chrono::weekday::operator[]	function	2		constexpr weekday_last operator[](last_spec)const noexcept
3439	time.cal.wdidx.overview	chrono	std::chrono::weekday_indexed	classdef	1	presence only: presence	class weekday_indexed
3440	time.cal.wdidx.overview	chrono	std::chrono::weekday_indexed::weekday_indexed	function	1		weekday_indexed() = default
3441	time.cal.wdidx.overview	chrono	std::chrono::weekday_indexed::weekday_indexed	function	1		constexpr weekday_indexed(const chrono::weekday&wd, unsigned index)noexcept
3442	time.cal.wdidx.overview	chrono	std::chrono::weekday_indexed::weekday	function	2		constexpr chrono::weekday weekday()const noexcept
3443	time.cal.wdidx.overview	chrono	std::chrono::weekday_indexed::index	function	2		constexpr unsigned index()const noexcept
3444	time.cal.wdidx.overview	chrono	std::chrono::weekday_indexed::ok	function	2		constexpr bool ok()const noexcept
3445	time.cal.wdlast.overview	chrono	std::chrono::weekday_last	classdef	1	presence only: presence	class weekday_last
3446	time.cal.wdlast.overview	chrono	std::chrono::weekday_last::weekday_last	function	1		constexpr explicit weekday_last(const chrono::weekday&wd)noexcept
3447	time.cal.wdlast.overview	chrono	std::chrono::weekday_last::weekday	function	2		constexpr chrono::weekday weekday()const noexcept
3448	time.cal.wdlast.overview	chrono	std::chrono::weekday_last::ok	function	2		constexpr bool ok()const noexcept
3449	time.cal.md.overview	chrono	std::chrono::month_day	classdef	1	presence only: presence	class month_day
3450	time.cal.md.overview	chrono	std::chrono::month_day::month_day	function	1		month_day() = default
3451	time.cal.md.overview	chrono	std::chrono::month_day::month_day	function	1		constexpr month_day(const chrono::month&m, const chrono::day&d)noexcept
3452	time.cal.md.overview	chrono	std::chrono::month_day::month	function	2		constexpr chrono::month month()const noexcept
3453	time.cal.md.overview	chrono	std::chrono::month_day::day	function	2		constexpr chrono::day day()const noexcept
3454	time.cal.md.overview	chrono	std::chrono::month_day::ok	function	2		constexpr bool ok()const noexcept
3455	time.cal.mdlast	chrono	std::chrono::month_day_last	classdef	1	presence only: presence	class month_day_last
3456	time.cal.mdlast	chrono	std::chrono::month_day_last::month_day_last	function	1		constexpr explicit month_day_last(const chrono::month&m)noexcept
3457	time.cal.mdlast	chrono	std::chrono::month_day_last::month	function	2		constexpr chrono::month month()const noexcept
3458	time.cal.mdlast	chrono	std::chrono::month_day_last::ok	function	2		constexpr bool ok()const noexcept
3459	time.cal.mwd.overview	chrono	std::chrono::month_weekday	classdef	1	presence only: presence	class month_weekday
3460	time.cal.mwd.overview	chrono	std::chrono::month_weekday::month_weekday	function	1		constexpr month_weekday(const chrono::month&m, const chrono::weekday_indexed&wdi)noexcept
3461	time.cal.mwd.overview	chrono	std::chrono::month_weekday::month	function	2		constexpr chrono::month month()const noexcept
3462	time.cal.mwd.overview	chrono	std::chrono::month_weekday::weekday_indexed	function	2		constexpr chrono::weekday_indexed weekday_indexed()const noexcept
3463	time.cal.mwd.overview	chrono	std::chrono::month_weekday::ok	function	2		constexpr bool ok()const noexcept
3464	time.cal.mwdlast.overview	chrono	std::chrono::month_weekday_last	classdef	1	presence only: presence	class month_weekday_last
3465	time.cal.mwdlast.overview	chrono	std::chrono::month_weekday_last::month_weekday_last	function	1		constexpr month_weekday_last(const chrono::month&m, const chrono::weekday_last&wdl)noexcept
3466	time.cal.mwdlast.overview	chrono	std::chrono::month_weekday_last::month	function	2		constexpr chrono::month month()const noexcept
3467	time.cal.mwdlast.overview	chrono	std::chrono::month_weekday_last::weekday_last	function	2		constexpr chrono::weekday_last weekday_last()const noexcept
3468	time.cal.mwdlast.overview	chrono	std::chrono::month_weekday_last::ok	function	2		constexpr bool ok()const noexcept
3469	time.cal.ym.overview	chrono	std::chrono::year_month	classdef	1	presence only: presence	class year_month
3470	time.cal.ym.overview	chrono	std::chrono::year_month::year_month	function	1		year_month() = default
3471	time.cal.ym.overview	chrono	std::chrono::year_month::year_month	function	1		constexpr year_month(const chrono::year&y, const chrono::month&m)noexcept
3472	time.cal.ym.overview	chrono	std::chrono::year_month::year	function	2		constexpr chrono::year year()const noexcept
3473	time.cal.ym.overview	chrono	std::chrono::year_month::month	function	2		constexpr chrono::month month()const noexcept
3474	time.cal.ym.overview	chrono	std::chrono::year_month::operator+=	function	2		constexpr year_month&operator+=(const months&dm)noexcept
3475	time.cal.ym.overview	chrono	std::chrono::year_month::operator-=	function	2		constexpr year_month&operator-=(const months&dm)noexcept
3476	time.cal.ym.overview	chrono	std::chrono::year_month::operator+=	function	2		constexpr year_month&operator+=(const years&dy)noexcept
3477	time.cal.ym.overview	chrono	std::chrono::year_month::operator-=	function	2		constexpr year_month&operator-=(const years&dy)noexcept
3478	time.cal.ym.overview	chrono	std::chrono::year_month::ok	function	2		constexpr bool ok()const noexcept
3479	time.cal.ymd.overview	chrono	std::chrono::year_month_day	classdef	1	presence only: presence	class year_month_day
3480	time.cal.ymd.overview	chrono	std::chrono::year_month_day::year_month_day	function	1		year_month_day() = default
3481	time.cal.ymd.overview	chrono	std::chrono::year_month_day::year_month_day	function	1		constexpr year_month_day(const chrono::year&y, const chrono::month&m, const chrono::day&d)noexcept
3482	time.cal.ymd.overview	chrono	std::chrono::year_month_day::year_month_day	function	1		constexpr year_month_day(const year_month_day_last&ymdl)noexcept
3483	time.cal.ymd.overview	chrono	std::chrono::year_month_day::year_month_day	function	1		constexpr year_month_day(const sys_days&dp)noexcept
3484	time.cal.ymd.overview	chrono	std::chrono::year_month_day::year_month_day	function	1		constexpr explicit year_month_day(const local_days&dp)noexcept
3485	time.cal.ymd.overview	chrono	std::chrono::year_month_day::operator+=	function	2		constexpr year_month_day&operator+=(const months&m)noexcept
3486	time.cal.ymd.overview	chrono	std::chrono::year_month_day::operator-=	function	2		constexpr year_month_day&operator-=(const months&m)noexcept
3487	time.cal.ymd.overview	chrono	std::chrono::year_month_day::operator+=	function	2		constexpr year_month_day&operator+=(const years&y)noexcept
3488	time.cal.ymd.overview	chrono	std::chrono::year_month_day::operator-=	function	2		constexpr year_month_day&operator-=(const years&y)noexcept
3489	time.cal.ymd.overview	chrono	std::chrono::year_month_day::year	function	2		constexpr chrono::year year()const noexcept
3490	time.cal.ymd.overview	chrono	std::chrono::year_month_day::month	function	2		constexpr chrono::month month()const noexcept
3491	time.cal.ymd.overview	chrono	std::chrono::year_month_day::day	function	2		constexpr chrono::day day()const noexcept
3492	time.cal.ymd.overview	chrono	std::chrono::year_month_day::operator sys_days	function	2		constexpr operator sys_days()const noexcept
3493	time.cal.ymd.overview	chrono	std::chrono::year_month_day::operator local_days	function	3		constexpr explicit operator local_days()const noexcept
3494	time.cal.ymd.overview	chrono	std::chrono::year_month_day::ok	function	2		constexpr bool ok()const noexcept
3495	time.cal.ymdlast.overview	chrono	std::chrono::year_month_day_last	classdef	1	presence only: presence	class year_month_day_last
3496	time.cal.ymdlast.overview	chrono	std::chrono::year_month_day_last::year_month_day_last	function	1		constexpr year_month_day_last(const chrono::year&y, const chrono::month_day_last&mdl)noexcept
3497	time.cal.ymdlast.overview	chrono	std::chrono::year_month_day_last::operator+=	function	2		constexpr year_month_day_last&operator+=(const months&m)noexcept
3498	time.cal.ymdlast.overview	chrono	std::chrono::year_month_day_last::operator-=	function	2		constexpr year_month_day_last&operator-=(const months&m)noexcept
3499	time.cal.ymdlast.overview	chrono	std::chrono::year_month_day_last::operator+=	function	2		constexpr year_month_day_last&operator+=(const years&y)noexcept
3500	time.cal.ymdlast.overview	chrono	std::chrono::year_month_day_last::operator-=	function	2		constexpr year_month_day_last&operator-=(const years&y)noexcept
3501	time.cal.ymdlast.overview	chrono	std::chrono::year_month_day_last::year	function	2		constexpr chrono::year year()const noexcept
3502	time.cal.ymdlast.overview	chrono	std::chrono::year_month_day_last::month	function	2		constexpr chrono::month month()const noexcept
3503	time.cal.ymdlast.overview	chrono	std::chrono::year_month_day_last::month_day_last	function	2		constexpr chrono::month_day_last month_day_last()const noexcept
3504	time.cal.ymdlast.overview	chrono	std::chrono::year_month_day_last::day	function	2		constexpr chrono::day day()const noexcept
3505	time.cal.ymdlast.overview	chrono	std::chrono::year_month_day_last::operator sys_days	function	2		constexpr operator sys_days()const noexcept
3506	time.cal.ymdlast.overview	chrono	std::chrono::year_month_day_last::operator local_days	function	3		constexpr explicit operator local_days()const noexcept
3507	time.cal.ymdlast.overview	chrono	std::chrono::year_month_day_last::ok	function	2		constexpr bool ok()const noexcept
3508	time.cal.ymwd.overview	chrono	std::chrono::year_month_weekday	classdef	1	presence only: presence	class year_month_weekday
3509	time.cal.ymwd.overview	chrono	std::chrono::year_month_weekday::year_month_weekday	function	1		year_month_weekday() = default
3510	time.cal.ymwd.overview	chrono	std::chrono::year_month_weekday::year_month_weekday	function	1		constexpr year_month_weekday(const chrono::year&y, const chrono::month&m, const chrono::weekday_indexed&wdi)noexcept
3511	time.cal.ymwd.overview	chrono	std::chrono::year_month_weekday::year_month_weekday	function	1		constexpr year_month_weekday(const sys_days&dp)noexcept
3512	time.cal.ymwd.overview	chrono	std::chrono::year_month_weekday::year_month_weekday	function	1		constexpr explicit year_month_weekday(const local_days&dp)noexcept
3513	time.cal.ymwd.overview	chrono	std::chrono::year_month_weekday::operator+=	function	2		constexpr year_month_weekday&operator+=(const months&m)noexcept
3514	time.cal.ymwd.overview	chrono	std::chrono::year_month_weekday::operator-=	function	2		constexpr year_month_weekday&operator-=(const months&m)noexcept
3515	time.cal.ymwd.overview	chrono	std::chrono::year_month_weekday::operator+=	function	2		constexpr year_month_weekday&operator+=(const years&y)noexcept
3516	time.cal.ymwd.overview	chrono	std::chrono::year_month_weekday::operator-=	function	2		constexpr year_month_weekday&operator-=(const years&y)noexcept
3517	time.cal.ymwd.overview	chrono	std::chrono::year_month_weekday::year	function	2		constexpr chrono::year year()const noexcept
3518	time.cal.ymwd.overview	chrono	std::chrono::year_month_weekday::month	function	2		constexpr chrono::month month()const noexcept
3519	time.cal.ymwd.overview	chrono	std::chrono::year_month_weekday::weekday	function	2		constexpr chrono::weekday weekday()const noexcept
3520	time.cal.ymwd.overview	chrono	std::chrono::year_month_weekday::index	function	2		constexpr unsigned index()const noexcept
3521	time.cal.ymwd.overview	chrono	std::chrono::year_month_weekday::weekday_indexed	function	2		constexpr chrono::weekday_indexed weekday_indexed()const noexcept
3522	time.cal.ymwd.overview	chrono	std::chrono::year_month_weekday::operator sys_days	function	2		constexpr operator sys_days()const noexcept
3523	time.cal.ymwd.overview	chrono	std::chrono::year_month_weekday::operator local_days	function	3		constexpr explicit operator local_days()const noexcept
3524	time.cal.ymwd.overview	chrono	std::chrono::year_month_weekday::ok	function	2		constexpr bool ok()const noexcept
3525	time.cal.ymwdlast.overview	chrono	std::chrono::year_month_weekday_last	classdef	1	presence only: presence	class year_month_weekday_last
3526	time.cal.ymwdlast.overview	chrono	std::chrono::year_month_weekday_last::year_month_weekday_last	function	1		constexpr year_month_weekday_last(const chrono::year&y, const chrono::month&m, const chrono::weekday_last&wdl)noexcept
3527	time.cal.ymwdlast.overview	chrono	std::chrono::year_month_weekday_last::operator+=	function	2		constexpr year_month_weekday_last&operator+=(const months&m)noexcept
3528	time.cal.ymwdlast.overview	chrono	std::chrono::year_month_weekday_last::operator-=	function	2		constexpr year_month_weekday_last&operator-=(const months&m)noexcept
3529	time.cal.ymwdlast.overview	chrono	std::chrono::year_month_weekday_last::operator+=	function	2		constexpr year_month_weekday_last&operator+=(const years&y)noexcept
3530	time.cal.ymwdlast.overview	chrono	std::chrono::year_month_weekday_last::operator-=	function	2		constexpr year_month_weekday_last&operator-=(const years&y)noexcept
3531	time.cal.ymwdlast.overview	chrono	std::chrono::year_month_weekday_last::year	function	2		constexpr chrono::year year()const noexcept
3532	time.cal.ymwdlast.overview	chrono	std::chrono::year_month_weekday_last::month	function	2		constexpr chrono::month month()const noexcept
3533	time.cal.ymwdlast.overview	chrono	std::chrono::year_month_weekday_last::weekday	function	2		constexpr chrono::weekday weekday()const noexcept
3534	time.cal.ymwdlast.overview	chrono	std::chrono::year_month_weekday_last::weekday_last	function	2		constexpr chrono::weekday_last weekday_last()const noexcept
3535	time.cal.ymwdlast.overview	chrono	std::chrono::year_month_weekday_last::operator sys_days	function	2		constexpr operator sys_days()const noexcept
3536	time.cal.ymwdlast.overview	chrono	std::chrono::year_month_weekday_last::operator local_days	function	3		constexpr explicit operator local_days()const noexcept
3537	time.cal.ymwdlast.overview	chrono	std::chrono::year_month_weekday_last::ok	function	2		constexpr bool ok()const noexcept
3538	time.hms.overview	chrono	std::chrono::hh_mm_ss	classdef	1	presence only: presence	class hh_mm_ss
3539	time.hms.overview	chrono	std::chrono::hh_mm_ss::fractional_width	variable	1		static constexpr unsigned fractional_width = ⟨see below⟩
3540	time.hms.overview	chrono	std::chrono::hh_mm_ss::precision	alias	1		using precision = ⟨see below⟩
3541	time.hms.overview	chrono	std::chrono::hh_mm_ss::hh_mm_ss	function	1		constexpr hh_mm_ss()noexcept:hh_mm_ss
3542	time.hms.overview	chrono	std::chrono::hh_mm_ss::is_negative	function	2		constexpr bool is_negative()const noexcept
3543	time.hms.overview	chrono	std::chrono::hh_mm_ss::hours	function	2		constexpr chrono::hours hours()const noexcept
3544	time.hms.overview	chrono	std::chrono::hh_mm_ss::minutes	function	2		constexpr chrono::minutes minutes()const noexcept
3545	time.hms.overview	chrono	std::chrono::hh_mm_ss::seconds	function	2		constexpr chrono::seconds seconds()const noexcept
3546	time.hms.overview	chrono	std::chrono::hh_mm_ss::subseconds	function	2		constexpr precision subseconds()const noexcept
3547	time.hms.overview	chrono	std::chrono::hh_mm_ss::operator precision	function	3		constexpr explicit operator precision()const noexcept
3548	time.hms.overview	chrono	std::chrono::hh_mm_ss::to_duration	function	2		constexpr precision to_duration()const noexcept
3549	time.zone.db.tzdb	chrono	std::chrono::tzdb	classdef	1	presence only: presence	struct tzdb
3550	time.zone.db.tzdb	chrono	std::chrono::tzdb::version	variable	1		string version
3551	time.zone.db.tzdb	chrono	std::chrono::tzdb::zones	variable	1		vector<time_zone>zones
3552	time.zone.db.tzdb	chrono	std::chrono::tzdb::links	variable	1		vector<time_zone_link>links
3553	time.zone.db.tzdb	chrono	std::chrono::tzdb::leap_seconds	variable	1		vector<leap_second>leap_seconds
3554	time.zone.db.tzdb	chrono	std::chrono::tzdb::locate_zone	function	1		const time_zone*locate_zone(string_view tz_name)const
3555	time.zone.db.tzdb	chrono	std::chrono::tzdb::current_zone	function	1		const time_zone*current_zone()const
3556	time.zone.db.list	chrono	std::chrono::tzdb_list	classdef	1	presence only: presence	class tzdb_list
3557	time.zone.db.list	chrono	std::chrono::tzdb_list::tzdb_list	function	1		tzdb_list(const tzdb_list&) = delete
3558	time.zone.db.list	chrono	std::chrono::tzdb_list::operator=	function	1		tzdb_list&operator = (const tzdb_list&) = delete
3559	time.zone.db.list	chrono	std::chrono::tzdb_list::const_iterator	classdecl	1	presence only: presence	class const_iterator
3560	time.zone.db.list	chrono	std::chrono::tzdb_list::front	function	1		const tzdb&front()const noexcept
3561	time.zone.db.list	chrono	std::chrono::tzdb_list::erase_after	function	1		const_iterator erase_after(const_iterator p)
3562	time.zone.db.list	chrono	std::chrono::tzdb_list::begin	function	1		const_iterator begin()const noexcept
3563	time.zone.db.list	chrono	std::chrono::tzdb_list::end	function	1		const_iterator end()const noexcept
3564	time.zone.db.list	chrono	std::chrono::tzdb_list::cbegin	function	1		const_iterator cbegin()const noexcept
3565	time.zone.db.list	chrono	std::chrono::tzdb_list::cend	function	1		const_iterator cend()const noexcept
3566	time.zone.exception.nonexist	chrono	std::chrono::nonexistent_local_time	classdef	2		class nonexistent_local_time:public runtime_error
3567	time.zone.exception.nonexist	chrono	std::chrono::nonexistent_local_time::nonexistent_local_time	function	1		nonexistent_local_time(const local_time<Duration>&tp, const local_info&i)
3568	time.zone.exception.ambig	chrono	std::chrono::ambiguous_local_time	classdef	2		class ambiguous_local_time:public runtime_error
3569	time.zone.exception.ambig	chrono	std::chrono::ambiguous_local_time::ambiguous_local_time	function	1		ambiguous_local_time(const local_time<Duration>&tp, const local_info&i)
3570	time.zone.info.sys	chrono	std::chrono::sys_info	classdef	1	presence only: presence	struct sys_info
3571	time.zone.info.sys	chrono	std::chrono::sys_info::begin	variable	1		sys_seconds begin
3572	time.zone.info.sys	chrono	std::chrono::sys_info::end	variable	1		sys_seconds end
3573	time.zone.info.sys	chrono	std::chrono::sys_info::offset	variable	1		seconds offset
3574	time.zone.info.sys	chrono	std::chrono::sys_info::save	variable	1		minutes save
3575	time.zone.info.sys	chrono	std::chrono::sys_info::abbrev	variable	1		string abbrev
3576	time.zone.info.local	chrono	std::chrono::local_info	classdef	1	presence only: presence	struct local_info
3577	time.zone.info.local	chrono	std::chrono::local_info::unique	variable	1		static constexpr int unique = 0
3578	time.zone.info.local	chrono	std::chrono::local_info::nonexistent	variable	1		static constexpr int nonexistent = 1
3579	time.zone.info.local	chrono	std::chrono::local_info::ambiguous	variable	1		static constexpr int ambiguous = 2
3580	time.zone.info.local	chrono	std::chrono::local_info::result	variable	1		int result
3581	time.zone.info.local	chrono	std::chrono::local_info::first	variable	1		sys_info first
3582	time.zone.info.local	chrono	std::chrono::local_info::second	variable	1		sys_info second
3583	time.zone.overview	chrono	std::chrono::time_zone	classdef	1	presence only: presence	class time_zone
3584	time.zone.overview	chrono	std::chrono::time_zone::time_zone	function	1		time_zone(time_zone&&) = default
3585	time.zone.overview	chrono	std::chrono::time_zone::operator=	function	1		time_zone&operator = (time_zone&&) = default
3586	time.zone.overview	chrono	std::chrono::time_zone::name	function	1		string_view name()const noexcept
3587	time.zone.overview	chrono	std::chrono::time_zone::get_info	function	1		sys_info get_info(const sys_time<Duration>&st)const
3588	time.zone.overview	chrono	std::chrono::time_zone::get_info	function	1		local_info get_info(const local_time<Duration>&tp)const
3589	time.zone.overview	chrono	std::chrono::time_zone::to_sys	function	1		sys_time<common_type_t<Duration, seconds>>to_sys(const local_time<Duration>&tp)const
3590	time.zone.overview	chrono	std::chrono::time_zone::to_sys	function	1		sys_time<common_type_t<Duration, seconds>>to_sys(const local_time<Duration>&tp, choose z)const
3591	time.zone.overview	chrono	std::chrono::time_zone::to_local	function	1		local_time<common_type_t<Duration, seconds>>to_local(const sys_time<Duration>&tp)const
3592	time.zone.zonedtraits	chrono	std::chrono::zoned_traits	classdef	1	presence only: presence	struct zoned_traits
3593	time.zone.zonedtraits	chrono	std::chrono::zoned_traits	classdef	1		struct zoned_traits<const time_zone*>
3594	time.zone.zonedtraits	chrono	std::chrono::zoned_traits::default_zone	function	1		static const time_zone*default_zone()
3595	time.zone.zonedtraits	chrono	std::chrono::zoned_traits::locate_zone	function	1		static const time_zone*locate_zone(string_view name)
3596	time.zone.zonedtime.overview	chrono	std::chrono::zoned_time	classdef	1	presence only: presence	class zoned_time
3597	time.zone.zonedtime.overview	chrono	std::chrono::zoned_time::duration	alias	1		using duration = common_type_t<Duration, seconds>
3598	time.zone.zonedtime.overview	chrono	std::chrono::zoned_time::zoned_time	function	1		zoned_time()
3599	time.zone.zonedtime.overview	chrono	std::chrono::zoned_time::zoned_time	function	1		zoned_time(const zoned_time&) = default
3600	time.zone.zonedtime.overview	chrono	std::chrono::zoned_time::operator=	function	1		zoned_time&operator = (const zoned_time&) = default
3601	time.zone.zonedtime.overview	chrono	std::chrono::zoned_time::zoned_time	function	1		zoned_time(const sys_time<Duration>&st)
3602	time.zone.zonedtime.overview	chrono	std::chrono::zoned_time::zoned_time	function	1		explicit zoned_time(TimeZonePtr z)
3603	time.zone.zonedtime.overview	chrono	std::chrono::zoned_time::zoned_time	function	1		explicit zoned_time(string_view name)
3604	time.zone.zonedtime.overview	chrono	std::chrono::zoned_time::zoned_time	function	1		zoned_time(const zoned_time<Duration2, TimeZonePtr>&y)
3605	time.zone.zonedtime.overview	chrono	std::chrono::zoned_time::zoned_time	function	1		zoned_time(TimeZonePtr z, const sys_time<Duration>&st)
3606	time.zone.zonedtime.overview	chrono	std::chrono::zoned_time::zoned_time	function	1		zoned_time(string_view name, const sys_time<Duration>&st)
3607	time.zone.zonedtime.overview	chrono	std::chrono::zoned_time::zoned_time	function	1		zoned_time(TimeZonePtr z, const local_time<Duration>&tp)
3608	time.zone.zonedtime.overview	chrono	std::chrono::zoned_time::zoned_time	function	1		zoned_time(string_view name, const local_time<Duration>&tp)
3609	time.zone.zonedtime.overview	chrono	std::chrono::zoned_time::zoned_time	function	1		zoned_time(TimeZonePtr z, const local_time<Duration>&tp, choose c)
3610	time.zone.zonedtime.overview	chrono	std::chrono::zoned_time::zoned_time	function	1		zoned_time(string_view name, const local_time<Duration>&tp, choose c)
3611	time.zone.zonedtime.overview	chrono	std::chrono::zoned_time::zoned_time	function	1		zoned_time(TimeZonePtr z, const zoned_time<Duration2, TimeZonePtr2>&y)
3612	time.zone.zonedtime.overview	chrono	std::chrono::zoned_time::zoned_time	function	1		zoned_time(TimeZonePtr z, const zoned_time<Duration2, TimeZonePtr2>&y, choose)
3613	time.zone.zonedtime.overview	chrono	std::chrono::zoned_time::zoned_time	function	1		zoned_time(string_view name, const zoned_time<Duration2, TimeZonePtr2>&y)
3614	time.zone.zonedtime.overview	chrono	std::chrono::zoned_time::zoned_time	function	1		zoned_time(string_view name, const zoned_time<Duration2, TimeZonePtr2>&y, choose c)
3615	time.zone.zonedtime.overview	chrono	std::chrono::zoned_time::operator=	function	1		zoned_time&operator = (const sys_time<Duration>&st)
3616	time.zone.zonedtime.overview	chrono	std::chrono::zoned_time::operator=	function	1		zoned_time&operator = (const local_time<Duration>&lt)
3617	time.zone.zonedtime.overview	chrono	std::chrono::zoned_time::operator sys_time<duration>	function	1		operator sys_time<duration>()const
3618	time.zone.zonedtime.overview	chrono	std::chrono::zoned_time::operator local_time<duration>	function	2		explicit operator local_time<duration>()const
3619	time.zone.zonedtime.overview	chrono	std::chrono::zoned_time::get_time_zone	function	1		TimeZonePtr get_time_zone()const
3620	time.zone.zonedtime.overview	chrono	std::chrono::zoned_time::get_local_time	function	1		local_time<duration>get_local_time()const
3621	time.zone.zonedtime.overview	chrono	std::chrono::zoned_time::get_sys_time	function	1		sys_time<duration>get_sys_time()const
3622	time.zone.zonedtime.overview	chrono	std::chrono::zoned_time::get_info	function	1		sys_info get_info()const
3623	time.zone.zonedtime.overview	chrono	std::chrono::zoned_time	guide	1		zoned_time()->zoned_time<seconds>
3624	time.zone.zonedtime.overview	chrono	std::chrono::zoned_time	guide	1		zoned_time(sys_time<Duration>)->zoned_time<common_type_t<Duration, seconds>>
3625	time.zone.zonedtime.overview	chrono	std::chrono::zoned_time	guide	0	not probed (no sample, or a hidden friend whose signature is exposition-only)	zoned_time(TimeZonePtrOrName&&)->zoned_time<seconds, ⟨time-zone-representation⟩<TimeZonePtrOrName>>
3626	time.zone.zonedtime.overview	chrono	std::chrono::zoned_time	guide	0	not probed (no sample, or a hidden friend whose signature is exposition-only)	zoned_time(TimeZonePtrOrName&&, sys_time<Duration>)->zoned_time<common_type_t<Duration, seconds>, ⟨time-zone-representation⟩<TimeZonePtrOrName>>
3627	time.zone.zonedtime.overview	chrono	std::chrono::zoned_time	guide	0	not probed (no sample, or a hidden friend whose signature is exposition-only)	zoned_time(TimeZonePtrOrName&&, local_time<Duration>, choose = choose::earliest)->zoned_time<common_type_t<Duration, seconds>, ⟨time-zone-representation⟩<TimeZonePtrOrName>>
3628	time.zone.zonedtime.overview	chrono	std::chrono::zoned_time	guide	0	not probed (no sample, or a hidden friend whose signature is exposition-only)	zoned_time(TimeZonePtrOrName&&, zoned_time<Duration, TimeZonePtr2>, choose = choose::earliest)->zoned_time<common_type_t<Duration, seconds>, ⟨time-zone-representation⟩<TimeZonePtrOrName>>
3629	time.zone.leap.overview	chrono	std::chrono::leap_second	classdef	1	presence only: presence	class leap_second
3630	time.zone.leap.overview	chrono	std::chrono::leap_second::leap_second	function	1		leap_second(const leap_second&) = default
3631	time.zone.leap.overview	chrono	std::chrono::leap_second::operator=	function	1		leap_second&operator = (const leap_second&) = default
3632	time.zone.leap.overview	chrono	std::chrono::leap_second::date	function	2		constexpr sys_seconds date()const noexcept
3633	time.zone.leap.overview	chrono	std::chrono::leap_second::value	function	2		constexpr seconds value()const noexcept
3634	time.zone.link.overview	chrono	std::chrono::time_zone_link	classdef	1	presence only: presence	class time_zone_link
3635	time.zone.link.overview	chrono	std::chrono::time_zone_link::time_zone_link	function	1		time_zone_link(time_zone_link&&) = default
3636	time.zone.link.overview	chrono	std::chrono::time_zone_link::operator=	function	1		time_zone_link&operator = (time_zone_link&&) = default
3637	time.zone.link.overview	chrono	std::chrono::time_zone_link::name	function	1		string_view name()const noexcept
3638	time.zone.link.overview	chrono	std::chrono::time_zone_link::target	function	1		string_view target()const noexcept
3639	ctime.syn	ctime	std::size_t	alias	1		using size_t = ⟨see [support.types.layout]⟩
3640	ctime.syn	ctime	std::clock_t	alias	1		using clock_t = ⟨see below⟩
3641	ctime.syn	ctime	std::time_t	alias	1		using time_t = ⟨see below⟩
3642	ctime.syn	ctime	std::timespec	classdecl	1	presence only: presence	struct timespec
3643	ctime.syn	ctime	std::tm	classdecl	1	presence only: presence	struct tm
3644	ctime.syn	ctime	std::clock	function	1		clock_t clock()
3645	ctime.syn	ctime	std::difftime	function	1		double difftime(time_t time1, time_t time0)
3646	ctime.syn	ctime	std::mktime	function	1		time_t mktime(tm*timeptr)
3647	ctime.syn	ctime	std::timegm	function	1		time_t timegm(tm*timeptr)
3648	ctime.syn	ctime	std::time	function	1		time_t time(time_t*timer)
3649	ctime.syn	ctime	std::timespec_get	function	1		int timespec_get(timespec*ts, int base)
3650	ctime.syn	ctime	std::timespec_getres	function	1		int timespec_getres(timespec*ts, int base)
3651	ctime.syn	ctime	std::gmtime	function	1		tm*gmtime(const time_t*timer)
3652	ctime.syn	ctime	std::gmtime_r	function	1		tm*gmtime_r(const time_t*timer, tm*buf)
3653	ctime.syn	ctime	std::localtime	function	1		tm*localtime(const time_t*timer)
3654	ctime.syn	ctime	std::localtime_r	function	1		tm*localtime_r(const time_t*timer, tm*buf)
3655	ctime.syn	ctime	std::strftime	function	1		size_t strftime(char*s, size_t maxsize, const char*format, const tm*timeptr)
3656	iosfwd.syn	iosfwd	std::char_traits	classdecl	1	presence only: presence	struct char_traits
3657	iosfwd.syn	iosfwd	std::char_traits	classdecl	1		struct char_traits<char>
3658	iosfwd.syn	iosfwd	std::char_traits	classdecl	1		struct char_traits<char8_t>
3659	iosfwd.syn	iosfwd	std::char_traits	classdecl	1		struct char_traits<char16_t>
3660	iosfwd.syn	iosfwd	std::char_traits	classdecl	1		struct char_traits<char32_t>
3661	iosfwd.syn	iosfwd	std::char_traits	classdecl	1		struct char_traits<wchar_t>
3662	iosfwd.syn	iosfwd	std::allocator	classdecl	1	presence only: presence	class allocator
3663	iosfwd.syn	iosfwd	std::basic_ios	classdecl	1	presence only: presence	class basic_ios
3664	iosfwd.syn	iosfwd	std::basic_streambuf	classdecl	1	presence only: presence	class basic_streambuf
3665	iosfwd.syn	iosfwd	std::basic_istream	classdecl	1	presence only: presence	class basic_istream
3666	iosfwd.syn	iosfwd	std::basic_ostream	classdecl	1	presence only: presence	class basic_ostream
3667	iosfwd.syn	iosfwd	std::basic_iostream	classdecl	1	presence only: presence	class basic_iostream
3668	iosfwd.syn	iosfwd	std::basic_stringbuf	classdecl	1	presence only: presence	class basic_stringbuf
3669	iosfwd.syn	iosfwd	std::basic_istringstream	classdecl	1	presence only: presence	class basic_istringstream
3670	iosfwd.syn	iosfwd	std::basic_ostringstream	classdecl	1	presence only: presence	class basic_ostringstream
3671	iosfwd.syn	iosfwd	std::basic_stringstream	classdecl	1	presence only: presence	class basic_stringstream
3672	iosfwd.syn	iosfwd	std::basic_spanbuf	classdecl	1	presence only: presence	class basic_spanbuf
3673	iosfwd.syn	iosfwd	std::basic_ispanstream	classdecl	1	presence only: presence	class basic_ispanstream
3674	iosfwd.syn	iosfwd	std::basic_ospanstream	classdecl	1	presence only: presence	class basic_ospanstream
3675	iosfwd.syn	iosfwd	std::basic_spanstream	classdecl	1	presence only: presence	class basic_spanstream
3676	iosfwd.syn	iosfwd	std::basic_filebuf	classdecl	1	presence only: presence	class basic_filebuf
3677	iosfwd.syn	iosfwd	std::basic_ifstream	classdecl	1	presence only: presence	class basic_ifstream
3678	iosfwd.syn	iosfwd	std::basic_ofstream	classdecl	1	presence only: presence	class basic_ofstream
3679	iosfwd.syn	iosfwd	std::basic_fstream	classdecl	1	presence only: presence	class basic_fstream
3680	iosfwd.syn	iosfwd	std::basic_syncbuf	classdecl	1	presence only: presence	class basic_syncbuf
3681	iosfwd.syn	iosfwd	std::basic_osyncstream	classdecl	1	presence only: presence	class basic_osyncstream
3682	iosfwd.syn	iosfwd	std::istreambuf_iterator	classdecl	1	presence only: presence	class istreambuf_iterator
3683	iosfwd.syn	iosfwd	std::ostreambuf_iterator	classdecl	1	presence only: presence	class ostreambuf_iterator
3684	iosfwd.syn	iosfwd	std::ios	alias	1		using ios = basic_ios<char>
3685	iosfwd.syn	iosfwd	std::wios	alias	1		using wios = basic_ios<wchar_t>
3686	iosfwd.syn	iosfwd	std::streambuf	alias	1		using streambuf = basic_streambuf<char>
3687	iosfwd.syn	iosfwd	std::istream	alias	1		using istream = basic_istream<char>
3688	iosfwd.syn	iosfwd	std::ostream	alias	1		using ostream = basic_ostream<char>
3689	iosfwd.syn	iosfwd	std::iostream	alias	1		using iostream = basic_iostream<char>
3690	iosfwd.syn	iosfwd	std::stringbuf	alias	1		using stringbuf = basic_stringbuf<char>
3691	iosfwd.syn	iosfwd	std::istringstream	alias	1		using istringstream = basic_istringstream<char>
3692	iosfwd.syn	iosfwd	std::ostringstream	alias	1		using ostringstream = basic_ostringstream<char>
3693	iosfwd.syn	iosfwd	std::stringstream	alias	1		using stringstream = basic_stringstream<char>
3694	iosfwd.syn	iosfwd	std::spanbuf	alias	1		using spanbuf = basic_spanbuf<char>
3695	iosfwd.syn	iosfwd	std::ispanstream	alias	1		using ispanstream = basic_ispanstream<char>
3696	iosfwd.syn	iosfwd	std::ospanstream	alias	1		using ospanstream = basic_ospanstream<char>
3697	iosfwd.syn	iosfwd	std::spanstream	alias	1		using spanstream = basic_spanstream<char>
3698	iosfwd.syn	iosfwd	std::filebuf	alias	1		using filebuf = basic_filebuf<char>
3699	iosfwd.syn	iosfwd	std::ifstream	alias	1		using ifstream = basic_ifstream<char>
3700	iosfwd.syn	iosfwd	std::ofstream	alias	1		using ofstream = basic_ofstream<char>
3701	iosfwd.syn	iosfwd	std::fstream	alias	1		using fstream = basic_fstream<char>
3702	iosfwd.syn	iosfwd	std::syncbuf	alias	1		using syncbuf = basic_syncbuf<char>
3703	iosfwd.syn	iosfwd	std::osyncstream	alias	1		using osyncstream = basic_osyncstream<char>
3704	iosfwd.syn	iosfwd	std::wstreambuf	alias	1		using wstreambuf = basic_streambuf<wchar_t>
3705	iosfwd.syn	iosfwd	std::wistream	alias	1		using wistream = basic_istream<wchar_t>
3706	iosfwd.syn	iosfwd	std::wostream	alias	1		using wostream = basic_ostream<wchar_t>
3707	iosfwd.syn	iosfwd	std::wiostream	alias	1		using wiostream = basic_iostream<wchar_t>
3708	iosfwd.syn	iosfwd	std::wstringbuf	alias	1		using wstringbuf = basic_stringbuf<wchar_t>
3709	iosfwd.syn	iosfwd	std::wistringstream	alias	1		using wistringstream = basic_istringstream<wchar_t>
3710	iosfwd.syn	iosfwd	std::wostringstream	alias	1		using wostringstream = basic_ostringstream<wchar_t>
3711	iosfwd.syn	iosfwd	std::wstringstream	alias	1		using wstringstream = basic_stringstream<wchar_t>
3712	iosfwd.syn	iosfwd	std::wspanbuf	alias	1		using wspanbuf = basic_spanbuf<wchar_t>
3713	iosfwd.syn	iosfwd	std::wispanstream	alias	1		using wispanstream = basic_ispanstream<wchar_t>
3714	iosfwd.syn	iosfwd	std::wospanstream	alias	1		using wospanstream = basic_ospanstream<wchar_t>
3715	iosfwd.syn	iosfwd	std::wspanstream	alias	1		using wspanstream = basic_spanstream<wchar_t>
3716	iosfwd.syn	iosfwd	std::wfilebuf	alias	1		using wfilebuf = basic_filebuf<wchar_t>
3717	iosfwd.syn	iosfwd	std::wifstream	alias	1		using wifstream = basic_ifstream<wchar_t>
3718	iosfwd.syn	iosfwd	std::wofstream	alias	1		using wofstream = basic_ofstream<wchar_t>
3719	iosfwd.syn	iosfwd	std::wfstream	alias	1		using wfstream = basic_fstream<wchar_t>
3720	iosfwd.syn	iosfwd	std::wsyncbuf	alias	1		using wsyncbuf = basic_syncbuf<wchar_t>
3721	iosfwd.syn	iosfwd	std::wosyncstream	alias	1		using wosyncstream = basic_osyncstream<wchar_t>
3722	iosfwd.syn	iosfwd	std::fpos	classdecl	1	presence only: presence	class fpos
3723	iosfwd.syn	iosfwd	std::streampos	alias	1		using streampos = fpos<char_traits<char>::state_type>
3724	iosfwd.syn	iosfwd	std::wstreampos	alias	1		using wstreampos = fpos<char_traits<wchar_t>::state_type>
3725	iosfwd.syn	iosfwd	std::u8streampos	alias	1		using u8streampos = fpos<char_traits<char8_t>::state_type>
3726	iosfwd.syn	iosfwd	std::u16streampos	alias	1		using u16streampos = fpos<char_traits<char16_t>::state_type>
3727	iosfwd.syn	iosfwd	std::u32streampos	alias	1		using u32streampos = fpos<char_traits<char32_t>::state_type>
3728	iostream.syn	iostream	std::cin	variable	1		extern istream cin
3729	iostream.syn	iostream	std::cout	variable	1		extern ostream cout
3730	iostream.syn	iostream	std::cerr	variable	1		extern ostream cerr
3731	iostream.syn	iostream	std::clog	variable	1		extern ostream clog
3732	iostream.syn	iostream	std::wcin	variable	1		extern wistream wcin
3733	iostream.syn	iostream	std::wcout	variable	1		extern wostream wcout
3734	iostream.syn	iostream	std::wcerr	variable	1		extern wostream wcerr
3735	iostream.syn	iostream	std::wclog	variable	1		extern wostream wclog
3736	ios.syn	ios	std::streamoff	alias	1		using streamoff = ⟨implementation-defined⟩
3737	ios.syn	ios	std::streamsize	alias	1		using streamsize = ⟨implementation-defined⟩
3738	ios.syn	ios	std::fpos	classdecl	1	presence only: presence	class fpos
3739	ios.syn	ios	std::ios_base	classdecl	1	presence only: presence	class ios_base
3740	ios.syn	ios	std::basic_ios	classdecl	1	presence only: presence	class basic_ios
3741	ios.syn	ios	std::boolalpha	function	1		ios_base&boolalpha(ios_base&str)
3742	ios.syn	ios	std::noboolalpha	function	1		ios_base&noboolalpha(ios_base&str)
3743	ios.syn	ios	std::showbase	function	1		ios_base&showbase(ios_base&str)
3744	ios.syn	ios	std::noshowbase	function	1		ios_base&noshowbase(ios_base&str)
3745	ios.syn	ios	std::showpoint	function	1		ios_base&showpoint(ios_base&str)
3746	ios.syn	ios	std::noshowpoint	function	1		ios_base&noshowpoint(ios_base&str)
3747	ios.syn	ios	std::showpos	function	1		ios_base&showpos(ios_base&str)
3748	ios.syn	ios	std::noshowpos	function	1		ios_base&noshowpos(ios_base&str)
3749	ios.syn	ios	std::skipws	function	1		ios_base&skipws(ios_base&str)
3750	ios.syn	ios	std::noskipws	function	1		ios_base&noskipws(ios_base&str)
3751	ios.syn	ios	std::uppercase	function	1		ios_base&uppercase(ios_base&str)
3752	ios.syn	ios	std::nouppercase	function	1		ios_base&nouppercase(ios_base&str)
3753	ios.syn	ios	std::unitbuf	function	1		ios_base&unitbuf(ios_base&str)
3754	ios.syn	ios	std::nounitbuf	function	1		ios_base&nounitbuf(ios_base&str)
3755	ios.syn	ios	std::internal	function	1		ios_base&internal(ios_base&str)
3756	ios.syn	ios	std::left	function	1		ios_base&left(ios_base&str)
3757	ios.syn	ios	std::right	function	1		ios_base&right(ios_base&str)
3758	ios.syn	ios	std::dec	function	1		ios_base&dec(ios_base&str)
3759	ios.syn	ios	std::hex	function	1		ios_base&hex(ios_base&str)
3760	ios.syn	ios	std::oct	function	1		ios_base&oct(ios_base&str)
3761	ios.syn	ios	std::fixed	function	1		ios_base&fixed(ios_base&str)
3762	ios.syn	ios	std::scientific	function	1		ios_base&scientific(ios_base&str)
3763	ios.syn	ios	std::hexfloat	function	1		ios_base&hexfloat(ios_base&str)
3764	ios.syn	ios	std::defaultfloat	function	1		ios_base&defaultfloat(ios_base&str)
3765	ios.syn	ios	std::io_errc	enumdef	2		enum class io_errc
3766	ios.syn	ios	std::is_error_code_enum	classdef	1		struct is_error_code_enum<io_errc>:public true_type
3767	ios.syn	ios	std::make_error_code	function	1		error_code make_error_code(io_errc e)noexcept
3768	ios.syn	ios	std::make_error_condition	function	1		error_condition make_error_condition(io_errc e)noexcept
3769	ios.syn	ios	std::iostream_category	function	1		const error_category&iostream_category()noexcept
3770	ios.base.general	ios	std::ios_base	classdef	1	presence only: presence	class ios_base
3771	ios.base.general	ios	std::ios_base::failure	classdecl	1	presence only: presence	class failure
3772	ios.base.general	ios	std::ios_base::fmtflags	alias	1		using fmtflags = ⟨T1⟩
3773	ios.base.general	ios	std::ios_base::boolalpha	variable	1		static constexpr fmtflags boolalpha = ⟨unspecified⟩
3774	ios.base.general	ios	std::ios_base::dec	variable	1		static constexpr fmtflags dec = ⟨unspecified⟩
3775	ios.base.general	ios	std::ios_base::fixed	variable	1		static constexpr fmtflags fixed = ⟨unspecified⟩
3776	ios.base.general	ios	std::ios_base::hex	variable	1		static constexpr fmtflags hex = ⟨unspecified⟩
3777	ios.base.general	ios	std::ios_base::internal	variable	1		static constexpr fmtflags internal = ⟨unspecified⟩
3778	ios.base.general	ios	std::ios_base::left	variable	1		static constexpr fmtflags left = ⟨unspecified⟩
3779	ios.base.general	ios	std::ios_base::oct	variable	1		static constexpr fmtflags oct = ⟨unspecified⟩
3780	ios.base.general	ios	std::ios_base::right	variable	1		static constexpr fmtflags right = ⟨unspecified⟩
3781	ios.base.general	ios	std::ios_base::scientific	variable	1		static constexpr fmtflags scientific = ⟨unspecified⟩
3782	ios.base.general	ios	std::ios_base::showbase	variable	1		static constexpr fmtflags showbase = ⟨unspecified⟩
3783	ios.base.general	ios	std::ios_base::showpoint	variable	1		static constexpr fmtflags showpoint = ⟨unspecified⟩
3784	ios.base.general	ios	std::ios_base::showpos	variable	1		static constexpr fmtflags showpos = ⟨unspecified⟩
3785	ios.base.general	ios	std::ios_base::skipws	variable	1		static constexpr fmtflags skipws = ⟨unspecified⟩
3786	ios.base.general	ios	std::ios_base::unitbuf	variable	1		static constexpr fmtflags unitbuf = ⟨unspecified⟩
3787	ios.base.general	ios	std::ios_base::uppercase	variable	1		static constexpr fmtflags uppercase = ⟨unspecified⟩
3788	ios.base.general	ios	std::ios_base::adjustfield	variable	1		static constexpr fmtflags adjustfield = ⟨see below⟩
3789	ios.base.general	ios	std::ios_base::basefield	variable	1		static constexpr fmtflags basefield = ⟨see below⟩
3790	ios.base.general	ios	std::ios_base::floatfield	variable	1		static constexpr fmtflags floatfield = ⟨see below⟩
3791	ios.base.general	ios	std::ios_base::iostate	alias	1		using iostate = ⟨T2⟩
3792	ios.base.general	ios	std::ios_base::badbit	variable	1		static constexpr iostate badbit = ⟨unspecified⟩
3793	ios.base.general	ios	std::ios_base::eofbit	variable	1		static constexpr iostate eofbit = ⟨unspecified⟩
3794	ios.base.general	ios	std::ios_base::failbit	variable	1		static constexpr iostate failbit = ⟨unspecified⟩
3795	ios.base.general	ios	std::ios_base::goodbit	variable	1		static constexpr iostate goodbit = ⟨see below⟩
3796	ios.base.general	ios	std::ios_base::openmode	alias	1		using openmode = ⟨T3⟩
3797	ios.base.general	ios	std::ios_base::app	variable	1		static constexpr openmode app = ⟨unspecified⟩
3798	ios.base.general	ios	std::ios_base::ate	variable	1		static constexpr openmode ate = ⟨unspecified⟩
3799	ios.base.general	ios	std::ios_base::binary	variable	1		static constexpr openmode binary = ⟨unspecified⟩
3800	ios.base.general	ios	std::ios_base::in	variable	1		static constexpr openmode in = ⟨unspecified⟩
3801	ios.base.general	ios	std::ios_base::noreplace	variable	1		static constexpr openmode noreplace = ⟨unspecified⟩
3802	ios.base.general	ios	std::ios_base::out	variable	1		static constexpr openmode out = ⟨unspecified⟩
3803	ios.base.general	ios	std::ios_base::trunc	variable	1		static constexpr openmode trunc = ⟨unspecified⟩
3804	ios.base.general	ios	std::ios_base::seekdir	alias	1		using seekdir = ⟨T4⟩
3805	ios.base.general	ios	std::ios_base::beg	variable	1		static constexpr seekdir beg = ⟨unspecified⟩
3806	ios.base.general	ios	std::ios_base::cur	variable	1		static constexpr seekdir cur = ⟨unspecified⟩
3807	ios.base.general	ios	std::ios_base::end	variable	1		static constexpr seekdir end = ⟨unspecified⟩
3808	ios.base.general	ios	std::ios_base::Init	classdecl	1	presence only: presence	class Init
3809	ios.base.general	ios	std::ios_base::flags	function	1		fmtflags flags()const
3810	ios.base.general	ios	std::ios_base::flags	function	1		fmtflags flags(fmtflags fmtfl)
3811	ios.base.general	ios	std::ios_base::setf	function	1		fmtflags setf(fmtflags fmtfl)
3812	ios.base.general	ios	std::ios_base::setf	function	1		fmtflags setf(fmtflags fmtfl, fmtflags mask)
3813	ios.base.general	ios	std::ios_base::unsetf	function	1		void unsetf(fmtflags mask)
3814	ios.base.general	ios	std::ios_base::precision	function	1		streamsize precision()const
3815	ios.base.general	ios	std::ios_base::precision	function	1		streamsize precision(streamsize prec)
3816	ios.base.general	ios	std::ios_base::width	function	1		streamsize width()const
3817	ios.base.general	ios	std::ios_base::width	function	1		streamsize width(streamsize wide)
3818	ios.base.general	ios	std::ios_base::imbue	function	1		locale imbue(const locale&loc)
3819	ios.base.general	ios	std::ios_base::getloc	function	1		locale getloc()const
3820	ios.base.general	ios	std::ios_base::xalloc	function	1		static int xalloc()
3821	ios.base.general	ios	std::ios_base::iword	function	1		long&iword(int idx)
3822	ios.base.general	ios	std::ios_base::pword	function	1		void*&pword(int idx)
3823	ios.base.general	ios	std::ios_base::~ios_base	function	1		virtual~ios_base()
3824	ios.base.general	ios	std::ios_base::event	enumdef	4		enum event
3825	ios.base.general	ios	std::ios_base::event_callback	alias	1		using event_callback = void(*)(event, ios_base&, int idx)
3826	ios.base.general	ios	std::ios_base::register_callback	function	1		void register_callback(event_callback fn, int idx)
3827	ios.base.general	ios	std::ios_base::ios_base	function	1		ios_base(const ios_base&) = delete
3828	ios.base.general	ios	std::ios_base::operator=	function	1		ios_base&operator = (const ios_base&) = delete
3829	ios.base.general	ios	std::ios_base::sync_with_stdio	function	2		static bool sync_with_stdio(bool sync = true)
3830	ios.base.general	ios	std::ios_base::ios_base	function	0	not probed (no sample, or a hidden friend whose signature is exposition-only)	ios_base()
3831	ios.failure	ios	std::ios_base::failure	classdef	2		class ios_base::failure:public system_error
3832	ios.failure	ios	std::ios_base::failure::failure	function	2		explicit failure(const string&msg, const error_code&ec = io_errc::stream)
3833	ios.failure	ios	std::ios_base::failure::failure	function	2		explicit failure(const char*msg, const error_code&ec = io_errc::stream)
3834	ios.init	ios	std::ios_base::Init	classdef	1	presence only: presence	class ios_base::Init
3835	ios.init	ios	std::ios_base::Init::Init	function	1		Init()
3836	ios.init	ios	std::ios_base::Init::Init	function	1		Init(const Init&) = default
3837	ios.init	ios	std::ios_base::Init::~Init	function	1		~Init()
3838	ios.init	ios	std::ios_base::Init::operator=	function	1		Init&operator = (const Init&) = default
3839	fpos.general	ios	std::fpos	classdef	1	presence only: presence	class fpos
3840	fpos.general	ios	std::fpos::state	function	1		stateT state()const
3841	fpos.general	ios	std::fpos::state	function	1		void state(stateT)
3842	ios.overview	ios	std::basic_ios	classdef	2		class basic_ios:public ios_base
3843	ios.overview	ios	std::basic_ios::char_type	alias	1		using char_type = charT
3844	ios.overview	ios	std::basic_ios::int_type	alias	1		using int_type = traits::int_type
3845	ios.overview	ios	std::basic_ios::pos_type	alias	1		using pos_type = traits::pos_type
3846	ios.overview	ios	std::basic_ios::off_type	alias	1		using off_type = traits::off_type
3847	ios.overview	ios	std::basic_ios::traits_type	alias	1		using traits_type = traits
3848	ios.overview	ios	std::basic_ios::operator bool	function	2		explicit operator bool()const
3849	ios.overview	ios	std::basic_ios::operator!	function	1		bool operator!()const
3850	ios.overview	ios	std::basic_ios::rdstate	function	1		iostate rdstate()const
3851	ios.overview	ios	std::basic_ios::clear	function	2		void clear(iostate state = goodbit)
3852	ios.overview	ios	std::basic_ios::setstate	function	1		void setstate(iostate state)
3853	ios.overview	ios	std::basic_ios::good	function	1		bool good()const
3854	ios.overview	ios	std::basic_ios::eof	function	1		bool eof()const
3855	ios.overview	ios	std::basic_ios::fail	function	1		bool fail()const
3856	ios.overview	ios	std::basic_ios::bad	function	1		bool bad()const
3857	ios.overview	ios	std::basic_ios::exceptions	function	1		iostate exceptions()const
3858	ios.overview	ios	std::basic_ios::exceptions	function	1		void exceptions(iostate except)
3859	ios.overview	ios	std::basic_ios::basic_ios	function	1		explicit basic_ios(basic_streambuf<charT, traits>*sb)
3860	ios.overview	ios	std::basic_ios::~basic_ios	function	1		virtual~basic_ios()
3861	ios.overview	ios	std::basic_ios::tie	function	1		basic_ostream<charT, traits>*tie()const
3862	ios.overview	ios	std::basic_ios::tie	function	1		basic_ostream<charT, traits>*tie(basic_ostream<charT, traits>*tiestr)
3863	ios.overview	ios	std::basic_ios::rdbuf	function	1		basic_streambuf<charT, traits>*rdbuf()const
3864	ios.overview	ios	std::basic_ios::rdbuf	function	1		basic_streambuf<charT, traits>*rdbuf(basic_streambuf<charT, traits>*sb)
3865	ios.overview	ios	std::basic_ios::copyfmt	function	1		basic_ios&copyfmt(const basic_ios&rhs)
3866	ios.overview	ios	std::basic_ios::fill	function	1		char_type fill()const
3867	ios.overview	ios	std::basic_ios::fill	function	1		char_type fill(char_type ch)
3868	ios.overview	ios	std::basic_ios::imbue	function	1		locale imbue(const locale&loc)
3869	ios.overview	ios	std::basic_ios::narrow	function	1		char narrow(char_type c, char dfault)const
3870	ios.overview	ios	std::basic_ios::widen	function	1		char_type widen(char c)const
3871	ios.overview	ios	std::basic_ios::basic_ios	function	1		basic_ios(const basic_ios&) = delete
3872	ios.overview	ios	std::basic_ios::operator=	function	1		basic_ios&operator = (const basic_ios&) = delete
3873	ios.overview	ios	std::basic_ios::basic_ios	function	0	not probed (no sample, or a hidden friend whose signature is exposition-only)	basic_ios()
3874	ios.overview	ios	std::basic_ios::init	function	1		void init(basic_streambuf<charT, traits>*sb)
3875	ios.overview	ios	std::basic_ios::move	function	1		void move(basic_ios&rhs)
3876	ios.overview	ios	std::basic_ios::move	function	1		void move(basic_ios&&rhs)
3877	ios.overview	ios	std::basic_ios::swap	function	1		void swap(basic_ios&rhs)noexcept
3878	ios.overview	ios	std::basic_ios::set_rdbuf	function	1		void set_rdbuf(basic_streambuf<charT, traits>*sb)
3879	streambuf.syn	streambuf	std::basic_streambuf	classdecl	1	presence only: presence	class basic_streambuf
3880	streambuf.syn	streambuf	std::streambuf	alias	1		using streambuf = basic_streambuf<char>
3881	streambuf.syn	streambuf	std::wstreambuf	alias	1		using wstreambuf = basic_streambuf<wchar_t>
3882	streambuf.general	streambuf	std::basic_streambuf	classdef	1	presence only: presence	class basic_streambuf
3883	streambuf.general	streambuf	std::basic_streambuf::char_type	alias	1		using char_type = charT
3884	streambuf.general	streambuf	std::basic_streambuf::int_type	alias	1		using int_type = traits::int_type
3885	streambuf.general	streambuf	std::basic_streambuf::pos_type	alias	1		using pos_type = traits::pos_type
3886	streambuf.general	streambuf	std::basic_streambuf::off_type	alias	1		using off_type = traits::off_type
3887	streambuf.general	streambuf	std::basic_streambuf::traits_type	alias	1		using traits_type = traits
3888	streambuf.general	streambuf	std::basic_streambuf::~basic_streambuf	function	1		virtual~basic_streambuf()
3889	streambuf.general	streambuf	std::basic_streambuf::pubimbue	function	1		locale pubimbue(const locale&loc)
3890	streambuf.general	streambuf	std::basic_streambuf::getloc	function	1		locale getloc()const
3891	streambuf.general	streambuf	std::basic_streambuf::pubsetbuf	function	1		basic_streambuf*pubsetbuf(char_type*s, streamsize n)
3892	streambuf.general	streambuf	std::basic_streambuf::pubseekoff	function	2		pos_type pubseekoff(off_type off, ios_base::seekdir way, ios_base::openmode which = ios_base::in|ios_base::out)
3893	streambuf.general	streambuf	std::basic_streambuf::pubseekpos	function	2		pos_type pubseekpos(pos_type sp, ios_base::openmode which = ios_base::in|ios_base::out)
3894	streambuf.general	streambuf	std::basic_streambuf::pubsync	function	1		int pubsync()
3895	streambuf.general	streambuf	std::basic_streambuf::in_avail	function	1		streamsize in_avail()
3896	streambuf.general	streambuf	std::basic_streambuf::snextc	function	1		int_type snextc()
3897	streambuf.general	streambuf	std::basic_streambuf::sbumpc	function	1		int_type sbumpc()
3898	streambuf.general	streambuf	std::basic_streambuf::sgetc	function	1		int_type sgetc()
3899	streambuf.general	streambuf	std::basic_streambuf::sgetn	function	1		streamsize sgetn(char_type*s, streamsize n)
3900	streambuf.general	streambuf	std::basic_streambuf::sputbackc	function	1		int_type sputbackc(char_type c)
3901	streambuf.general	streambuf	std::basic_streambuf::sungetc	function	1		int_type sungetc()
3902	streambuf.general	streambuf	std::basic_streambuf::sputc	function	1		int_type sputc(char_type c)
3903	streambuf.general	streambuf	std::basic_streambuf::sputn	function	1		streamsize sputn(const char_type*s, streamsize n)
3904	streambuf.general	streambuf	std::basic_streambuf::basic_streambuf	function	0	not probed (no sample, or a hidden friend whose signature is exposition-only)	basic_streambuf()
3905	streambuf.general	streambuf	std::basic_streambuf::basic_streambuf	function	0	not probed (no sample, or a hidden friend whose signature is exposition-only)	basic_streambuf(const basic_streambuf&rhs)
3906	streambuf.general	streambuf	std::basic_streambuf::operator=	function	1		basic_streambuf&operator = (const basic_streambuf&rhs)
3907	streambuf.general	streambuf	std::basic_streambuf::swap	function	1		void swap(basic_streambuf&rhs)
3908	streambuf.general	streambuf	std::basic_streambuf::eback	function	1		char_type*eback()const
3909	streambuf.general	streambuf	std::basic_streambuf::gptr	function	1		char_type*gptr()const
3910	streambuf.general	streambuf	std::basic_streambuf::egptr	function	1		char_type*egptr()const
3911	streambuf.general	streambuf	std::basic_streambuf::gbump	function	1		void gbump(int n)
3912	streambuf.general	streambuf	std::basic_streambuf::setg	function	1		void setg(char_type*gbeg, char_type*gnext, char_type*gend)
3913	streambuf.general	streambuf	std::basic_streambuf::pbase	function	1		char_type*pbase()const
3914	streambuf.general	streambuf	std::basic_streambuf::pptr	function	1		char_type*pptr()const
3915	streambuf.general	streambuf	std::basic_streambuf::epptr	function	1		char_type*epptr()const
3916	streambuf.general	streambuf	std::basic_streambuf::pbump	function	1		void pbump(int n)
3917	streambuf.general	streambuf	std::basic_streambuf::setp	function	1		void setp(char_type*pbeg, char_type*pend)
3918	streambuf.general	streambuf	std::basic_streambuf::imbue	function	1		virtual void imbue(const locale&loc)
3919	streambuf.general	streambuf	std::basic_streambuf::setbuf	function	1		virtual basic_streambuf*setbuf(char_type*s, streamsize n)
3920	streambuf.general	streambuf	std::basic_streambuf::seekoff	function	2		virtual pos_type seekoff(off_type off, ios_base::seekdir way, ios_base::openmode which = ios_base::in|ios_base::out)
3921	streambuf.general	streambuf	std::basic_streambuf::seekpos	function	2		virtual pos_type seekpos(pos_type sp, ios_base::openmode which = ios_base::in|ios_base::out)
3922	streambuf.general	streambuf	std::basic_streambuf::sync	function	1		virtual int sync()
3923	streambuf.general	streambuf	std::basic_streambuf::showmanyc	function	1		virtual streamsize showmanyc()
3924	streambuf.general	streambuf	std::basic_streambuf::xsgetn	function	1		virtual streamsize xsgetn(char_type*s, streamsize n)
3925	streambuf.general	streambuf	std::basic_streambuf::underflow	function	1		virtual int_type underflow()
3926	streambuf.general	streambuf	std::basic_streambuf::uflow	function	1		virtual int_type uflow()
3927	streambuf.general	streambuf	std::basic_streambuf::pbackfail	function	2		virtual int_type pbackfail(int_type c = traits::eof())
3928	streambuf.general	streambuf	std::basic_streambuf::xsputn	function	1		virtual streamsize xsputn(const char_type*s, streamsize n)
3929	streambuf.general	streambuf	std::basic_streambuf::overflow	function	2		virtual int_type overflow(int_type c = traits::eof())
3930	istream.syn	istream	std::basic_istream	classdecl	1	presence only: presence	class basic_istream
3931	istream.syn	istream	std::istream	alias	1		using istream = basic_istream<char>
3932	istream.syn	istream	std::wistream	alias	1		using wistream = basic_istream<wchar_t>
3933	istream.syn	istream	std::basic_iostream	classdecl	1	presence only: presence	class basic_iostream
3934	istream.syn	istream	std::iostream	alias	1		using iostream = basic_iostream<char>
3935	istream.syn	istream	std::wiostream	alias	1		using wiostream = basic_iostream<wchar_t>
3936	istream.syn	istream	std::ws	function	1		basic_istream<charT, traits>&ws(basic_istream<charT, traits>&is)
3937	istream.syn	istream	std::operator>>	function	1		Istream&&operator>>(Istream&&is, T&&x)
3938	ostream.syn	ostream	std::basic_ostream	classdecl	1	presence only: presence	class basic_ostream
3939	ostream.syn	ostream	std::ostream	alias	1		using ostream = basic_ostream<char>
3940	ostream.syn	ostream	std::wostream	alias	1		using wostream = basic_ostream<wchar_t>
3941	ostream.syn	ostream	std::endl	function	1		basic_ostream<charT, traits>&endl(basic_ostream<charT, traits>&os)
3942	ostream.syn	ostream	std::ends	function	1		basic_ostream<charT, traits>&ends(basic_ostream<charT, traits>&os)
3943	ostream.syn	ostream	std::flush	function	1		basic_ostream<charT, traits>&flush(basic_ostream<charT, traits>&os)
3944	ostream.syn	ostream	std::emit_on_flush	function	1		basic_ostream<charT, traits>&emit_on_flush(basic_ostream<charT, traits>&os)
3945	ostream.syn	ostream	std::noemit_on_flush	function	1		basic_ostream<charT, traits>&noemit_on_flush(basic_ostream<charT, traits>&os)
3946	ostream.syn	ostream	std::flush_emit	function	1		basic_ostream<charT, traits>&flush_emit(basic_ostream<charT, traits>&os)
3947	ostream.syn	ostream	std::operator<<	function	1		Ostream&&operator<<(Ostream&&os, const T&x)
3948	ostream.syn	ostream	std::print	function	1		void print(ostream&os, format_string<Args...>fmt, Args&&...args)
3949	ostream.syn	ostream	std::println	function	1		void println(ostream&os, format_string<Args...>fmt, Args&&...args)
3950	ostream.syn	ostream	std::println	function	1		void println(ostream&os)
3951	ostream.syn	ostream	std::vprint_unicode	function	1		void vprint_unicode(ostream&os, string_view fmt, format_args args)
3952	ostream.syn	ostream	std::vprint_nonunicode	function	1		void vprint_nonunicode(ostream&os, string_view fmt, format_args args)
3953	iomanip.syn	iomanip	std::resetiosflags	function	1		⟨unspecified⟩ resetiosflags(ios_base::fmtflags mask)
3954	iomanip.syn	iomanip	std::setiosflags	function	1		⟨unspecified⟩ setiosflags(ios_base::fmtflags mask)
3955	iomanip.syn	iomanip	std::setbase	function	1		⟨unspecified⟩ setbase(int base)
3956	iomanip.syn	iomanip	std::setfill	function	1		⟨unspecified⟩ setfill(charT c)
3957	iomanip.syn	iomanip	std::setprecision	function	1		⟨unspecified⟩ setprecision(int n)
3958	iomanip.syn	iomanip	std::setw	function	1		⟨unspecified⟩ setw(int n)
3959	iomanip.syn	iomanip	std::get_money	function	2		⟨unspecified⟩ get_money(moneyT&mon, bool intl = false)
3960	iomanip.syn	iomanip	std::put_money	function	2		⟨unspecified⟩ put_money(const moneyT&mon, bool intl = false)
3961	iomanip.syn	iomanip	std::get_time	function	1		⟨unspecified⟩ get_time(tm*tmb, const charT*fmt)
3962	iomanip.syn	iomanip	std::put_time	function	1		⟨unspecified⟩ put_time(const tm*tmb, const charT*fmt)
3963	iomanip.syn	iomanip	std::quoted	function	2		⟨unspecified⟩ quoted(const charT*s, charT delim = charT('"'), charT escape = charT('\\'))
3964	iomanip.syn	iomanip	std::quoted	function	2		⟨unspecified⟩ quoted(const basic_string<charT, traits, Allocator>&s, charT delim = charT('"'), charT escape = charT('\\'))
3965	iomanip.syn	iomanip	std::quoted	function	2		⟨unspecified⟩ quoted(basic_string<charT, traits, Allocator>&s, charT delim = charT('"'), charT escape = charT('\\'))
3966	iomanip.syn	iomanip	std::quoted	function	2		⟨unspecified⟩ quoted(basic_string_view<charT, traits>s, charT delim = charT('"'), charT escape = charT('\\'))
3967	print.syn	print	std::print	function	1		void print(format_string<Args...>fmt, Args&&...args)
3968	print.syn	print	std::print	function	1		void print(FILE*stream, format_string<Args...>fmt, Args&&...args)
3969	print.syn	print	std::println	function	1		void println(format_string<Args...>fmt, Args&&...args)
3970	print.syn	print	std::println	function	1		void println()
3971	print.syn	print	std::println	function	1		void println(FILE*stream, format_string<Args...>fmt, Args&&...args)
3972	print.syn	print	std::println	function	1		void println(FILE*stream)
3973	print.syn	print	std::vprint_unicode	function	1		void vprint_unicode(string_view fmt, format_args args)
3974	print.syn	print	std::vprint_unicode	function	1		void vprint_unicode(FILE*stream, string_view fmt, format_args args)
3975	print.syn	print	std::vprint_unicode_buffered	function	1		void vprint_unicode_buffered(FILE*stream, string_view fmt, format_args args)
3976	print.syn	print	std::vprint_nonunicode	function	1		void vprint_nonunicode(string_view fmt, format_args args)
3977	print.syn	print	std::vprint_nonunicode	function	1		void vprint_nonunicode(FILE*stream, string_view fmt, format_args args)
3978	print.syn	print	std::vprint_nonunicode_buffered	function	1		void vprint_nonunicode_buffered(FILE*stream, string_view fmt, format_args args)
3979	istream.general	istream	std::basic_istream	classdef	2		class basic_istream:virtual public basic_ios<charT, traits>
3980	istream.general	istream	std::basic_istream::char_type	alias	1		using char_type = charT
3981	istream.general	istream	std::basic_istream::int_type	alias	1		using int_type = traits::int_type
3982	istream.general	istream	std::basic_istream::pos_type	alias	1		using pos_type = traits::pos_type
3983	istream.general	istream	std::basic_istream::off_type	alias	1		using off_type = traits::off_type
3984	istream.general	istream	std::basic_istream::traits_type	alias	1		using traits_type = traits
3985	istream.general	istream	std::basic_istream::basic_istream	function	1		explicit basic_istream(basic_streambuf<charT, traits>*sb)
3986	istream.general	istream	std::basic_istream::~basic_istream	function	1		virtual~basic_istream()
3987	istream.general	istream	std::basic_istream::sentry	classdecl	1	presence only: presence	class sentry
3988	istream.general	istream	std::basic_istream::operator>>	function	1		basic_istream&operator>>(basic_istream&(*pf)(basic_istream&))
3989	istream.general	istream	std::basic_istream::operator>>	function	1		basic_istream&operator>>(basic_ios<charT, traits>&(*pf)(basic_ios<charT, traits>&))
3990	istream.general	istream	std::basic_istream::operator>>	function	1		basic_istream&operator>>(ios_base&(*pf)(ios_base&))
3991	istream.general	istream	std::basic_istream::operator>>	function	1		basic_istream&operator>>(bool&n)
3992	istream.general	istream	std::basic_istream::operator>>	function	1		basic_istream&operator>>(short&n)
3993	istream.general	istream	std::basic_istream::operator>>	function	1		basic_istream&operator>>(unsigned short&n)
3994	istream.general	istream	std::basic_istream::operator>>	function	1		basic_istream&operator>>(int&n)
3995	istream.general	istream	std::basic_istream::operator>>	function	1		basic_istream&operator>>(unsigned int&n)
3996	istream.general	istream	std::basic_istream::operator>>	function	1		basic_istream&operator>>(long&n)
3997	istream.general	istream	std::basic_istream::operator>>	function	1		basic_istream&operator>>(unsigned long&n)
3998	istream.general	istream	std::basic_istream::operator>>	function	1		basic_istream&operator>>(long long&n)
3999	istream.general	istream	std::basic_istream::operator>>	function	1		basic_istream&operator>>(unsigned long long&n)
4000	istream.general	istream	std::basic_istream::operator>>	function	1		basic_istream&operator>>(float&f)
4001	istream.general	istream	std::basic_istream::operator>>	function	1		basic_istream&operator>>(double&f)
4002	istream.general	istream	std::basic_istream::operator>>	function	1		basic_istream&operator>>(long double&f)
4003	istream.general	istream	std::basic_istream::operator>>	function	0	not probed (no sample, or a hidden friend whose signature is exposition-only)	basic_istream&operator>>(⟨extended-floating-point-type⟩&f)
4004	istream.general	istream	std::basic_istream::operator>>	function	1		basic_istream&operator>>(void*&p)
4005	istream.general	istream	std::basic_istream::operator>>	function	1		basic_istream&operator>>(basic_streambuf<char_type, traits>*sb)
4006	istream.general	istream	std::basic_istream::gcount	function	1		streamsize gcount()const
4007	istream.general	istream	std::basic_istream::get	function	1		int_type get()
4008	istream.general	istream	std::basic_istream::get	function	1		basic_istream&get(char_type&c)
4009	istream.general	istream	std::basic_istream::get	function	1		basic_istream&get(char_type*s, streamsize n)
4010	istream.general	istream	std::basic_istream::get	function	1		basic_istream&get(char_type*s, streamsize n, char_type delim)
4011	istream.general	istream	std::basic_istream::get	function	1		basic_istream&get(basic_streambuf<char_type, traits>&sb)
4012	istream.general	istream	std::basic_istream::get	function	1		basic_istream&get(basic_streambuf<char_type, traits>&sb, char_type delim)
4013	istream.general	istream	std::basic_istream::getline	function	1		basic_istream&getline(char_type*s, streamsize n)
4014	istream.general	istream	std::basic_istream::getline	function	1		basic_istream&getline(char_type*s, streamsize n, char_type delim)
4015	istream.general	istream	std::basic_istream::ignore	function	2		basic_istream&ignore(streamsize n = 1, int_type delim = traits::eof())
4016	istream.general	istream	std::basic_istream::ignore	function	1		basic_istream&ignore(streamsize n, char_type delim)
4017	istream.general	istream	std::basic_istream::peek	function	1		int_type peek()
4018	istream.general	istream	std::basic_istream::read	function	1		basic_istream&read(char_type*s, streamsize n)
4019	istream.general	istream	std::basic_istream::readsome	function	1		streamsize readsome(char_type*s, streamsize n)
4020	istream.general	istream	std::basic_istream::putback	function	1		basic_istream&putback(char_type c)
4021	istream.general	istream	std::basic_istream::unget	function	1		basic_istream&unget()
4022	istream.general	istream	std::basic_istream::sync	function	1		int sync()
4023	istream.general	istream	std::basic_istream::tellg	function	1		pos_type tellg()
4024	istream.general	istream	std::basic_istream::seekg	function	1		basic_istream&seekg(pos_type)
4025	istream.general	istream	std::basic_istream::seekg	function	1		basic_istream&seekg(off_type, ios_base::seekdir)
4026	istream.general	istream	std::basic_istream::basic_istream	function	0	not probed (no sample, or a hidden friend whose signature is exposition-only)	basic_istream(const basic_istream&) = delete
4027	istream.general	istream	std::basic_istream::basic_istream	function	0	not probed (no sample, or a hidden friend whose signature is exposition-only)	basic_istream(basic_istream&&rhs)
4028	istream.general	istream	std::basic_istream::operator=	function	1		basic_istream&operator = (const basic_istream&) = delete
4029	istream.general	istream	std::basic_istream::operator=	function	1		basic_istream&operator = (basic_istream&&rhs)
4030	istream.general	istream	std::basic_istream::swap	function	1		void swap(basic_istream&rhs)
4031	istream.general	complex	std::operator>>	function	1		basic_istream<charT, traits>&operator>>(basic_istream<charT, traits>&, charT&)
4032	istream.general	complex	std::operator>>	function	1		basic_istream<charT, traits>&operator>>(basic_istream<charT, traits>&, charT(&)[N])
4033	istream.sentry	print	std::basic_istream::sentry	classdef	1	presence only: presence	class basic_istream<charT, traits>::sentry
4034	istream.sentry	istream	std::basic_istream::sentry::sentry	function	2		explicit sentry(basic_istream&is, bool noskipws = false)
4035	istream.sentry	istream	std::basic_istream::sentry::~sentry	function	1		~sentry()
4036	istream.sentry	istream	std::basic_istream::sentry::operator bool	function	2		explicit operator bool()const
4037	istream.sentry	istream	std::basic_istream::sentry::sentry	function	1		sentry(const sentry&) = delete
4038	istream.sentry	istream	std::basic_istream::sentry::operator=	function	1		sentry&operator = (const sentry&) = delete
4039	iostreamclass.general	istream	std::basic_iostream	classdef	3		class basic_iostream:public basic_istream<charT, traits>, public basic_ostream<charT, traits>
4040	iostreamclass.general	istream	std::basic_iostream::char_type	alias	1		using char_type = charT
4041	iostreamclass.general	istream	std::basic_iostream::int_type	alias	1		using int_type = traits::int_type
4042	iostreamclass.general	istream	std::basic_iostream::pos_type	alias	1		using pos_type = traits::pos_type
4043	iostreamclass.general	istream	std::basic_iostream::off_type	alias	1		using off_type = traits::off_type
4044	iostreamclass.general	istream	std::basic_iostream::traits_type	alias	1		using traits_type = traits
4045	iostreamclass.general	istream	std::basic_iostream::basic_iostream	function	1		explicit basic_iostream(basic_streambuf<charT, traits>*sb)
4046	iostreamclass.general	istream	std::basic_iostream::~basic_iostream	function	1		virtual~basic_iostream()
4047	iostreamclass.general	istream	std::basic_iostream::basic_iostream	function	0	not probed (no sample, or a hidden friend whose signature is exposition-only)	basic_iostream(const basic_iostream&) = delete
4048	iostreamclass.general	istream	std::basic_iostream::basic_iostream	function	0	not probed (no sample, or a hidden friend whose signature is exposition-only)	basic_iostream(basic_iostream&&rhs)
4049	iostreamclass.general	istream	std::basic_iostream::operator=	function	1		basic_iostream&operator = (const basic_iostream&) = delete
4050	iostreamclass.general	istream	std::basic_iostream::operator=	function	1		basic_iostream&operator = (basic_iostream&&rhs)
4051	iostreamclass.general	istream	std::basic_iostream::swap	function	1		void swap(basic_iostream&rhs)
4052	ostream.general	ostream	std::basic_ostream	classdef	2		class basic_ostream:virtual public basic_ios<charT, traits>
4053	ostream.general	ostream	std::basic_ostream::char_type	alias	1		using char_type = charT
4054	ostream.general	ostream	std::basic_ostream::int_type	alias	1		using int_type = traits::int_type
4055	ostream.general	ostream	std::basic_ostream::pos_type	alias	1		using pos_type = traits::pos_type
4056	ostream.general	ostream	std::basic_ostream::off_type	alias	1		using off_type = traits::off_type
4057	ostream.general	ostream	std::basic_ostream::traits_type	alias	1		using traits_type = traits
4058	ostream.general	ostream	std::basic_ostream::basic_ostream	function	1		explicit basic_ostream(basic_streambuf<char_type, traits>*sb)
4059	ostream.general	ostream	std::basic_ostream::~basic_ostream	function	1		virtual~basic_ostream()
4060	ostream.general	ostream	std::basic_ostream::sentry	classdecl	1	presence only: presence	class sentry
4061	ostream.general	ostream	std::basic_ostream::operator<<	function	1		basic_ostream&operator<<(basic_ostream&(*pf)(basic_ostream&))
4062	ostream.general	ostream	std::basic_ostream::operator<<	function	1		basic_ostream&operator<<(basic_ios<charT, traits>&(*pf)(basic_ios<charT, traits>&))
4063	ostream.general	ostream	std::basic_ostream::operator<<	function	1		basic_ostream&operator<<(ios_base&(*pf)(ios_base&))
4064	ostream.general	ostream	std::basic_ostream::operator<<	function	1		basic_ostream&operator<<(bool n)
4065	ostream.general	ostream	std::basic_ostream::operator<<	function	1		basic_ostream&operator<<(short n)
4066	ostream.general	ostream	std::basic_ostream::operator<<	function	1		basic_ostream&operator<<(unsigned short n)
4067	ostream.general	ostream	std::basic_ostream::operator<<	function	1		basic_ostream&operator<<(int n)
4068	ostream.general	ostream	std::basic_ostream::operator<<	function	1		basic_ostream&operator<<(unsigned int n)
4069	ostream.general	ostream	std::basic_ostream::operator<<	function	1		basic_ostream&operator<<(long n)
4070	ostream.general	ostream	std::basic_ostream::operator<<	function	1		basic_ostream&operator<<(unsigned long n)
4071	ostream.general	ostream	std::basic_ostream::operator<<	function	1		basic_ostream&operator<<(long long n)
4072	ostream.general	ostream	std::basic_ostream::operator<<	function	1		basic_ostream&operator<<(unsigned long long n)
4073	ostream.general	ostream	std::basic_ostream::operator<<	function	1		basic_ostream&operator<<(float f)
4074	ostream.general	ostream	std::basic_ostream::operator<<	function	1		basic_ostream&operator<<(double f)
4075	ostream.general	ostream	std::basic_ostream::operator<<	function	1		basic_ostream&operator<<(long double f)
4076	ostream.general	ostream	std::basic_ostream::operator<<	function	0	not probed (no sample, or a hidden friend whose signature is exposition-only)	basic_ostream&operator<<(⟨extended-floating-point-type⟩ f)
4077	ostream.general	ostream	std::basic_ostream::operator<<	function	1		basic_ostream&operator<<(const void*p)
4078	ostream.general	ostream	std::basic_ostream::operator<<	function	1		basic_ostream&operator<<(const volatile void*p)
4079	ostream.general	ostream	std::basic_ostream::operator<<	function	1		basic_ostream&operator<<(nullptr_t)
4080	ostream.general	ostream	std::basic_ostream::operator<<	function	1		basic_ostream&operator<<(basic_streambuf<char_type, traits>*sb)
4081	ostream.general	ostream	std::basic_ostream::put	function	1		basic_ostream&put(char_type c)
4082	ostream.general	ostream	std::basic_ostream::write	function	1		basic_ostream&write(const char_type*s, streamsize n)
4083	ostream.general	ostream	std::basic_ostream::flush	function	1		basic_ostream&flush()
4084	ostream.general	ostream	std::basic_ostream::tellp	function	1		pos_type tellp()
4085	ostream.general	ostream	std::basic_ostream::seekp	function	1		basic_ostream&seekp(pos_type)
4086	ostream.general	ostream	std::basic_ostream::seekp	function	1		basic_ostream&seekp(off_type, ios_base::seekdir)
4087	ostream.general	ostream	std::basic_ostream::basic_ostream	function	0	not probed (no sample, or a hidden friend whose signature is exposition-only)	basic_ostream(const basic_ostream&) = delete
4088	ostream.general	ostream	std::basic_ostream::basic_ostream	function	0	not probed (no sample, or a hidden friend whose signature is exposition-only)	basic_ostream(basic_ostream&&rhs)
4089	ostream.general	ostream	std::basic_ostream::operator=	function	1		basic_ostream&operator = (const basic_ostream&) = delete
4090	ostream.general	ostream	std::basic_ostream::operator=	function	1		basic_ostream&operator = (basic_ostream&&rhs)
4091	ostream.general	ostream	std::basic_ostream::swap	function	1		void swap(basic_ostream&rhs)
4092	ostream.general	regex	std::operator<<	function	1		basic_ostream<charT, traits>&operator<<(basic_ostream<charT, traits>&, charT)
4093	ostream.general	regex	std::operator<<	function	1		basic_ostream<charT, traits>&operator<<(basic_ostream<charT, traits>&, char)
4094	ostream.general	regex	std::operator<<	function	1		basic_ostream<char, traits>&operator<<(basic_ostream<char, traits>&, char)
4095	ostream.general	regex	std::operator<<	function	1		basic_ostream<char, traits>&operator<<(basic_ostream<char, traits>&, wchar_t) = delete
4096	ostream.general	regex	std::operator<<	function	1		basic_ostream<char, traits>&operator<<(basic_ostream<char, traits>&, char8_t) = delete
4097	ostream.general	regex	std::operator<<	function	1		basic_ostream<char, traits>&operator<<(basic_ostream<char, traits>&, char16_t) = delete
4098	ostream.general	regex	std::operator<<	function	1		basic_ostream<char, traits>&operator<<(basic_ostream<char, traits>&, char32_t) = delete
4099	ostream.general	regex	std::operator<<	function	1		basic_ostream<wchar_t, traits>&operator<<(basic_ostream<wchar_t, traits>&, char8_t) = delete
4100	ostream.general	regex	std::operator<<	function	1		basic_ostream<wchar_t, traits>&operator<<(basic_ostream<wchar_t, traits>&, char16_t) = delete
4101	ostream.general	regex	std::operator<<	function	1		basic_ostream<wchar_t, traits>&operator<<(basic_ostream<wchar_t, traits>&, char32_t) = delete
4102	ostream.general	regex	std::operator<<	function	1		basic_ostream<charT, traits>&operator<<(basic_ostream<charT, traits>&, const charT*)
4103	ostream.general	regex	std::operator<<	function	1		basic_ostream<charT, traits>&operator<<(basic_ostream<charT, traits>&, const char*)
4104	ostream.general	regex	std::operator<<	function	1		basic_ostream<char, traits>&operator<<(basic_ostream<char, traits>&, const char*)
4105	ostream.general	regex	std::operator<<	function	1		basic_ostream<char, traits>&operator<<(basic_ostream<char, traits>&, const wchar_t*) = delete
4106	ostream.general	regex	std::operator<<	function	1		basic_ostream<char, traits>&operator<<(basic_ostream<char, traits>&, const char8_t*) = delete
4107	ostream.general	regex	std::operator<<	function	1		basic_ostream<char, traits>&operator<<(basic_ostream<char, traits>&, const char16_t*) = delete
4108	ostream.general	regex	std::operator<<	function	1		basic_ostream<char, traits>&operator<<(basic_ostream<char, traits>&, const char32_t*) = delete
4109	ostream.general	regex	std::operator<<	function	1		basic_ostream<wchar_t, traits>&operator<<(basic_ostream<wchar_t, traits>&, const char8_t*) = delete
4110	ostream.general	regex	std::operator<<	function	1		basic_ostream<wchar_t, traits>&operator<<(basic_ostream<wchar_t, traits>&, const char16_t*) = delete
4111	ostream.general	regex	std::operator<<	function	1		basic_ostream<wchar_t, traits>&operator<<(basic_ostream<wchar_t, traits>&, const char32_t*) = delete
4112	ostream.sentry	print	std::basic_ostream::sentry	classdef	1	presence only: presence	class basic_ostream<charT, traits>::sentry
4113	ostream.sentry	ostream	std::basic_ostream::sentry::sentry	function	1		explicit sentry(basic_ostream&os)
4114	ostream.sentry	ostream	std::basic_ostream::sentry::~sentry	function	1		~sentry()
4115	ostream.sentry	ostream	std::basic_ostream::sentry::operator bool	function	2		explicit operator bool()const
4116	ostream.sentry	ostream	std::basic_ostream::sentry::sentry	function	1		sentry(const sentry&) = delete
4117	ostream.sentry	ostream	std::basic_ostream::sentry::operator=	function	1		sentry&operator = (const sentry&) = delete
4118	sstream.syn	sstream	std::basic_stringbuf	classdecl	1	presence only: presence	class basic_stringbuf
4119	sstream.syn	sstream	std::swap	function	1		void swap(basic_stringbuf<charT, traits, Allocator>&x, basic_stringbuf<charT, traits, Allocator>&y)noexcept(noexcept(x.swap(y)))
4120	sstream.syn	sstream	std::stringbuf	alias	1		using stringbuf = basic_stringbuf<char>
4121	sstream.syn	sstream	std::wstringbuf	alias	1		using wstringbuf = basic_stringbuf<wchar_t>
4122	sstream.syn	sstream	std::basic_istringstream	classdecl	1	presence only: presence	class basic_istringstream
4123	sstream.syn	sstream	std::swap	function	1		void swap(basic_istringstream<charT, traits, Allocator>&x, basic_istringstream<charT, traits, Allocator>&y)
4124	sstream.syn	sstream	std::istringstream	alias	1		using istringstream = basic_istringstream<char>
4125	sstream.syn	sstream	std::wistringstream	alias	1		using wistringstream = basic_istringstream<wchar_t>
4126	sstream.syn	sstream	std::basic_ostringstream	classdecl	1	presence only: presence	class basic_ostringstream
4127	sstream.syn	sstream	std::swap	function	1		void swap(basic_ostringstream<charT, traits, Allocator>&x, basic_ostringstream<charT, traits, Allocator>&y)
4128	sstream.syn	sstream	std::ostringstream	alias	1		using ostringstream = basic_ostringstream<char>
4129	sstream.syn	sstream	std::wostringstream	alias	1		using wostringstream = basic_ostringstream<wchar_t>
4130	sstream.syn	sstream	std::basic_stringstream	classdecl	1	presence only: presence	class basic_stringstream
4131	sstream.syn	sstream	std::swap	function	1		void swap(basic_stringstream<charT, traits, Allocator>&x, basic_stringstream<charT, traits, Allocator>&y)
4132	sstream.syn	sstream	std::stringstream	alias	1		using stringstream = basic_stringstream<char>
4133	sstream.syn	sstream	std::wstringstream	alias	1		using wstringstream = basic_stringstream<wchar_t>
4134	stringbuf.general	sstream	std::basic_stringbuf	classdef	2		class basic_stringbuf:public basic_streambuf<charT, traits>
4135	stringbuf.general	sstream	std::basic_stringbuf::char_type	alias	1		using char_type = charT
4136	stringbuf.general	sstream	std::basic_stringbuf::int_type	alias	1		using int_type = traits::int_type
4137	stringbuf.general	sstream	std::basic_stringbuf::pos_type	alias	1		using pos_type = traits::pos_type
4138	stringbuf.general	sstream	std::basic_stringbuf::off_type	alias	1		using off_type = traits::off_type
4139	stringbuf.general	sstream	std::basic_stringbuf::traits_type	alias	1		using traits_type = traits
4140	stringbuf.general	sstream	std::basic_stringbuf::allocator_type	alias	1		using allocator_type = Allocator
4141	stringbuf.general	sstream	std::basic_stringbuf::basic_stringbuf	function	1		basic_stringbuf():basic_stringbuf(ios_base::in|ios_base::out)
4142	stringbuf.general	sstream	std::basic_stringbuf::basic_stringbuf	function	1		explicit basic_stringbuf(ios_base::openmode which)
4143	stringbuf.general	sstream	std::basic_stringbuf::basic_stringbuf	function	2		explicit basic_stringbuf(const basic_string<charT, traits, Allocator>&s, ios_base::openmode which = ios_base::in|ios_base::out)
4144	stringbuf.general	sstream	std::basic_stringbuf::basic_stringbuf	function	1		explicit basic_stringbuf(const Allocator&a):basic_stringbuf(ios_base::in|ios_base::out, a)
4145	stringbuf.general	sstream	std::basic_stringbuf::basic_stringbuf	function	1		basic_stringbuf(ios_base::openmode which, const Allocator&a)
4146	stringbuf.general	sstream	std::basic_stringbuf::basic_stringbuf	function	2		explicit basic_stringbuf(basic_string<charT, traits, Allocator>&&s, ios_base::openmode which = ios_base::in|ios_base::out)
4147	stringbuf.general	sstream	std::basic_stringbuf::basic_stringbuf	function	1		basic_stringbuf(const basic_string<charT, traits, SAlloc>&s, const Allocator&a):basic_stringbuf(s, ios_base::in|ios_base::out, a)
4148	stringbuf.general	sstream	std::basic_stringbuf::basic_stringbuf	function	1		basic_stringbuf(const basic_string<charT, traits, SAlloc>&s, ios_base::openmode which, const Allocator&a)
4149	stringbuf.general	sstream	std::basic_stringbuf::basic_stringbuf	function	2		explicit basic_stringbuf(const basic_string<charT, traits, SAlloc>&s, ios_base::openmode which = ios_base::in|ios_base::out)
4150	stringbuf.general	sstream	std::basic_stringbuf::basic_stringbuf	function	2		explicit basic_stringbuf(const T&t, ios_base::openmode which = ios_base::in|ios_base::out)
4151	stringbuf.general	sstream	std::basic_stringbuf::basic_stringbuf	function	1		basic_stringbuf(const T&t, const Allocator&a)
4152	stringbuf.general	sstream	std::basic_stringbuf::basic_stringbuf	function	1		basic_stringbuf(const T&t, ios_base::openmode which, const Allocator&a)
4153	stringbuf.general	sstream	std::basic_stringbuf::basic_stringbuf	function	1		basic_stringbuf(const basic_stringbuf&) = delete
4154	stringbuf.general	sstream	std::basic_stringbuf::basic_stringbuf	function	1		basic_stringbuf(basic_stringbuf&&rhs)
4155	stringbuf.general	sstream	std::basic_stringbuf::basic_stringbuf	function	1		basic_stringbuf(basic_stringbuf&&rhs, const Allocator&a)
4156	stringbuf.general	sstream	std::basic_stringbuf::operator=	function	1		basic_stringbuf&operator = (const basic_stringbuf&) = delete
4157	stringbuf.general	sstream	std::basic_stringbuf::operator=	function	1		basic_stringbuf&operator = (basic_stringbuf&&rhs)
4158	stringbuf.general	sstream	std::basic_stringbuf::swap	function	1		void swap(basic_stringbuf&rhs)noexcept(⟨see below⟩)
4159	stringbuf.general	sstream	std::basic_stringbuf::get_allocator	function	1		allocator_type get_allocator()const noexcept
4160	stringbuf.general	sstream	std::basic_stringbuf::str	function	1		basic_string<charT, traits, Allocator>str()const&
4161	stringbuf.general	sstream	std::basic_stringbuf::str	function	1		basic_string<charT, traits, SAlloc>str(const SAlloc&sa)const
4162	stringbuf.general	sstream	std::basic_stringbuf::str	function	1		basic_string<charT, traits, Allocator>str()&&
4163	stringbuf.general	sstream	std::basic_stringbuf::view	function	1		basic_string_view<charT, traits>view()const noexcept
4164	stringbuf.general	sstream	std::basic_stringbuf::str	function	1		void str(const basic_string<charT, traits, Allocator>&s)
4165	stringbuf.general	sstream	std::basic_stringbuf::str	function	1		void str(const basic_string<charT, traits, SAlloc>&s)
4166	stringbuf.general	sstream	std::basic_stringbuf::str	function	1		void str(basic_string<charT, traits, Allocator>&&s)
4167	stringbuf.general	sstream	std::basic_stringbuf::str	function	1		void str(const T&t)
4168	stringbuf.general	sstream	std::basic_stringbuf::underflow	function	1		int_type underflow()override
4169	stringbuf.general	sstream	std::basic_stringbuf::pbackfail	function	2		int_type pbackfail(int_type c = traits::eof())override
4170	stringbuf.general	sstream	std::basic_stringbuf::overflow	function	2		int_type overflow(int_type c = traits::eof())override
4171	stringbuf.general	sstream	std::basic_stringbuf::setbuf	function	1		basic_streambuf<charT, traits>*setbuf(charT*, streamsize)override
4172	stringbuf.general	sstream	std::basic_stringbuf::seekoff	function	2		pos_type seekoff(off_type off, ios_base::seekdir way, ios_base::openmode which = ios_base::in|ios_base::out)override
4173	stringbuf.general	sstream	std::basic_stringbuf::seekpos	function	2		pos_type seekpos(pos_type sp, ios_base::openmode which = ios_base::in|ios_base::out)override
4174	istringstream.general	sstream	std::basic_istringstream	classdef	2		class basic_istringstream:public basic_istream<charT, traits>
4175	istringstream.general	sstream	std::basic_istringstream::char_type	alias	1		using char_type = charT
4176	istringstream.general	sstream	std::basic_istringstream::int_type	alias	1		using int_type = traits::int_type
4177	istringstream.general	sstream	std::basic_istringstream::pos_type	alias	1		using pos_type = traits::pos_type
4178	istringstream.general	sstream	std::basic_istringstream::off_type	alias	1		using off_type = traits::off_type
4179	istringstream.general	sstream	std::basic_istringstream::traits_type	alias	1		using traits_type = traits
4180	istringstream.general	sstream	std::basic_istringstream::allocator_type	alias	1		using allocator_type = Allocator
4181	istringstream.general	sstream	std::basic_istringstream::basic_istringstream	function	1		basic_istringstream():basic_istringstream(ios_base::in)
4182	istringstream.general	sstream	std::basic_istringstream::basic_istringstream	function	1		explicit basic_istringstream(ios_base::openmode which)
4183	istringstream.general	sstream	std::basic_istringstream::basic_istringstream	function	2		explicit basic_istringstream(const basic_string<charT, traits, Allocator>&s, ios_base::openmode which = ios_base::in)
4184	istringstream.general	sstream	std::basic_istringstream::basic_istringstream	function	1		basic_istringstream(ios_base::openmode which, const Allocator&a)
4185	istringstream.general	sstream	std::basic_istringstream::basic_istringstream	function	2		explicit basic_istringstream(basic_string<charT, traits, Allocator>&&s, ios_base::openmode which = ios_base::in)
4186	istringstream.general	sstream	std::basic_istringstream::basic_istringstream	function	1		basic_istringstream(const basic_string<charT, traits, SAlloc>&s, const Allocator&a):basic_istringstream(s, ios_base::in, a)
4187	istringstream.general	sstream	std::basic_istringstream::basic_istringstream	function	1		basic_istringstream(const basic_string<charT, traits, SAlloc>&s, ios_base::openmode which, const Allocator&a)
4188	istringstream.general	sstream	std::basic_istringstream::basic_istringstream	function	2		explicit basic_istringstream(const basic_string<charT, traits, SAlloc>&s, ios_base::openmode which = ios_base::in)
4189	istringstream.general	sstream	std::basic_istringstream::basic_istringstream	function	2		explicit basic_istringstream(const T&t, ios_base::openmode which = ios_base::in)
4190	istringstream.general	sstream	std::basic_istringstream::basic_istringstream	function	1		basic_istringstream(const T&t, const Allocator&a)
4191	istringstream.general	sstream	std::basic_istringstream::basic_istringstream	function	1		basic_istringstream(const T&t, ios_base::openmode which, const Allocator&a)
4192	istringstream.general	sstream	std::basic_istringstream::basic_istringstream	function	1		basic_istringstream(const basic_istringstream&) = delete
4193	istringstream.general	sstream	std::basic_istringstream::basic_istringstream	function	1		basic_istringstream(basic_istringstream&&rhs)
4194	istringstream.general	sstream	std::basic_istringstream::operator=	function	1		basic_istringstream&operator = (const basic_istringstream&) = delete
4195	istringstream.general	sstream	std::basic_istringstream::operator=	function	1		basic_istringstream&operator = (basic_istringstream&&rhs)
4196	istringstream.general	sstream	std::basic_istringstream::swap	function	1		void swap(basic_istringstream&rhs)
4197	istringstream.general	sstream	std::basic_istringstream::rdbuf	function	1		basic_stringbuf<charT, traits, Allocator>*rdbuf()const
4198	istringstream.general	sstream	std::basic_istringstream::str	function	1		basic_string<charT, traits, Allocator>str()const&
4199	istringstream.general	sstream	std::basic_istringstream::str	function	1		basic_string<charT, traits, SAlloc>str(const SAlloc&sa)const
4200	istringstream.general	sstream	std::basic_istringstream::str	function	1		basic_string<charT, traits, Allocator>str()&&
4201	istringstream.general	sstream	std::basic_istringstream::view	function	1		basic_string_view<charT, traits>view()const noexcept
4202	istringstream.general	sstream	std::basic_istringstream::str	function	1		void str(const basic_string<charT, traits, Allocator>&s)
4203	istringstream.general	sstream	std::basic_istringstream::str	function	1		void str(const basic_string<charT, traits, SAlloc>&s)
4204	istringstream.general	sstream	std::basic_istringstream::str	function	1		void str(basic_string<charT, traits, Allocator>&&s)
4205	istringstream.general	sstream	std::basic_istringstream::str	function	1		void str(const T&t)
4206	ostringstream.general	sstream	std::basic_ostringstream	classdef	2		class basic_ostringstream:public basic_ostream<charT, traits>
4207	ostringstream.general	sstream	std::basic_ostringstream::char_type	alias	1		using char_type = charT
4208	ostringstream.general	sstream	std::basic_ostringstream::int_type	alias	1		using int_type = traits::int_type
4209	ostringstream.general	sstream	std::basic_ostringstream::pos_type	alias	1		using pos_type = traits::pos_type
4210	ostringstream.general	sstream	std::basic_ostringstream::off_type	alias	1		using off_type = traits::off_type
4211	ostringstream.general	sstream	std::basic_ostringstream::traits_type	alias	1		using traits_type = traits
4212	ostringstream.general	sstream	std::basic_ostringstream::allocator_type	alias	1		using allocator_type = Allocator
4213	ostringstream.general	sstream	std::basic_ostringstream::basic_ostringstream	function	1		basic_ostringstream():basic_ostringstream(ios_base::out)
4214	ostringstream.general	sstream	std::basic_ostringstream::basic_ostringstream	function	1		explicit basic_ostringstream(ios_base::openmode which)
4215	ostringstream.general	sstream	std::basic_ostringstream::basic_ostringstream	function	2		explicit basic_ostringstream(const basic_string<charT, traits, Allocator>&s, ios_base::openmode which = ios_base::out)
4216	ostringstream.general	sstream	std::basic_ostringstream::basic_ostringstream	function	1		basic_ostringstream(ios_base::openmode which, const Allocator&a)
4217	ostringstream.general	sstream	std::basic_ostringstream::basic_ostringstream	function	2		explicit basic_ostringstream(basic_string<charT, traits, Allocator>&&s, ios_base::openmode which = ios_base::out)
4218	ostringstream.general	sstream	std::basic_ostringstream::basic_ostringstream	function	1		basic_ostringstream(const basic_string<charT, traits, SAlloc>&s, const Allocator&a):basic_ostringstream(s, ios_base::out, a)
4219	ostringstream.general	sstream	std::basic_ostringstream::basic_ostringstream	function	1		basic_ostringstream(const basic_string<charT, traits, SAlloc>&s, ios_base::openmode which, const Allocator&a)
4220	ostringstream.general	sstream	std::basic_ostringstream::basic_ostringstream	function	2		explicit basic_ostringstream(const basic_string<charT, traits, SAlloc>&s, ios_base::openmode which = ios_base::out)
4221	ostringstream.general	sstream	std::basic_ostringstream::basic_ostringstream	function	2		explicit basic_ostringstream(const T&t, ios_base::openmode which = ios_base::out)
4222	ostringstream.general	sstream	std::basic_ostringstream::basic_ostringstream	function	1		basic_ostringstream(const T&t, const Allocator&a)
4223	ostringstream.general	sstream	std::basic_ostringstream::basic_ostringstream	function	1		basic_ostringstream(const T&t, ios_base::openmode which, const Allocator&a)
4224	ostringstream.general	sstream	std::basic_ostringstream::basic_ostringstream	function	1		basic_ostringstream(const basic_ostringstream&) = delete
4225	ostringstream.general	sstream	std::basic_ostringstream::basic_ostringstream	function	1		basic_ostringstream(basic_ostringstream&&rhs)
4226	ostringstream.general	sstream	std::basic_ostringstream::operator=	function	1		basic_ostringstream&operator = (const basic_ostringstream&) = delete
4227	ostringstream.general	sstream	std::basic_ostringstream::operator=	function	1		basic_ostringstream&operator = (basic_ostringstream&&rhs)
4228	ostringstream.general	sstream	std::basic_ostringstream::swap	function	1		void swap(basic_ostringstream&rhs)
4229	ostringstream.general	sstream	std::basic_ostringstream::rdbuf	function	1		basic_stringbuf<charT, traits, Allocator>*rdbuf()const
4230	ostringstream.general	sstream	std::basic_ostringstream::str	function	1		basic_string<charT, traits, Allocator>str()const&
4231	ostringstream.general	sstream	std::basic_ostringstream::str	function	1		basic_string<charT, traits, SAlloc>str(const SAlloc&sa)const
4232	ostringstream.general	sstream	std::basic_ostringstream::str	function	1		basic_string<charT, traits, Allocator>str()&&
4233	ostringstream.general	sstream	std::basic_ostringstream::view	function	1		basic_string_view<charT, traits>view()const noexcept
4234	ostringstream.general	sstream	std::basic_ostringstream::str	function	1		void str(const basic_string<charT, traits, Allocator>&s)
4235	ostringstream.general	sstream	std::basic_ostringstream::str	function	1		void str(const basic_string<charT, traits, SAlloc>&s)
4236	ostringstream.general	sstream	std::basic_ostringstream::str	function	1		void str(basic_string<charT, traits, Allocator>&&s)
4237	ostringstream.general	sstream	std::basic_ostringstream::str	function	1		void str(const T&t)
4238	stringstream.general	sstream	std::basic_stringstream	classdef	2		class basic_stringstream:public basic_iostream<charT, traits>
4239	stringstream.general	sstream	std::basic_stringstream::char_type	alias	1		using char_type = charT
4240	stringstream.general	sstream	std::basic_stringstream::int_type	alias	1		using int_type = traits::int_type
4241	stringstream.general	sstream	std::basic_stringstream::pos_type	alias	1		using pos_type = traits::pos_type
4242	stringstream.general	sstream	std::basic_stringstream::off_type	alias	1		using off_type = traits::off_type
4243	stringstream.general	sstream	std::basic_stringstream::traits_type	alias	1		using traits_type = traits
4244	stringstream.general	sstream	std::basic_stringstream::allocator_type	alias	1		using allocator_type = Allocator
4245	stringstream.general	sstream	std::basic_stringstream::basic_stringstream	function	1		basic_stringstream():basic_stringstream(ios_base::out|ios_base::in)
4246	stringstream.general	sstream	std::basic_stringstream::basic_stringstream	function	1		explicit basic_stringstream(ios_base::openmode which)
4247	stringstream.general	sstream	std::basic_stringstream::basic_stringstream	function	2		explicit basic_stringstream(const basic_string<charT, traits, Allocator>&s, ios_base::openmode which = ios_base::out|ios_base::in)
4248	stringstream.general	sstream	std::basic_stringstream::basic_stringstream	function	1		basic_stringstream(ios_base::openmode which, const Allocator&a)
4249	stringstream.general	sstream	std::basic_stringstream::basic_stringstream	function	2		explicit basic_stringstream(basic_string<charT, traits, Allocator>&&s, ios_base::openmode which = ios_base::out|ios_base::in)
4250	stringstream.general	sstream	std::basic_stringstream::basic_stringstream	function	1		basic_stringstream(const basic_string<charT, traits, SAlloc>&s, const Allocator&a):basic_stringstream(s, ios_base::out|ios_base::in, a)
4251	stringstream.general	sstream	std::basic_stringstream::basic_stringstream	function	1		basic_stringstream(const basic_string<charT, traits, SAlloc>&s, ios_base::openmode which, const Allocator&a)
4252	stringstream.general	sstream	std::basic_stringstream::basic_stringstream	function	2		explicit basic_stringstream(const basic_string<charT, traits, SAlloc>&s, ios_base::openmode which = ios_base::out|ios_base::in)
4253	stringstream.general	sstream	std::basic_stringstream::basic_stringstream	function	2		explicit basic_stringstream(const T&t, ios_base::openmode which = ios_base::out|ios_base::in)
4254	stringstream.general	sstream	std::basic_stringstream::basic_stringstream	function	1		basic_stringstream(const T&t, const Allocator&a)
4255	stringstream.general	sstream	std::basic_stringstream::basic_stringstream	function	1		basic_stringstream(const T&t, ios_base::openmode which, const Allocator&a)
4256	stringstream.general	sstream	std::basic_stringstream::basic_stringstream	function	1		basic_stringstream(const basic_stringstream&) = delete
4257	stringstream.general	sstream	std::basic_stringstream::basic_stringstream	function	1		basic_stringstream(basic_stringstream&&rhs)
4258	stringstream.general	sstream	std::basic_stringstream::operator=	function	1		basic_stringstream&operator = (const basic_stringstream&) = delete
4259	stringstream.general	sstream	std::basic_stringstream::operator=	function	1		basic_stringstream&operator = (basic_stringstream&&rhs)
4260	stringstream.general	sstream	std::basic_stringstream::swap	function	1		void swap(basic_stringstream&rhs)
4261	stringstream.general	sstream	std::basic_stringstream::rdbuf	function	1		basic_stringbuf<charT, traits, Allocator>*rdbuf()const
4262	stringstream.general	sstream	std::basic_stringstream::str	function	1		basic_string<charT, traits, Allocator>str()const&
4263	stringstream.general	sstream	std::basic_stringstream::str	function	1		basic_string<charT, traits, SAlloc>str(const SAlloc&sa)const
4264	stringstream.general	sstream	std::basic_stringstream::str	function	1		basic_string<charT, traits, Allocator>str()&&
4265	stringstream.general	sstream	std::basic_stringstream::view	function	1		basic_string_view<charT, traits>view()const noexcept
4266	stringstream.general	sstream	std::basic_stringstream::str	function	1		void str(const basic_string<charT, traits, Allocator>&s)
4267	stringstream.general	sstream	std::basic_stringstream::str	function	1		void str(const basic_string<charT, traits, SAlloc>&s)
4268	stringstream.general	sstream	std::basic_stringstream::str	function	1		void str(basic_string<charT, traits, Allocator>&&s)
4269	stringstream.general	sstream	std::basic_stringstream::str	function	1		void str(const T&t)
4270	spanstream.syn	spanstream	std::basic_spanbuf	classdecl	1	presence only: presence	class basic_spanbuf
4271	spanstream.syn	spanstream	std::swap	function	1		void swap(basic_spanbuf<charT, traits>&x, basic_spanbuf<charT, traits>&y)
4272	spanstream.syn	spanstream	std::spanbuf	alias	1		using spanbuf = basic_spanbuf<char>
4273	spanstream.syn	spanstream	std::wspanbuf	alias	1		using wspanbuf = basic_spanbuf<wchar_t>
4274	spanstream.syn	spanstream	std::basic_ispanstream	classdecl	1	presence only: presence	class basic_ispanstream
4275	spanstream.syn	spanstream	std::swap	function	1		void swap(basic_ispanstream<charT, traits>&x, basic_ispanstream<charT, traits>&y)
4276	spanstream.syn	spanstream	std::ispanstream	alias	1		using ispanstream = basic_ispanstream<char>
4277	spanstream.syn	spanstream	std::wispanstream	alias	1		using wispanstream = basic_ispanstream<wchar_t>
4278	spanstream.syn	spanstream	std::basic_ospanstream	classdecl	1	presence only: presence	class basic_ospanstream
4279	spanstream.syn	spanstream	std::swap	function	1		void swap(basic_ospanstream<charT, traits>&x, basic_ospanstream<charT, traits>&y)
4280	spanstream.syn	spanstream	std::ospanstream	alias	1		using ospanstream = basic_ospanstream<char>
4281	spanstream.syn	spanstream	std::wospanstream	alias	1		using wospanstream = basic_ospanstream<wchar_t>
4282	spanstream.syn	spanstream	std::basic_spanstream	classdecl	1	presence only: presence	class basic_spanstream
4283	spanstream.syn	spanstream	std::swap	function	1		void swap(basic_spanstream<charT, traits>&x, basic_spanstream<charT, traits>&y)
4284	spanstream.syn	spanstream	std::spanstream	alias	1		using spanstream = basic_spanstream<char>
4285	spanstream.syn	spanstream	std::wspanstream	alias	1		using wspanstream = basic_spanstream<wchar_t>
4286	spanbuf.general	spanstream	std::basic_spanbuf	classdef	2		class basic_spanbuf:public basic_streambuf<charT, traits>
4287	spanbuf.general	spanstream	std::basic_spanbuf::char_type	alias	1		using char_type = charT
4288	spanbuf.general	spanstream	std::basic_spanbuf::int_type	alias	1		using int_type = traits::int_type
4289	spanbuf.general	spanstream	std::basic_spanbuf::pos_type	alias	1		using pos_type = traits::pos_type
4290	spanbuf.general	spanstream	std::basic_spanbuf::off_type	alias	1		using off_type = traits::off_type
4291	spanbuf.general	spanstream	std::basic_spanbuf::traits_type	alias	1		using traits_type = traits
4292	spanbuf.general	spanstream	std::basic_spanbuf::basic_spanbuf	function	1		basic_spanbuf():basic_spanbuf(ios_base::in|ios_base::out)
4293	spanbuf.general	spanstream	std::basic_spanbuf::basic_spanbuf	function	1		explicit basic_spanbuf(ios_base::openmode which):basic_spanbuf(std::span<charT>(), which)
4294	spanbuf.general	spanstream	std::basic_spanbuf::basic_spanbuf	function	2		explicit basic_spanbuf(std::span<charT>s, ios_base::openmode which = ios_base::in|ios_base::out)
4295	spanbuf.general	spanstream	std::basic_spanbuf::basic_spanbuf	function	1		basic_spanbuf(const basic_spanbuf&) = delete
4296	spanbuf.general	spanstream	std::basic_spanbuf::basic_spanbuf	function	1		basic_spanbuf(basic_spanbuf&&rhs)
4297	spanbuf.general	spanstream	std::basic_spanbuf::operator=	function	1		basic_spanbuf&operator = (const basic_spanbuf&) = delete
4298	spanbuf.general	spanstream	std::basic_spanbuf::operator=	function	1		basic_spanbuf&operator = (basic_spanbuf&&rhs)
4299	spanbuf.general	spanstream	std::basic_spanbuf::swap	function	1		void swap(basic_spanbuf&rhs)
4300	spanbuf.general	spanstream	std::basic_spanbuf::span	function	1		std::span<charT>span()const noexcept
4301	spanbuf.general	spanstream	std::basic_spanbuf::span	function	1		void span(std::span<charT>s)noexcept
4302	spanbuf.general	spanstream	std::basic_spanbuf::setbuf	function	1		basic_streambuf<charT, traits>*setbuf(charT*, streamsize)override
4303	spanbuf.general	spanstream	std::basic_spanbuf::seekoff	function	2		pos_type seekoff(off_type off, ios_base::seekdir way, ios_base::openmode which = ios_base::in|ios_base::out)override
4304	spanbuf.general	spanstream	std::basic_spanbuf::seekpos	function	2		pos_type seekpos(pos_type sp, ios_base::openmode which = ios_base::in|ios_base::out)override
4305	ispanstream.general	spanstream	std::basic_ispanstream	classdef	2		class basic_ispanstream:public basic_istream<charT, traits>
4306	ispanstream.general	spanstream	std::basic_ispanstream::char_type	alias	1		using char_type = charT
4307	ispanstream.general	spanstream	std::basic_ispanstream::int_type	alias	1		using int_type = traits::int_type
4308	ispanstream.general	spanstream	std::basic_ispanstream::pos_type	alias	1		using pos_type = traits::pos_type
4309	ispanstream.general	spanstream	std::basic_ispanstream::off_type	alias	1		using off_type = traits::off_type
4310	ispanstream.general	spanstream	std::basic_ispanstream::traits_type	alias	1		using traits_type = traits
4311	ispanstream.general	spanstream	std::basic_ispanstream::basic_ispanstream	function	2		explicit basic_ispanstream(std::span<charT>s, ios_base::openmode which = ios_base::in)
4312	ispanstream.general	spanstream	std::basic_ispanstream::basic_ispanstream	function	1		basic_ispanstream(const basic_ispanstream&) = delete
4313	ispanstream.general	spanstream	std::basic_ispanstream::basic_ispanstream	function	1		basic_ispanstream(basic_ispanstream&&rhs)
4314	ispanstream.general	spanstream	std::basic_ispanstream::basic_ispanstream	function	1		explicit basic_ispanstream(ROS&&s)
4315	ispanstream.general	spanstream	std::basic_ispanstream::operator=	function	1		basic_ispanstream&operator = (const basic_ispanstream&) = delete
4316	ispanstream.general	spanstream	std::basic_ispanstream::operator=	function	1		basic_ispanstream&operator = (basic_ispanstream&&rhs)
4317	ispanstream.general	spanstream	std::basic_ispanstream::swap	function	1		void swap(basic_ispanstream&rhs)
4318	ispanstream.general	spanstream	std::basic_ispanstream::rdbuf	function	1		basic_spanbuf<charT, traits>*rdbuf()const noexcept
4319	ispanstream.general	spanstream	std::basic_ispanstream::span	function	1		std::span<const charT>span()const noexcept
4320	ispanstream.general	spanstream	std::basic_ispanstream::span	function	1		void span(std::span<charT>s)noexcept
4321	ispanstream.general	spanstream	std::basic_ispanstream::span	function	1		void span(ROS&&s)noexcept
4322	ospanstream.general	spanstream	std::basic_ospanstream	classdef	2		class basic_ospanstream:public basic_ostream<charT, traits>
4323	ospanstream.general	spanstream	std::basic_ospanstream::char_type	alias	1		using char_type = charT
4324	ospanstream.general	spanstream	std::basic_ospanstream::int_type	alias	1		using int_type = traits::int_type
4325	ospanstream.general	spanstream	std::basic_ospanstream::pos_type	alias	1		using pos_type = traits::pos_type
4326	ospanstream.general	spanstream	std::basic_ospanstream::off_type	alias	1		using off_type = traits::off_type
4327	ospanstream.general	spanstream	std::basic_ospanstream::traits_type	alias	1		using traits_type = traits
4328	ospanstream.general	spanstream	std::basic_ospanstream::basic_ospanstream	function	2		explicit basic_ospanstream(std::span<charT>s, ios_base::openmode which = ios_base::out)
4329	ospanstream.general	spanstream	std::basic_ospanstream::basic_ospanstream	function	1		basic_ospanstream(const basic_ospanstream&) = delete
4330	ospanstream.general	spanstream	std::basic_ospanstream::basic_ospanstream	function	1		basic_ospanstream(basic_ospanstream&&rhs)
4331	ospanstream.general	spanstream	std::basic_ospanstream::operator=	function	1		basic_ospanstream&operator = (const basic_ospanstream&) = delete
4332	ospanstream.general	spanstream	std::basic_ospanstream::operator=	function	1		basic_ospanstream&operator = (basic_ospanstream&&rhs)
4333	ospanstream.general	spanstream	std::basic_ospanstream::swap	function	1		void swap(basic_ospanstream&rhs)
4334	ospanstream.general	spanstream	std::basic_ospanstream::rdbuf	function	1		basic_spanbuf<charT, traits>*rdbuf()const noexcept
4335	ospanstream.general	spanstream	std::basic_ospanstream::span	function	1		std::span<charT>span()const noexcept
4336	ospanstream.general	spanstream	std::basic_ospanstream::span	function	1		void span(std::span<charT>s)noexcept
4337	spanstream.general	spanstream	std::basic_spanstream	classdef	2		class basic_spanstream:public basic_iostream<charT, traits>
4338	spanstream.general	spanstream	std::basic_spanstream::char_type	alias	1		using char_type = charT
4339	spanstream.general	spanstream	std::basic_spanstream::int_type	alias	1		using int_type = traits::int_type
4340	spanstream.general	spanstream	std::basic_spanstream::pos_type	alias	1		using pos_type = traits::pos_type
4341	spanstream.general	spanstream	std::basic_spanstream::off_type	alias	1		using off_type = traits::off_type
4342	spanstream.general	spanstream	std::basic_spanstream::traits_type	alias	1		using traits_type = traits
4343	spanstream.general	spanstream	std::basic_spanstream::basic_spanstream	function	2		explicit basic_spanstream(std::span<charT>s, ios_base::openmode which = ios_base::out|ios_base::in)
4344	spanstream.general	spanstream	std::basic_spanstream::basic_spanstream	function	1		basic_spanstream(const basic_spanstream&) = delete
4345	spanstream.general	spanstream	std::basic_spanstream::basic_spanstream	function	1		basic_spanstream(basic_spanstream&&rhs)
4346	spanstream.general	spanstream	std::basic_spanstream::operator=	function	1		basic_spanstream&operator = (const basic_spanstream&) = delete
4347	spanstream.general	spanstream	std::basic_spanstream::operator=	function	1		basic_spanstream&operator = (basic_spanstream&&rhs)
4348	spanstream.general	spanstream	std::basic_spanstream::swap	function	1		void swap(basic_spanstream&rhs)
4349	spanstream.general	spanstream	std::basic_spanstream::rdbuf	function	1		basic_spanbuf<charT, traits>*rdbuf()const noexcept
4350	spanstream.general	spanstream	std::basic_spanstream::span	function	1		std::span<charT>span()const noexcept
4351	spanstream.general	spanstream	std::basic_spanstream::span	function	1		void span(std::span<charT>s)noexcept
4352	fstream.syn	fstream	std::basic_filebuf	classdecl	1	presence only: presence	class basic_filebuf
4353	fstream.syn	fstream	std::swap	function	1		void swap(basic_filebuf<charT, traits>&x, basic_filebuf<charT, traits>&y)
4354	fstream.syn	fstream	std::filebuf	alias	1		using filebuf = basic_filebuf<char>
4355	fstream.syn	fstream	std::wfilebuf	alias	1		using wfilebuf = basic_filebuf<wchar_t>
4356	fstream.syn	fstream	std::basic_ifstream	classdecl	1	presence only: presence	class basic_ifstream
4357	fstream.syn	fstream	std::swap	function	1		void swap(basic_ifstream<charT, traits>&x, basic_ifstream<charT, traits>&y)
4358	fstream.syn	fstream	std::ifstream	alias	1		using ifstream = basic_ifstream<char>
4359	fstream.syn	fstream	std::wifstream	alias	1		using wifstream = basic_ifstream<wchar_t>
4360	fstream.syn	fstream	std::basic_ofstream	classdecl	1	presence only: presence	class basic_ofstream
4361	fstream.syn	fstream	std::swap	function	1		void swap(basic_ofstream<charT, traits>&x, basic_ofstream<charT, traits>&y)
4362	fstream.syn	fstream	std::ofstream	alias	1		using ofstream = basic_ofstream<char>
4363	fstream.syn	fstream	std::wofstream	alias	1		using wofstream = basic_ofstream<wchar_t>
4364	fstream.syn	fstream	std::basic_fstream	classdecl	1	presence only: presence	class basic_fstream
4365	fstream.syn	fstream	std::swap	function	1		void swap(basic_fstream<charT, traits>&x, basic_fstream<charT, traits>&y)
4366	fstream.syn	fstream	std::fstream	alias	1		using fstream = basic_fstream<char>
4367	fstream.syn	fstream	std::wfstream	alias	1		using wfstream = basic_fstream<wchar_t>
4368	filebuf.general	fstream	std::basic_filebuf	classdef	2		class basic_filebuf:public basic_streambuf<charT, traits>
4369	filebuf.general	fstream	std::basic_filebuf::char_type	alias	1		using char_type = charT
4370	filebuf.general	fstream	std::basic_filebuf::int_type	alias	1		using int_type = traits::int_type
4371	filebuf.general	fstream	std::basic_filebuf::pos_type	alias	1		using pos_type = traits::pos_type
4372	filebuf.general	fstream	std::basic_filebuf::off_type	alias	1		using off_type = traits::off_type
4373	filebuf.general	fstream	std::basic_filebuf::traits_type	alias	1		using traits_type = traits
4374	filebuf.general	fstream	std::basic_filebuf::native_handle_type	alias	1		using native_handle_type = ⟨implementation-defined⟩
4375	filebuf.general	fstream	std::basic_filebuf::basic_filebuf	function	1		basic_filebuf()
4376	filebuf.general	fstream	std::basic_filebuf::basic_filebuf	function	1		basic_filebuf(const basic_filebuf&) = delete
4377	filebuf.general	fstream	std::basic_filebuf::basic_filebuf	function	1		basic_filebuf(basic_filebuf&&rhs)
4378	filebuf.general	fstream	std::basic_filebuf::~basic_filebuf	function	1		virtual~basic_filebuf()
4379	filebuf.general	fstream	std::basic_filebuf::operator=	function	1		basic_filebuf&operator = (const basic_filebuf&) = delete
4380	filebuf.general	fstream	std::basic_filebuf::operator=	function	1		basic_filebuf&operator = (basic_filebuf&&rhs)
4381	filebuf.general	fstream	std::basic_filebuf::swap	function	1		void swap(basic_filebuf&rhs)
4382	filebuf.general	fstream	std::basic_filebuf::is_open	function	1		bool is_open()const
4383	filebuf.general	fstream	std::basic_filebuf::open	function	1		basic_filebuf*open(const char*s, ios_base::openmode mode)
4384	filebuf.general	fstream	std::basic_filebuf::open	function	1		basic_filebuf*open(const filesystem::path::value_type*s, ios_base::openmode mode)
4385	filebuf.general	fstream	std::basic_filebuf::open	function	1		basic_filebuf*open(const string&s, ios_base::openmode mode)
4386	filebuf.general	fstream	std::basic_filebuf::open	function	1		basic_filebuf*open(const filesystem::path&s, ios_base::openmode mode)
4387	filebuf.general	fstream	std::basic_filebuf::close	function	1		basic_filebuf*close()
4388	filebuf.general	fstream	std::basic_filebuf::native_handle	function	1		native_handle_type native_handle()const noexcept
4389	filebuf.general	fstream	std::basic_filebuf::showmanyc	function	1		streamsize showmanyc()override
4390	filebuf.general	fstream	std::basic_filebuf::underflow	function	1		int_type underflow()override
4391	filebuf.general	fstream	std::basic_filebuf::uflow	function	1		int_type uflow()override
4392	filebuf.general	fstream	std::basic_filebuf::pbackfail	function	2		int_type pbackfail(int_type c = traits::eof())override
4393	filebuf.general	fstream	std::basic_filebuf::overflow	function	2		int_type overflow(int_type c = traits::eof())override
4394	filebuf.general	fstream	std::basic_filebuf::setbuf	function	1		basic_streambuf<charT, traits>*setbuf(char_type*s, streamsize n)override
4395	filebuf.general	fstream	std::basic_filebuf::seekoff	function	2		pos_type seekoff(off_type off, ios_base::seekdir way, ios_base::openmode which = ios_base::in|ios_base::out)override
4396	filebuf.general	fstream	std::basic_filebuf::seekpos	function	2		pos_type seekpos(pos_type sp, ios_base::openmode which = ios_base::in|ios_base::out)override
4397	filebuf.general	fstream	std::basic_filebuf::sync	function	1		int sync()override
4398	filebuf.general	fstream	std::basic_filebuf::imbue	function	1		void imbue(const locale&loc)override
4399	ifstream.general	fstream	std::basic_ifstream	classdef	2		class basic_ifstream:public basic_istream<charT, traits>
4400	ifstream.general	fstream	std::basic_ifstream::char_type	alias	1		using char_type = charT
4401	ifstream.general	fstream	std::basic_ifstream::int_type	alias	1		using int_type = traits::int_type
4402	ifstream.general	fstream	std::basic_ifstream::pos_type	alias	1		using pos_type = traits::pos_type
4403	ifstream.general	fstream	std::basic_ifstream::off_type	alias	1		using off_type = traits::off_type
4404	ifstream.general	fstream	std::basic_ifstream::traits_type	alias	1		using traits_type = traits
4405	ifstream.general	fstream	std::basic_ifstream::native_handle_type	alias	1		using native_handle_type = basic_filebuf<charT, traits>::native_handle_type
4406	ifstream.general	fstream	std::basic_ifstream::basic_ifstream	function	1		basic_ifstream()
4407	ifstream.general	fstream	std::basic_ifstream::basic_ifstream	function	2		explicit basic_ifstream(const char*s, ios_base::openmode mode = ios_base::in)
4408	ifstream.general	fstream	std::basic_ifstream::basic_ifstream	function	2		explicit basic_ifstream(const filesystem::path::value_type*s, ios_base::openmode mode = ios_base::in)
4409	ifstream.general	fstream	std::basic_ifstream::basic_ifstream	function	2		explicit basic_ifstream(const string&s, ios_base::openmode mode = ios_base::in)
4410	ifstream.general	fstream	std::basic_ifstream::basic_ifstream	function	2		explicit basic_ifstream(const T&s, ios_base::openmode mode = ios_base::in)
4411	ifstream.general	fstream	std::basic_ifstream::basic_ifstream	function	1		basic_ifstream(const basic_ifstream&) = delete
4412	ifstream.general	fstream	std::basic_ifstream::basic_ifstream	function	1		basic_ifstream(basic_ifstream&&rhs)
4413	ifstream.general	fstream	std::basic_ifstream::operator=	function	1		basic_ifstream&operator = (const basic_ifstream&) = delete
4414	ifstream.general	fstream	std::basic_ifstream::operator=	function	1		basic_ifstream&operator = (basic_ifstream&&rhs)
4415	ifstream.general	fstream	std::basic_ifstream::swap	function	1		void swap(basic_ifstream&rhs)
4416	ifstream.general	fstream	std::basic_ifstream::rdbuf	function	1		basic_filebuf<charT, traits>*rdbuf()const
4417	ifstream.general	fstream	std::basic_ifstream::native_handle	function	1		native_handle_type native_handle()const noexcept
4418	ifstream.general	fstream	std::basic_ifstream::is_open	function	1		bool is_open()const
4419	ifstream.general	fstream	std::basic_ifstream::open	function	2		void open(const char*s, ios_base::openmode mode = ios_base::in)
4420	ifstream.general	fstream	std::basic_ifstream::open	function	2		void open(const filesystem::path::value_type*s, ios_base::openmode mode = ios_base::in)
4421	ifstream.general	fstream	std::basic_ifstream::open	function	2		void open(const string&s, ios_base::openmode mode = ios_base::in)
4422	ifstream.general	fstream	std::basic_ifstream::open	function	2		void open(const filesystem::path&s, ios_base::openmode mode = ios_base::in)
4423	ifstream.general	fstream	std::basic_ifstream::close	function	1		void close()
4424	ofstream.general	fstream	std::basic_ofstream	classdef	2		class basic_ofstream:public basic_ostream<charT, traits>
4425	ofstream.general	fstream	std::basic_ofstream::char_type	alias	1		using char_type = charT
4426	ofstream.general	fstream	std::basic_ofstream::int_type	alias	1		using int_type = traits::int_type
4427	ofstream.general	fstream	std::basic_ofstream::pos_type	alias	1		using pos_type = traits::pos_type
4428	ofstream.general	fstream	std::basic_ofstream::off_type	alias	1		using off_type = traits::off_type
4429	ofstream.general	fstream	std::basic_ofstream::traits_type	alias	1		using traits_type = traits
4430	ofstream.general	fstream	std::basic_ofstream::native_handle_type	alias	1		using native_handle_type = basic_filebuf<charT, traits>::native_handle_type
4431	ofstream.general	fstream	std::basic_ofstream::basic_ofstream	function	1		basic_ofstream()
4432	ofstream.general	fstream	std::basic_ofstream::basic_ofstream	function	2		explicit basic_ofstream(const char*s, ios_base::openmode mode = ios_base::out)
4433	ofstream.general	fstream	std::basic_ofstream::basic_ofstream	function	2		explicit basic_ofstream(const filesystem::path::value_type*s, ios_base::openmode mode = ios_base::out)
4434	ofstream.general	fstream	std::basic_ofstream::basic_ofstream	function	2		explicit basic_ofstream(const string&s, ios_base::openmode mode = ios_base::out)
4435	ofstream.general	fstream	std::basic_ofstream::basic_ofstream	function	2		explicit basic_ofstream(const T&s, ios_base::openmode mode = ios_base::out)
4436	ofstream.general	fstream	std::basic_ofstream::basic_ofstream	function	1		basic_ofstream(const basic_ofstream&) = delete
4437	ofstream.general	fstream	std::basic_ofstream::basic_ofstream	function	1		basic_ofstream(basic_ofstream&&rhs)
4438	ofstream.general	fstream	std::basic_ofstream::operator=	function	1		basic_ofstream&operator = (const basic_ofstream&) = delete
4439	ofstream.general	fstream	std::basic_ofstream::operator=	function	1		basic_ofstream&operator = (basic_ofstream&&rhs)
4440	ofstream.general	fstream	std::basic_ofstream::swap	function	1		void swap(basic_ofstream&rhs)
4441	ofstream.general	fstream	std::basic_ofstream::rdbuf	function	1		basic_filebuf<charT, traits>*rdbuf()const
4442	ofstream.general	fstream	std::basic_ofstream::native_handle	function	1		native_handle_type native_handle()const noexcept
4443	ofstream.general	fstream	std::basic_ofstream::is_open	function	1		bool is_open()const
4444	ofstream.general	fstream	std::basic_ofstream::open	function	2		void open(const char*s, ios_base::openmode mode = ios_base::out)
4445	ofstream.general	fstream	std::basic_ofstream::open	function	2		void open(const filesystem::path::value_type*s, ios_base::openmode mode = ios_base::out)
4446	ofstream.general	fstream	std::basic_ofstream::open	function	2		void open(const string&s, ios_base::openmode mode = ios_base::out)
4447	ofstream.general	fstream	std::basic_ofstream::open	function	2		void open(const filesystem::path&s, ios_base::openmode mode = ios_base::out)
4448	ofstream.general	fstream	std::basic_ofstream::close	function	1		void close()
4449	fstream.general	fstream	std::basic_fstream	classdef	2		class basic_fstream:public basic_iostream<charT, traits>
4450	fstream.general	fstream	std::basic_fstream::char_type	alias	1		using char_type = charT
4451	fstream.general	fstream	std::basic_fstream::int_type	alias	1		using int_type = traits::int_type
4452	fstream.general	fstream	std::basic_fstream::pos_type	alias	1		using pos_type = traits::pos_type
4453	fstream.general	fstream	std::basic_fstream::off_type	alias	1		using off_type = traits::off_type
4454	fstream.general	fstream	std::basic_fstream::traits_type	alias	1		using traits_type = traits
4455	fstream.general	fstream	std::basic_fstream::native_handle_type	alias	1		using native_handle_type = basic_filebuf<charT, traits>::native_handle_type
4456	fstream.general	fstream	std::basic_fstream::basic_fstream	function	1		basic_fstream()
4457	fstream.general	fstream	std::basic_fstream::basic_fstream	function	2		explicit basic_fstream(const char*s, ios_base::openmode mode = ios_base::in|ios_base::out)
4458	fstream.general	fstream	std::basic_fstream::basic_fstream	function	2		explicit basic_fstream(const filesystem::path::value_type*s, ios_base::openmode mode = ios_base::in|ios_base::out)
4459	fstream.general	fstream	std::basic_fstream::basic_fstream	function	2		explicit basic_fstream(const string&s, ios_base::openmode mode = ios_base::in|ios_base::out)
4460	fstream.general	fstream	std::basic_fstream::basic_fstream	function	2		explicit basic_fstream(const T&s, ios_base::openmode mode = ios_base::in|ios_base::out)
4461	fstream.general	fstream	std::basic_fstream::basic_fstream	function	1		basic_fstream(const basic_fstream&) = delete
4462	fstream.general	fstream	std::basic_fstream::basic_fstream	function	1		basic_fstream(basic_fstream&&rhs)
4463	fstream.general	fstream	std::basic_fstream::operator=	function	1		basic_fstream&operator = (const basic_fstream&) = delete
4464	fstream.general	fstream	std::basic_fstream::operator=	function	1		basic_fstream&operator = (basic_fstream&&rhs)
4465	fstream.general	fstream	std::basic_fstream::swap	function	1		void swap(basic_fstream&rhs)
4466	fstream.general	fstream	std::basic_fstream::rdbuf	function	1		basic_filebuf<charT, traits>*rdbuf()const
4467	fstream.general	fstream	std::basic_fstream::native_handle	function	1		native_handle_type native_handle()const noexcept
4468	fstream.general	fstream	std::basic_fstream::is_open	function	1		bool is_open()const
4469	fstream.general	fstream	std::basic_fstream::open	function	2		void open(const char*s, ios_base::openmode mode = ios_base::in|ios_base::out)
4470	fstream.general	fstream	std::basic_fstream::open	function	2		void open(const filesystem::path::value_type*s, ios_base::openmode mode = ios_base::in|ios_base::out)
4471	fstream.general	fstream	std::basic_fstream::open	function	2		void open(const string&s, ios_base::openmode mode = ios_base::in|ios_base::out)
4472	fstream.general	fstream	std::basic_fstream::open	function	2		void open(const filesystem::path&s, ios_base::openmode mode = ios_base::in|ios_base::out)
4473	fstream.general	fstream	std::basic_fstream::close	function	1		void close()
4474	syncstream.syn	syncstream	std::basic_syncbuf	classdecl	1	presence only: presence	class basic_syncbuf
4475	syncstream.syn	syncstream	std::swap	function	1		void swap(basic_syncbuf<charT, traits, Allocator>&, basic_syncbuf<charT, traits, Allocator>&)
4476	syncstream.syn	syncstream	std::syncbuf	alias	1		using syncbuf = basic_syncbuf<char>
4477	syncstream.syn	syncstream	std::wsyncbuf	alias	1		using wsyncbuf = basic_syncbuf<wchar_t>
4478	syncstream.syn	syncstream	std::basic_osyncstream	classdecl	1	presence only: presence	class basic_osyncstream
4479	syncstream.syn	syncstream	std::osyncstream	alias	1		using osyncstream = basic_osyncstream<char>
4480	syncstream.syn	syncstream	std::wosyncstream	alias	1		using wosyncstream = basic_osyncstream<wchar_t>
4481	syncstream.syncbuf.overview	syncstream	std::basic_syncbuf	classdef	2		class basic_syncbuf:public basic_streambuf<charT, traits>
4482	syncstream.syncbuf.overview	syncstream	std::basic_syncbuf::char_type	alias	1		using char_type = charT
4483	syncstream.syncbuf.overview	syncstream	std::basic_syncbuf::int_type	alias	1		using int_type = traits::int_type
4484	syncstream.syncbuf.overview	syncstream	std::basic_syncbuf::pos_type	alias	1		using pos_type = traits::pos_type
4485	syncstream.syncbuf.overview	syncstream	std::basic_syncbuf::off_type	alias	1		using off_type = traits::off_type
4486	syncstream.syncbuf.overview	syncstream	std::basic_syncbuf::traits_type	alias	1		using traits_type = traits
4487	syncstream.syncbuf.overview	syncstream	std::basic_syncbuf::allocator_type	alias	1		using allocator_type = Allocator
4488	syncstream.syncbuf.overview	syncstream	std::basic_syncbuf::streambuf_type	alias	1		using streambuf_type = basic_streambuf<charT, traits>
4489	syncstream.syncbuf.overview	syncstream	std::basic_syncbuf::basic_syncbuf	function	1		basic_syncbuf():basic_syncbuf(nullptr)
4490	syncstream.syncbuf.overview	syncstream	std::basic_syncbuf::basic_syncbuf	function	1		explicit basic_syncbuf(streambuf_type*obuf):basic_syncbuf(obuf, Allocator())
4491	syncstream.syncbuf.overview	syncstream	std::basic_syncbuf::basic_syncbuf	function	1		basic_syncbuf(streambuf_type*, const Allocator&)
4492	syncstream.syncbuf.overview	syncstream	std::basic_syncbuf::basic_syncbuf	function	1		basic_syncbuf(basic_syncbuf&&)
4493	syncstream.syncbuf.overview	syncstream	std::basic_syncbuf::~basic_syncbuf	function	1		~basic_syncbuf()
4494	syncstream.syncbuf.overview	syncstream	std::basic_syncbuf::operator=	function	1		basic_syncbuf&operator = (basic_syncbuf&&)
4495	syncstream.syncbuf.overview	syncstream	std::basic_syncbuf::swap	function	1		void swap(basic_syncbuf&)
4496	syncstream.syncbuf.overview	syncstream	std::basic_syncbuf::emit	function	1		bool emit()
4497	syncstream.syncbuf.overview	syncstream	std::basic_syncbuf::get_wrapped	function	1		streambuf_type*get_wrapped()const noexcept
4498	syncstream.syncbuf.overview	syncstream	std::basic_syncbuf::get_allocator	function	1		allocator_type get_allocator()const noexcept
4499	syncstream.syncbuf.overview	syncstream	std::basic_syncbuf::set_emit_on_sync	function	1		void set_emit_on_sync(bool)noexcept
4500	syncstream.syncbuf.overview	syncstream	std::basic_syncbuf::sync	function	1		int sync()override
4501	syncstream.osyncstream.overview	syncstream	std::basic_osyncstream	classdef	2		class basic_osyncstream:public basic_ostream<charT, traits>
4502	syncstream.osyncstream.overview	syncstream	std::basic_osyncstream::char_type	alias	1		using char_type = charT
4503	syncstream.osyncstream.overview	syncstream	std::basic_osyncstream::int_type	alias	1		using int_type = traits::int_type
4504	syncstream.osyncstream.overview	syncstream	std::basic_osyncstream::pos_type	alias	1		using pos_type = traits::pos_type
4505	syncstream.osyncstream.overview	syncstream	std::basic_osyncstream::off_type	alias	1		using off_type = traits::off_type
4506	syncstream.osyncstream.overview	syncstream	std::basic_osyncstream::traits_type	alias	1		using traits_type = traits
4507	syncstream.osyncstream.overview	syncstream	std::basic_osyncstream::allocator_type	alias	1		using allocator_type = Allocator
4508	syncstream.osyncstream.overview	syncstream	std::basic_osyncstream::streambuf_type	alias	1		using streambuf_type = basic_streambuf<charT, traits>
4509	syncstream.osyncstream.overview	syncstream	std::basic_osyncstream::syncbuf_type	alias	1		using syncbuf_type = basic_syncbuf<charT, traits, Allocator>
4510	syncstream.osyncstream.overview	syncstream	std::basic_osyncstream::basic_osyncstream	function	1		basic_osyncstream(streambuf_type*, const Allocator&)
4511	syncstream.osyncstream.overview	syncstream	std::basic_osyncstream::basic_osyncstream	function	1		explicit basic_osyncstream(streambuf_type*obuf):basic_osyncstream(obuf, Allocator())
4512	syncstream.osyncstream.overview	syncstream	std::basic_osyncstream::basic_osyncstream	function	1		basic_osyncstream(basic_ostream<charT, traits>&os, const Allocator&allocator):basic_osyncstream(os.rdbuf(), allocator)
4513	syncstream.osyncstream.overview	syncstream	std::basic_osyncstream::basic_osyncstream	function	1		explicit basic_osyncstream(basic_ostream<charT, traits>&os):basic_osyncstream(os, Allocator())
4514	syncstream.osyncstream.overview	syncstream	std::basic_osyncstream::basic_osyncstream	function	1		basic_osyncstream(basic_osyncstream&&)noexcept
4515	syncstream.osyncstream.overview	syncstream	std::basic_osyncstream::~basic_osyncstream	function	1		~basic_osyncstream()
4516	syncstream.osyncstream.overview	syncstream	std::basic_osyncstream::operator=	function	1		basic_osyncstream&operator = (basic_osyncstream&&)
4517	syncstream.osyncstream.overview	syncstream	std::basic_osyncstream::emit	function	1		void emit()
4518	syncstream.osyncstream.overview	syncstream	std::basic_osyncstream::get_wrapped	function	1		streambuf_type*get_wrapped()const noexcept
4519	syncstream.osyncstream.overview	syncstream	std::basic_osyncstream::rdbuf	function	1		syncbuf_type*rdbuf()const noexcept
4520	fs.filesystem.syn	filesystem	std::filesystem::path	classdecl	1	presence only: presence	class path
4521	fs.filesystem.syn	filesystem	std::filesystem::swap	function	1		void swap(path&lhs, path&rhs)noexcept
4522	fs.filesystem.syn	filesystem	std::filesystem::hash_value	function	1		size_t hash_value(const path&p)noexcept
4523	fs.filesystem.syn	filesystem	std::filesystem::filesystem_error	classdecl	1	presence only: presence	class filesystem_error
4524	fs.filesystem.syn	filesystem	std::filesystem::directory_entry	classdecl	1	presence only: presence	class directory_entry
4525	fs.filesystem.syn	filesystem	std::filesystem::directory_iterator	classdecl	1	presence only: presence	class directory_iterator
4526	fs.filesystem.syn	filesystem	std::filesystem::begin	function	1		directory_iterator begin(directory_iterator iter)noexcept
4527	fs.filesystem.syn	filesystem	std::filesystem::end	function	1		directory_iterator end(directory_iterator)noexcept
4528	fs.filesystem.syn	filesystem	std::filesystem::recursive_directory_iterator	classdecl	1	presence only: presence	class recursive_directory_iterator
4529	fs.filesystem.syn	filesystem	std::filesystem::begin	function	1		recursive_directory_iterator begin(recursive_directory_iterator iter)noexcept
4530	fs.filesystem.syn	filesystem	std::filesystem::end	function	1		recursive_directory_iterator end(recursive_directory_iterator)noexcept
4531	fs.filesystem.syn	filesystem	std::filesystem::file_status	classdecl	1	presence only: presence	class file_status
4532	fs.filesystem.syn	filesystem	std::filesystem::space_info	classdef	1	presence only: presence	struct space_info
4533	fs.filesystem.syn	filesystem	std::filesystem::space_info::capacity	variable	1		uintmax_t capacity
4534	fs.filesystem.syn	filesystem	std::filesystem::space_info::free	variable	1		uintmax_t free
4535	fs.filesystem.syn	filesystem	std::filesystem::space_info::available	variable	1		uintmax_t available
4536	fs.filesystem.syn	filesystem	std::filesystem::space_info::operator==	function	1		friend bool operator==(const space_info&, const space_info&) = default
4537	fs.filesystem.syn	filesystem	std::filesystem::file_type	enumdecl	1	presence only: presence	enum class file_type
4538	fs.filesystem.syn	filesystem	std::filesystem::perms	enumdecl	1	presence only: presence	enum class perms
4539	fs.filesystem.syn	filesystem	std::filesystem::perm_options	enumdecl	1	presence only: presence	enum class perm_options
4540	fs.filesystem.syn	filesystem	std::filesystem::copy_options	enumdecl	1	presence only: presence	enum class copy_options
4541	fs.filesystem.syn	filesystem	std::filesystem::directory_options	enumdecl	1	presence only: presence	enum class directory_options
4542	fs.filesystem.syn	filesystem	std::filesystem::file_time_type	alias	1		using file_time_type = chrono::time_point<chrono::file_clock>
4543	fs.filesystem.syn	filesystem	std::filesystem::absolute	function	1		path absolute(const path&p)
4544	fs.filesystem.syn	filesystem	std::filesystem::absolute	function	1		path absolute(const path&p, error_code&ec)
4545	fs.filesystem.syn	filesystem	std::filesystem::canonical	function	1		path canonical(const path&p)
4546	fs.filesystem.syn	filesystem	std::filesystem::canonical	function	1		path canonical(const path&p, error_code&ec)
4547	fs.filesystem.syn	filesystem	std::filesystem::copy	function	1		void copy(const path&from, const path&to)
4548	fs.filesystem.syn	filesystem	std::filesystem::copy	function	1		void copy(const path&from, const path&to, error_code&ec)
4549	fs.filesystem.syn	filesystem	std::filesystem::copy	function	1		void copy(const path&from, const path&to, copy_options options)
4550	fs.filesystem.syn	filesystem	std::filesystem::copy	function	1		void copy(const path&from, const path&to, copy_options options, error_code&ec)
4551	fs.filesystem.syn	filesystem	std::filesystem::copy_file	function	1		bool copy_file(const path&from, const path&to)
4552	fs.filesystem.syn	filesystem	std::filesystem::copy_file	function	1		bool copy_file(const path&from, const path&to, error_code&ec)
4553	fs.filesystem.syn	filesystem	std::filesystem::copy_file	function	1		bool copy_file(const path&from, const path&to, copy_options option)
4554	fs.filesystem.syn	filesystem	std::filesystem::copy_file	function	1		bool copy_file(const path&from, const path&to, copy_options option, error_code&ec)
4555	fs.filesystem.syn	filesystem	std::filesystem::copy_symlink	function	1		void copy_symlink(const path&existing_symlink, const path&new_symlink)
4556	fs.filesystem.syn	filesystem	std::filesystem::copy_symlink	function	1		void copy_symlink(const path&existing_symlink, const path&new_symlink, error_code&ec)noexcept
4557	fs.filesystem.syn	filesystem	std::filesystem::create_directories	function	1		bool create_directories(const path&p)
4558	fs.filesystem.syn	filesystem	std::filesystem::create_directories	function	1		bool create_directories(const path&p, error_code&ec)
4559	fs.filesystem.syn	filesystem	std::filesystem::create_directory	function	1		bool create_directory(const path&p)
4560	fs.filesystem.syn	filesystem	std::filesystem::create_directory	function	1		bool create_directory(const path&p, error_code&ec)noexcept
4561	fs.filesystem.syn	filesystem	std::filesystem::create_directory	function	1		bool create_directory(const path&p, const path&attributes)
4562	fs.filesystem.syn	filesystem	std::filesystem::create_directory	function	1		bool create_directory(const path&p, const path&attributes, error_code&ec)noexcept
4563	fs.filesystem.syn	filesystem	std::filesystem::create_directory_symlink	function	1		void create_directory_symlink(const path&to, const path&new_symlink)
4564	fs.filesystem.syn	filesystem	std::filesystem::create_directory_symlink	function	1		void create_directory_symlink(const path&to, const path&new_symlink, error_code&ec)noexcept
4565	fs.filesystem.syn	filesystem	std::filesystem::create_hard_link	function	1		void create_hard_link(const path&to, const path&new_hard_link)
4566	fs.filesystem.syn	filesystem	std::filesystem::create_hard_link	function	1		void create_hard_link(const path&to, const path&new_hard_link, error_code&ec)noexcept
4567	fs.filesystem.syn	filesystem	std::filesystem::create_symlink	function	1		void create_symlink(const path&to, const path&new_symlink)
4568	fs.filesystem.syn	filesystem	std::filesystem::create_symlink	function	1		void create_symlink(const path&to, const path&new_symlink, error_code&ec)noexcept
4569	fs.filesystem.syn	filesystem	std::filesystem::current_path	function	1		path current_path()
4570	fs.filesystem.syn	filesystem	std::filesystem::current_path	function	1		path current_path(error_code&ec)
4571	fs.filesystem.syn	filesystem	std::filesystem::current_path	function	1		void current_path(const path&p)
4572	fs.filesystem.syn	filesystem	std::filesystem::current_path	function	1		void current_path(const path&p, error_code&ec)noexcept
4573	fs.filesystem.syn	filesystem	std::filesystem::equivalent	function	1		bool equivalent(const path&p1, const path&p2)
4574	fs.filesystem.syn	filesystem	std::filesystem::equivalent	function	1		bool equivalent(const path&p1, const path&p2, error_code&ec)noexcept
4575	fs.filesystem.syn	filesystem	std::filesystem::exists	function	1		bool exists(file_status s)noexcept
4576	fs.filesystem.syn	filesystem	std::filesystem::exists	function	1		bool exists(const path&p)
4577	fs.filesystem.syn	filesystem	std::filesystem::exists	function	1		bool exists(const path&p, error_code&ec)noexcept
4578	fs.filesystem.syn	filesystem	std::filesystem::file_size	function	1		uintmax_t file_size(const path&p)
4579	fs.filesystem.syn	filesystem	std::filesystem::file_size	function	1		uintmax_t file_size(const path&p, error_code&ec)noexcept
4580	fs.filesystem.syn	filesystem	std::filesystem::hard_link_count	function	1		uintmax_t hard_link_count(const path&p)
4581	fs.filesystem.syn	filesystem	std::filesystem::hard_link_count	function	1		uintmax_t hard_link_count(const path&p, error_code&ec)noexcept
4582	fs.filesystem.syn	filesystem	std::filesystem::is_block_file	function	1		bool is_block_file(file_status s)noexcept
4583	fs.filesystem.syn	filesystem	std::filesystem::is_block_file	function	1		bool is_block_file(const path&p)
4584	fs.filesystem.syn	filesystem	std::filesystem::is_block_file	function	1		bool is_block_file(const path&p, error_code&ec)noexcept
4585	fs.filesystem.syn	filesystem	std::filesystem::is_character_file	function	1		bool is_character_file(file_status s)noexcept
4586	fs.filesystem.syn	filesystem	std::filesystem::is_character_file	function	1		bool is_character_file(const path&p)
4587	fs.filesystem.syn	filesystem	std::filesystem::is_character_file	function	1		bool is_character_file(const path&p, error_code&ec)noexcept
4588	fs.filesystem.syn	filesystem	std::filesystem::is_directory	function	1		bool is_directory(file_status s)noexcept
4589	fs.filesystem.syn	filesystem	std::filesystem::is_directory	function	1		bool is_directory(const path&p)
4590	fs.filesystem.syn	filesystem	std::filesystem::is_directory	function	1		bool is_directory(const path&p, error_code&ec)noexcept
4591	fs.filesystem.syn	filesystem	std::filesystem::is_empty	function	1		bool is_empty(const path&p)
4592	fs.filesystem.syn	filesystem	std::filesystem::is_empty	function	1		bool is_empty(const path&p, error_code&ec)
4593	fs.filesystem.syn	filesystem	std::filesystem::is_fifo	function	1		bool is_fifo(file_status s)noexcept
4594	fs.filesystem.syn	filesystem	std::filesystem::is_fifo	function	1		bool is_fifo(const path&p)
4595	fs.filesystem.syn	filesystem	std::filesystem::is_fifo	function	1		bool is_fifo(const path&p, error_code&ec)noexcept
4596	fs.filesystem.syn	filesystem	std::filesystem::is_other	function	1		bool is_other(file_status s)noexcept
4597	fs.filesystem.syn	filesystem	std::filesystem::is_other	function	1		bool is_other(const path&p)
4598	fs.filesystem.syn	filesystem	std::filesystem::is_other	function	1		bool is_other(const path&p, error_code&ec)noexcept
4599	fs.filesystem.syn	filesystem	std::filesystem::is_regular_file	function	1		bool is_regular_file(file_status s)noexcept
4600	fs.filesystem.syn	filesystem	std::filesystem::is_regular_file	function	1		bool is_regular_file(const path&p)
4601	fs.filesystem.syn	filesystem	std::filesystem::is_regular_file	function	1		bool is_regular_file(const path&p, error_code&ec)noexcept
4602	fs.filesystem.syn	filesystem	std::filesystem::is_socket	function	1		bool is_socket(file_status s)noexcept
4603	fs.filesystem.syn	filesystem	std::filesystem::is_socket	function	1		bool is_socket(const path&p)
4604	fs.filesystem.syn	filesystem	std::filesystem::is_socket	function	1		bool is_socket(const path&p, error_code&ec)noexcept
4605	fs.filesystem.syn	filesystem	std::filesystem::is_symlink	function	1		bool is_symlink(file_status s)noexcept
4606	fs.filesystem.syn	filesystem	std::filesystem::is_symlink	function	1		bool is_symlink(const path&p)
4607	fs.filesystem.syn	filesystem	std::filesystem::is_symlink	function	1		bool is_symlink(const path&p, error_code&ec)noexcept
4608	fs.filesystem.syn	filesystem	std::filesystem::last_write_time	function	1		file_time_type last_write_time(const path&p)
4609	fs.filesystem.syn	filesystem	std::filesystem::last_write_time	function	1		file_time_type last_write_time(const path&p, error_code&ec)noexcept
4610	fs.filesystem.syn	filesystem	std::filesystem::last_write_time	function	1		void last_write_time(const path&p, file_time_type new_time)
4611	fs.filesystem.syn	filesystem	std::filesystem::last_write_time	function	1		void last_write_time(const path&p, file_time_type new_time, error_code&ec)noexcept
4612	fs.filesystem.syn	filesystem	std::filesystem::permissions	function	2		void permissions(const path&p, perms prms, perm_options opts = perm_options::replace)
4613	fs.filesystem.syn	filesystem	std::filesystem::permissions	function	1		void permissions(const path&p, perms prms, error_code&ec)noexcept
4614	fs.filesystem.syn	filesystem	std::filesystem::permissions	function	1		void permissions(const path&p, perms prms, perm_options opts, error_code&ec)
4615	fs.filesystem.syn	filesystem	std::filesystem::proximate	function	1		path proximate(const path&p, error_code&ec)
4616	fs.filesystem.syn	filesystem	std::filesystem::proximate	function	2		path proximate(const path&p, const path&base = current_path())
4617	fs.filesystem.syn	filesystem	std::filesystem::proximate	function	1		path proximate(const path&p, const path&base, error_code&ec)
4618	fs.filesystem.syn	filesystem	std::filesystem::read_symlink	function	1		path read_symlink(const path&p)
4619	fs.filesystem.syn	filesystem	std::filesystem::read_symlink	function	1		path read_symlink(const path&p, error_code&ec)
4620	fs.filesystem.syn	filesystem	std::filesystem::relative	function	1		path relative(const path&p, error_code&ec)
4621	fs.filesystem.syn	filesystem	std::filesystem::relative	function	2		path relative(const path&p, const path&base = current_path())
4622	fs.filesystem.syn	filesystem	std::filesystem::relative	function	1		path relative(const path&p, const path&base, error_code&ec)
4623	fs.filesystem.syn	filesystem	std::filesystem::remove	function	1		bool remove(const path&p)
4624	fs.filesystem.syn	filesystem	std::filesystem::remove	function	1		bool remove(const path&p, error_code&ec)noexcept
4625	fs.filesystem.syn	filesystem	std::filesystem::remove_all	function	1		uintmax_t remove_all(const path&p)
4626	fs.filesystem.syn	filesystem	std::filesystem::remove_all	function	1		uintmax_t remove_all(const path&p, error_code&ec)
4627	fs.filesystem.syn	filesystem	std::filesystem::rename	function	1		void rename(const path&from, const path&to)
4628	fs.filesystem.syn	filesystem	std::filesystem::rename	function	1		void rename(const path&from, const path&to, error_code&ec)noexcept
4629	fs.filesystem.syn	filesystem	std::filesystem::resize_file	function	1		void resize_file(const path&p, uintmax_t size)
4630	fs.filesystem.syn	filesystem	std::filesystem::resize_file	function	1		void resize_file(const path&p, uintmax_t size, error_code&ec)noexcept
4631	fs.filesystem.syn	filesystem	std::filesystem::space	function	1		space_info space(const path&p)
4632	fs.filesystem.syn	filesystem	std::filesystem::space	function	1		space_info space(const path&p, error_code&ec)noexcept
4633	fs.filesystem.syn	filesystem	std::filesystem::status	function	1		file_status status(const path&p)
4634	fs.filesystem.syn	filesystem	std::filesystem::status	function	1		file_status status(const path&p, error_code&ec)noexcept
4635	fs.filesystem.syn	filesystem	std::filesystem::status_known	function	1		bool status_known(file_status s)noexcept
4636	fs.filesystem.syn	filesystem	std::filesystem::symlink_status	function	1		file_status symlink_status(const path&p)
4637	fs.filesystem.syn	filesystem	std::filesystem::symlink_status	function	1		file_status symlink_status(const path&p, error_code&ec)noexcept
4638	fs.filesystem.syn	filesystem	std::filesystem::temp_directory_path	function	1		path temp_directory_path()
4639	fs.filesystem.syn	filesystem	std::filesystem::temp_directory_path	function	1		path temp_directory_path(error_code&ec)
4640	fs.filesystem.syn	filesystem	std::filesystem::weakly_canonical	function	1		path weakly_canonical(const path&p)
4641	fs.filesystem.syn	filesystem	std::filesystem::weakly_canonical	function	1		path weakly_canonical(const path&p, error_code&ec)
4642	fs.filesystem.syn	filesystem	std::formatter	classdecl	1		struct formatter<filesystem::path, charT>
4643	fs.filesystem.syn	filesystem	std::hash	classdecl	1	presence only: presence	struct hash
4644	fs.filesystem.syn	filesystem	std::hash	classdecl	1		struct hash<filesystem::path>
4645	fs.filesystem.syn	filesystem	std::ranges::enable_borrowed_range	variable	1		inline constexpr bool enable_borrowed_range<filesystem::directory_iterator> = true
4646	fs.filesystem.syn	filesystem	std::ranges::enable_borrowed_range	variable	1		inline constexpr bool enable_borrowed_range<filesystem::recursive_directory_iterator> = true
4647	fs.filesystem.syn	filesystem	std::ranges::enable_view	variable	1		inline constexpr bool enable_view<filesystem::directory_iterator> = true
4648	fs.filesystem.syn	filesystem	std::ranges::enable_view	variable	1		inline constexpr bool enable_view<filesystem::recursive_directory_iterator> = true
4649	fs.class.path.general	filesystem	std::filesystem::path	classdef	1	presence only: presence	class path
4650	fs.class.path.general	filesystem	std::filesystem::path::value_type	alias	1		using value_type = ⟨see below⟩
4651	fs.class.path.general	filesystem	std::filesystem::path::string_type	alias	1		using string_type = basic_string<value_type>
4652	fs.class.path.general	filesystem	std::filesystem::path::preferred_separator	variable	1		static constexpr value_type preferred_separator = ⟨see below⟩
4653	fs.class.path.general	filesystem	std::filesystem::path::format	enumdecl	1	presence only: presence	enum format
4654	fs.class.path.general	filesystem	std::filesystem::path::path	function	1		path()noexcept
4655	fs.class.path.general	filesystem	std::filesystem::path::path	function	1		path(const path&p)
4656	fs.class.path.general	filesystem	std::filesystem::path::path	function	1		path(path&&p)noexcept
4657	fs.class.path.general	filesystem	std::filesystem::path::path	function	2		path(string_type&&source, format fmt = auto_format)
4658	fs.class.path.general	filesystem	std::filesystem::path::path	function	2		path(const Source&source, format fmt = auto_format)
4659	fs.class.path.general	filesystem	std::filesystem::path::path	function	2		path(InputIterator first, InputIterator last, format fmt = auto_format)
4660	fs.class.path.general	filesystem	std::filesystem::path::path	function	2		path(const Source&source, const locale&loc, format fmt = auto_format)
4661	fs.class.path.general	filesystem	std::filesystem::path::path	function	2		path(InputIterator first, InputIterator last, const locale&loc, format fmt = auto_format)
4662	fs.class.path.general	filesystem	std::filesystem::path::~path	function	1		~path()
4663	fs.class.path.general	filesystem	std::filesystem::path::operator=	function	1		path&operator = (const path&p)
4664	fs.class.path.general	filesystem	std::filesystem::path::operator=	function	1		path&operator = (path&&p)noexcept
4665	fs.class.path.general	filesystem	std::filesystem::path::operator=	function	1		path&operator = (string_type&&source)
4666	fs.class.path.general	filesystem	std::filesystem::path::assign	function	1		path&assign(string_type&&source)
4667	fs.class.path.general	filesystem	std::filesystem::path::operator=	function	1		path&operator = (const Source&source)
4668	fs.class.path.general	filesystem	std::filesystem::path::assign	function	1		path&assign(const Source&source)
4669	fs.class.path.general	filesystem	std::filesystem::path::assign	function	1		path&assign(InputIterator first, InputIterator last)
4670	fs.class.path.general	filesystem	std::filesystem::path::operator/=	function	1		path&operator/=(const path&p)
4671	fs.class.path.general	filesystem	std::filesystem::path::operator/=	function	1		path&operator/=(const Source&source)
4672	fs.class.path.general	filesystem	std::filesystem::path::append	function	1		path&append(const Source&source)
4673	fs.class.path.general	filesystem	std::filesystem::path::append	function	1		path&append(InputIterator first, InputIterator last)
4674	fs.class.path.general	filesystem	std::filesystem::path::operator+=	function	1		path&operator+=(const path&x)
4675	fs.class.path.general	filesystem	std::filesystem::path::operator+=	function	1		path&operator+=(const string_type&x)
4676	fs.class.path.general	filesystem	std::filesystem::path::operator+=	function	1		path&operator+=(basic_string_view<value_type>x)
4677	fs.class.path.general	filesystem	std::filesystem::path::operator+=	function	1		path&operator+=(const value_type*x)
4678	fs.class.path.general	filesystem	std::filesystem::path::operator+=	function	1		path&operator+=(value_type x)
4679	fs.class.path.general	filesystem	std::filesystem::path::operator+=	function	1		path&operator+=(const Source&x)
4680	fs.class.path.general	filesystem	std::filesystem::path::operator+=	function	1		path&operator+=(EcharT x)
4681	fs.class.path.general	filesystem	std::filesystem::path::concat	function	1		path&concat(const Source&x)
4682	fs.class.path.general	filesystem	std::filesystem::path::concat	function	1		path&concat(InputIterator first, InputIterator last)
4683	fs.class.path.general	filesystem	std::filesystem::path::clear	function	1		void clear()noexcept
4684	fs.class.path.general	filesystem	std::filesystem::path::make_preferred	function	1		path&make_preferred()
4685	fs.class.path.general	filesystem	std::filesystem::path::remove_filename	function	1		path&remove_filename()
4686	fs.class.path.general	filesystem	std::filesystem::path::replace_filename	function	1		path&replace_filename(const path&replacement)
4687	fs.class.path.general	filesystem	std::filesystem::path::replace_extension	function	2		path&replace_extension(const path&replacement = path())
4688	fs.class.path.general	filesystem	std::filesystem::path::swap	function	1		void swap(path&rhs)noexcept
4689	fs.class.path.general	filesystem	std::filesystem::path::operator==	function	1		friend bool operator==(const path&lhs, const path&rhs)noexcept
4690	fs.class.path.general	filesystem	std::filesystem::path::operator<=>	function	1		friend strong_ordering operator<=>(const path&lhs, const path&rhs)noexcept
4691	fs.class.path.general	filesystem	std::filesystem::path::operator/	function	1		friend path operator/(const path&lhs, const path&rhs)
4692	fs.class.path.general	filesystem	std::filesystem::path::native	function	1		const string_type&native()const noexcept
4693	fs.class.path.general	filesystem	std::filesystem::path::c_str	function	1		const value_type*c_str()const noexcept
4694	fs.class.path.general	filesystem	std::filesystem::path::operator string_type	function	1		operator string_type()const
4695	fs.class.path.general	filesystem	std::filesystem::path::string	function	2		basic_string<EcharT, traits, Allocator>string(const Allocator&a = Allocator())const
4696	fs.class.path.general	filesystem	std::filesystem::path::display_string	function	1		std::string display_string()const
4697	fs.class.path.general	filesystem	std::filesystem::path::native_encoded_string	function	1		std::string native_encoded_string()const
4698	fs.class.path.general	filesystem	std::filesystem::path::wstring	function	1		std::wstring wstring()const
4699	fs.class.path.general	filesystem	std::filesystem::path::u8string	function	1		std::u8string u8string()const
4700	fs.class.path.general	filesystem	std::filesystem::path::u16string	function	1		std::u16string u16string()const
4701	fs.class.path.general	filesystem	std::filesystem::path::u32string	function	1		std::u32string u32string()const
4702	fs.class.path.general	filesystem	std::filesystem::path::generic_string	function	2		basic_string<EcharT, traits, Allocator>generic_string(const Allocator&a = Allocator())const
4703	fs.class.path.general	filesystem	std::filesystem::path::generic_display_string	function	1		std::string generic_display_string()const
4704	fs.class.path.general	filesystem	std::filesystem::path::generic_native_encoded_string	function	1		std::string generic_native_encoded_string()const
4705	fs.class.path.general	filesystem	std::filesystem::path::generic_wstring	function	1		std::wstring generic_wstring()const
4706	fs.class.path.general	filesystem	std::filesystem::path::generic_u8string	function	1		std::u8string generic_u8string()const
4707	fs.class.path.general	filesystem	std::filesystem::path::generic_u16string	function	1		std::u16string generic_u16string()const
4708	fs.class.path.general	filesystem	std::filesystem::path::generic_u32string	function	1		std::u32string generic_u32string()const
4709	fs.class.path.general	filesystem	std::filesystem::path::compare	function	1		int compare(const path&p)const noexcept
4710	fs.class.path.general	filesystem	std::filesystem::path::compare	function	1		int compare(const string_type&s)const
4711	fs.class.path.general	filesystem	std::filesystem::path::compare	function	1		int compare(basic_string_view<value_type>s)const
4712	fs.class.path.general	filesystem	std::filesystem::path::compare	function	1		int compare(const value_type*s)const
4713	fs.class.path.general	filesystem	std::filesystem::path::root_name	function	1		path root_name()const
4714	fs.class.path.general	filesystem	std::filesystem::path::root_directory	function	1		path root_directory()const
4715	fs.class.path.general	filesystem	std::filesystem::path::root_path	function	1		path root_path()const
4716	fs.class.path.general	filesystem	std::filesystem::path::relative_path	function	1		path relative_path()const
4717	fs.class.path.general	filesystem	std::filesystem::path::parent_path	function	1		path parent_path()const
4718	fs.class.path.general	filesystem	std::filesystem::path::filename	function	1		path filename()const
4719	fs.class.path.general	filesystem	std::filesystem::path::stem	function	1		path stem()const
4720	fs.class.path.general	filesystem	std::filesystem::path::extension	function	1		path extension()const
4721	fs.class.path.general	filesystem	std::filesystem::path::empty	function	1		bool empty()const noexcept
4722	fs.class.path.general	filesystem	std::filesystem::path::has_root_name	function	1		bool has_root_name()const
4723	fs.class.path.general	filesystem	std::filesystem::path::has_root_directory	function	1		bool has_root_directory()const
4724	fs.class.path.general	filesystem	std::filesystem::path::has_root_path	function	1		bool has_root_path()const
4725	fs.class.path.general	filesystem	std::filesystem::path::has_relative_path	function	1		bool has_relative_path()const
4726	fs.class.path.general	filesystem	std::filesystem::path::has_parent_path	function	1		bool has_parent_path()const
4727	fs.class.path.general	filesystem	std::filesystem::path::has_filename	function	1		bool has_filename()const
4728	fs.class.path.general	filesystem	std::filesystem::path::has_stem	function	1		bool has_stem()const
4729	fs.class.path.general	filesystem	std::filesystem::path::has_extension	function	1		bool has_extension()const
4730	fs.class.path.general	filesystem	std::filesystem::path::is_absolute	function	1		bool is_absolute()const
4731	fs.class.path.general	filesystem	std::filesystem::path::is_relative	function	1		bool is_relative()const
4732	fs.class.path.general	filesystem	std::filesystem::path::lexically_normal	function	1		path lexically_normal()const
4733	fs.class.path.general	filesystem	std::filesystem::path::lexically_relative	function	1		path lexically_relative(const path&base)const
4734	fs.class.path.general	filesystem	std::filesystem::path::lexically_proximate	function	1		path lexically_proximate(const path&base)const
4735	fs.class.path.general	filesystem	std::filesystem::path::iterator	classdecl	1	presence only: presence	class iterator
4736	fs.class.path.general	filesystem	std::filesystem::path::const_iterator	alias	1		using const_iterator = iterator
4737	fs.class.path.general	filesystem	std::filesystem::path::begin	function	1		iterator begin()const
4738	fs.class.path.general	filesystem	std::filesystem::path::end	function	1		iterator end()const
4739	fs.class.path.general	filesystem	std::filesystem::path::operator<<	function	1		friend basic_ostream<charT, traits>&operator<<(basic_ostream<charT, traits>&os, const path&p)
4740	fs.class.path.general	filesystem	std::filesystem::path::operator>>	function	1		friend basic_istream<charT, traits>&operator>>(basic_istream<charT, traits>&is, path&p)
4741	fs.path.fmtr.general	filesystem	std::formatter	classdef	1		struct formatter<filesystem::path, charT>
4742	fs.path.fmtr.general	filesystem	std::formatter::set_debug_format	function	2		constexpr void set_debug_format()
4743	fs.path.fmtr.general	filesystem	std::formatter::parse	function	2		constexpr typename basic_format_parse_context<charT>::iterator parse(basic_format_parse_context<charT>&ctx)
4744	fs.path.fmtr.general	filesystem	std::formatter::format	function	1		typename FormatContext::iterator format(const filesystem::path&path, FormatContext&ctx)const
4745	fs.class.filesystem.error.general	filesystem	std::filesystem::filesystem_error	classdef	2		class filesystem_error:public system_error
4746	fs.class.filesystem.error.general	filesystem	std::filesystem::filesystem_error::filesystem_error	function	1		filesystem_error(const string&what_arg, error_code ec)
4747	fs.class.filesystem.error.general	filesystem	std::filesystem::filesystem_error::filesystem_error	function	1		filesystem_error(const string&what_arg, const path&p1, error_code ec)
4748	fs.class.filesystem.error.general	filesystem	std::filesystem::filesystem_error::filesystem_error	function	1		filesystem_error(const string&what_arg, const path&p1, const path&p2, error_code ec)
4749	fs.class.filesystem.error.general	filesystem	std::filesystem::filesystem_error::path1	function	1		const path&path1()const noexcept
4750	fs.class.filesystem.error.general	filesystem	std::filesystem::filesystem_error::path2	function	1		const path&path2()const noexcept
4751	fs.class.filesystem.error.general	filesystem	std::filesystem::filesystem_error::what	function	1		const char*what()const noexcept override
4752	fs.class.file.status.general	filesystem	std::filesystem::file_status	classdef	1	presence only: presence	class file_status
4753	fs.class.file.status.general	filesystem	std::filesystem::file_status::file_status	function	1		file_status()noexcept:file_status(file_type::none)
4754	fs.class.file.status.general	filesystem	std::filesystem::file_status::file_status	function	2		explicit file_status(file_type ft, perms prms = perms::unknown)noexcept
4755	fs.class.file.status.general	filesystem	std::filesystem::file_status::file_status	function	1		file_status(const file_status&)noexcept = default
4756	fs.class.file.status.general	filesystem	std::filesystem::file_status::file_status	function	1		file_status(file_status&&)noexcept = default
4757	fs.class.file.status.general	filesystem	std::filesystem::file_status::~file_status	function	1		~file_status()
4758	fs.class.file.status.general	filesystem	std::filesystem::file_status::operator=	function	1		file_status&operator = (const file_status&)noexcept = default
4759	fs.class.file.status.general	filesystem	std::filesystem::file_status::operator=	function	1		file_status&operator = (file_status&&)noexcept = default
4760	fs.class.file.status.general	filesystem	std::filesystem::file_status::type	function	1		void type(file_type ft)noexcept
4761	fs.class.file.status.general	filesystem	std::filesystem::file_status::permissions	function	1		void permissions(perms prms)noexcept
4762	fs.class.file.status.general	filesystem	std::filesystem::file_status::type	function	1		file_type type()const noexcept
4763	fs.class.file.status.general	filesystem	std::filesystem::file_status::permissions	function	1		perms permissions()const noexcept
4764	fs.class.file.status.general	filesystem	std::filesystem::file_status::operator==	function	1		friend bool operator==(const file_status&lhs, const file_status&rhs)noexcept
4765	fs.class.directory.entry.general	filesystem	std::filesystem::directory_entry	classdef	1	presence only: presence	class directory_entry
4766	fs.class.directory.entry.general	filesystem	std::filesystem::directory_entry::directory_entry	function	1		directory_entry()noexcept = default
4767	fs.class.directory.entry.general	filesystem	std::filesystem::directory_entry::directory_entry	function	1		directory_entry(const directory_entry&) = default
4768	fs.class.directory.entry.general	filesystem	std::filesystem::directory_entry::directory_entry	function	1		directory_entry(directory_entry&&)noexcept = default
4769	fs.class.directory.entry.general	filesystem	std::filesystem::directory_entry::directory_entry	function	1		explicit directory_entry(const filesystem::path&p)
4770	fs.class.directory.entry.general	filesystem	std::filesystem::directory_entry::directory_entry	function	1		directory_entry(const filesystem::path&p, error_code&ec)
4771	fs.class.directory.entry.general	filesystem	std::filesystem::directory_entry::~directory_entry	function	1		~directory_entry()
4772	fs.class.directory.entry.general	filesystem	std::filesystem::directory_entry::operator=	function	1		directory_entry&operator = (const directory_entry&) = default
4773	fs.class.directory.entry.general	filesystem	std::filesystem::directory_entry::operator=	function	1		directory_entry&operator = (directory_entry&&)noexcept = default
4774	fs.class.directory.entry.general	filesystem	std::filesystem::directory_entry::assign	function	1		void assign(const filesystem::path&p)
4775	fs.class.directory.entry.general	filesystem	std::filesystem::directory_entry::assign	function	1		void assign(const filesystem::path&p, error_code&ec)
4776	fs.class.directory.entry.general	filesystem	std::filesystem::directory_entry::replace_filename	function	1		void replace_filename(const filesystem::path&p)
4777	fs.class.directory.entry.general	filesystem	std::filesystem::directory_entry::replace_filename	function	1		void replace_filename(const filesystem::path&p, error_code&ec)
4778	fs.class.directory.entry.general	filesystem	std::filesystem::directory_entry::refresh	function	1		void refresh()
4779	fs.class.directory.entry.general	filesystem	std::filesystem::directory_entry::refresh	function	1		void refresh(error_code&ec)noexcept
4780	fs.class.directory.entry.general	filesystem	std::filesystem::directory_entry::path	function	1		const filesystem::path&path()const noexcept
4781	fs.class.directory.entry.general	filesystem	std::filesystem::directory_entry::operator const filesystem::path&	function	1		operator const filesystem::path&()const noexcept
4782	fs.class.directory.entry.general	filesystem	std::filesystem::directory_entry::exists	function	1		bool exists()const
4783	fs.class.directory.entry.general	filesystem	std::filesystem::directory_entry::exists	function	1		bool exists(error_code&ec)const noexcept
4784	fs.class.directory.entry.general	filesystem	std::filesystem::directory_entry::is_block_file	function	1		bool is_block_file()const
4785	fs.class.directory.entry.general	filesystem	std::filesystem::directory_entry::is_block_file	function	1		bool is_block_file(error_code&ec)const noexcept
4786	fs.class.directory.entry.general	filesystem	std::filesystem::directory_entry::is_character_file	function	1		bool is_character_file()const
4787	fs.class.directory.entry.general	filesystem	std::filesystem::directory_entry::is_character_file	function	1		bool is_character_file(error_code&ec)const noexcept
4788	fs.class.directory.entry.general	filesystem	std::filesystem::directory_entry::is_directory	function	1		bool is_directory()const
4789	fs.class.directory.entry.general	filesystem	std::filesystem::directory_entry::is_directory	function	1		bool is_directory(error_code&ec)const noexcept
4790	fs.class.directory.entry.general	filesystem	std::filesystem::directory_entry::is_fifo	function	1		bool is_fifo()const
4791	fs.class.directory.entry.general	filesystem	std::filesystem::directory_entry::is_fifo	function	1		bool is_fifo(error_code&ec)const noexcept
4792	fs.class.directory.entry.general	filesystem	std::filesystem::directory_entry::is_other	function	1		bool is_other()const
4793	fs.class.directory.entry.general	filesystem	std::filesystem::directory_entry::is_other	function	1		bool is_other(error_code&ec)const noexcept
4794	fs.class.directory.entry.general	filesystem	std::filesystem::directory_entry::is_regular_file	function	1		bool is_regular_file()const
4795	fs.class.directory.entry.general	filesystem	std::filesystem::directory_entry::is_regular_file	function	1		bool is_regular_file(error_code&ec)const noexcept
4796	fs.class.directory.entry.general	filesystem	std::filesystem::directory_entry::is_socket	function	1		bool is_socket()const
4797	fs.class.directory.entry.general	filesystem	std::filesystem::directory_entry::is_socket	function	1		bool is_socket(error_code&ec)const noexcept
4798	fs.class.directory.entry.general	filesystem	std::filesystem::directory_entry::is_symlink	function	1		bool is_symlink()const
4799	fs.class.directory.entry.general	filesystem	std::filesystem::directory_entry::is_symlink	function	1		bool is_symlink(error_code&ec)const noexcept
4800	fs.class.directory.entry.general	filesystem	std::filesystem::directory_entry::file_size	function	1		uintmax_t file_size()const
4801	fs.class.directory.entry.general	filesystem	std::filesystem::directory_entry::file_size	function	1		uintmax_t file_size(error_code&ec)const noexcept
4802	fs.class.directory.entry.general	filesystem	std::filesystem::directory_entry::hard_link_count	function	1		uintmax_t hard_link_count()const
4803	fs.class.directory.entry.general	filesystem	std::filesystem::directory_entry::hard_link_count	function	1		uintmax_t hard_link_count(error_code&ec)const noexcept
4804	fs.class.directory.entry.general	filesystem	std::filesystem::directory_entry::last_write_time	function	1		file_time_type last_write_time()const
4805	fs.class.directory.entry.general	filesystem	std::filesystem::directory_entry::last_write_time	function	1		file_time_type last_write_time(error_code&ec)const noexcept
4806	fs.class.directory.entry.general	filesystem	std::filesystem::directory_entry::status	function	1		file_status status()const
4807	fs.class.directory.entry.general	filesystem	std::filesystem::directory_entry::status	function	1		file_status status(error_code&ec)const noexcept
4808	fs.class.directory.entry.general	filesystem	std::filesystem::directory_entry::symlink_status	function	1		file_status symlink_status()const
4809	fs.class.directory.entry.general	filesystem	std::filesystem::directory_entry::symlink_status	function	1		file_status symlink_status(error_code&ec)const noexcept
4810	fs.class.directory.entry.general	filesystem	std::filesystem::directory_entry::operator==	function	1		bool operator==(const directory_entry&rhs)const noexcept
4811	fs.class.directory.entry.general	filesystem	std::filesystem::directory_entry::operator<=>	function	1		strong_ordering operator<=>(const directory_entry&rhs)const noexcept
4812	fs.class.directory.entry.general	filesystem	std::filesystem::directory_entry::operator<<	function	1		friend basic_ostream<charT, traits>&operator<<(basic_ostream<charT, traits>&os, const directory_entry&d)
4813	fs.class.directory.iterator.general	filesystem	std::filesystem::directory_iterator	classdef	1	presence only: presence	class directory_iterator
4814	fs.class.directory.iterator.general	filesystem	std::filesystem::directory_iterator::iterator_category	alias	1		using iterator_category = input_iterator_tag
4815	fs.class.directory.iterator.general	filesystem	std::filesystem::directory_iterator::value_type	alias	1		using value_type = directory_entry
4816	fs.class.directory.iterator.general	filesystem	std::filesystem::directory_iterator::difference_type	alias	1		using difference_type = ptrdiff_t
4817	fs.class.directory.iterator.general	filesystem	std::filesystem::directory_iterator::pointer	alias	1		using pointer = const directory_entry*
4818	fs.class.directory.iterator.general	filesystem	std::filesystem::directory_iterator::reference	alias	1		using reference = const directory_entry&
4819	fs.class.directory.iterator.general	filesystem	std::filesystem::directory_iterator::directory_iterator	function	1		directory_iterator()noexcept
4820	fs.class.directory.iterator.general	filesystem	std::filesystem::directory_iterator::directory_iterator	function	1		explicit directory_iterator(const path&p)
4821	fs.class.directory.iterator.general	filesystem	std::filesystem::directory_iterator::directory_iterator	function	1		directory_iterator(const path&p, directory_options options)
4822	fs.class.directory.iterator.general	filesystem	std::filesystem::directory_iterator::directory_iterator	function	1		directory_iterator(const path&p, error_code&ec)
4823	fs.class.directory.iterator.general	filesystem	std::filesystem::directory_iterator::directory_iterator	function	1		directory_iterator(const path&p, directory_options options, error_code&ec)
4824	fs.class.directory.iterator.general	filesystem	std::filesystem::directory_iterator::directory_iterator	function	1		directory_iterator(const directory_iterator&rhs)
4825	fs.class.directory.iterator.general	filesystem	std::filesystem::directory_iterator::directory_iterator	function	1		directory_iterator(directory_iterator&&rhs)noexcept
4826	fs.class.directory.iterator.general	filesystem	std::filesystem::directory_iterator::~directory_iterator	function	1		~directory_iterator()
4827	fs.class.directory.iterator.general	filesystem	std::filesystem::directory_iterator::operator=	function	1		directory_iterator&operator = (const directory_iterator&rhs)
4828	fs.class.directory.iterator.general	filesystem	std::filesystem::directory_iterator::operator=	function	1		directory_iterator&operator = (directory_iterator&&rhs)noexcept
4829	fs.class.directory.iterator.general	filesystem	std::filesystem::directory_iterator::operator*	function	1		const directory_entry&operator*()const
4830	fs.class.directory.iterator.general	filesystem	std::filesystem::directory_iterator::operator->	function	1		const directory_entry*operator->()const
4831	fs.class.directory.iterator.general	filesystem	std::filesystem::directory_iterator::operator++	function	1		directory_iterator&operator++()
4832	fs.class.directory.iterator.general	filesystem	std::filesystem::directory_iterator::increment	function	1		directory_iterator&increment(error_code&ec)
4833	fs.class.directory.iterator.general	filesystem	std::filesystem::directory_iterator::operator==	function	1		bool operator==(default_sentinel_t)const noexcept
4834	fs.class.rec.dir.itr.general	filesystem	std::filesystem::recursive_directory_iterator	classdef	1	presence only: presence	class recursive_directory_iterator
4835	fs.class.rec.dir.itr.general	filesystem	std::filesystem::recursive_directory_iterator::iterator_category	alias	1		using iterator_category = input_iterator_tag
4836	fs.class.rec.dir.itr.general	filesystem	std::filesystem::recursive_directory_iterator::value_type	alias	1		using value_type = directory_entry
4837	fs.class.rec.dir.itr.general	filesystem	std::filesystem::recursive_directory_iterator::difference_type	alias	1		using difference_type = ptrdiff_t
4838	fs.class.rec.dir.itr.general	filesystem	std::filesystem::recursive_directory_iterator::pointer	alias	1		using pointer = const directory_entry*
4839	fs.class.rec.dir.itr.general	filesystem	std::filesystem::recursive_directory_iterator::reference	alias	1		using reference = const directory_entry&
4840	fs.class.rec.dir.itr.general	filesystem	std::filesystem::recursive_directory_iterator::recursive_directory_iterator	function	1		recursive_directory_iterator()noexcept
4841	fs.class.rec.dir.itr.general	filesystem	std::filesystem::recursive_directory_iterator::recursive_directory_iterator	function	1		explicit recursive_directory_iterator(const path&p)
4842	fs.class.rec.dir.itr.general	filesystem	std::filesystem::recursive_directory_iterator::recursive_directory_iterator	function	1		recursive_directory_iterator(const path&p, directory_options options)
4843	fs.class.rec.dir.itr.general	filesystem	std::filesystem::recursive_directory_iterator::recursive_directory_iterator	function	1		recursive_directory_iterator(const path&p, directory_options options, error_code&ec)
4844	fs.class.rec.dir.itr.general	filesystem	std::filesystem::recursive_directory_iterator::recursive_directory_iterator	function	1		recursive_directory_iterator(const path&p, error_code&ec)
4845	fs.class.rec.dir.itr.general	filesystem	std::filesystem::recursive_directory_iterator::recursive_directory_iterator	function	1		recursive_directory_iterator(const recursive_directory_iterator&rhs)
4846	fs.class.rec.dir.itr.general	filesystem	std::filesystem::recursive_directory_iterator::recursive_directory_iterator	function	1		recursive_directory_iterator(recursive_directory_iterator&&rhs)noexcept
4847	fs.class.rec.dir.itr.general	filesystem	std::filesystem::recursive_directory_iterator::~recursive_directory_iterator	function	1		~recursive_directory_iterator()
4848	fs.class.rec.dir.itr.general	filesystem	std::filesystem::recursive_directory_iterator::options	function	1		directory_options options()const
4849	fs.class.rec.dir.itr.general	filesystem	std::filesystem::recursive_directory_iterator::depth	function	1		int depth()const
4850	fs.class.rec.dir.itr.general	filesystem	std::filesystem::recursive_directory_iterator::recursion_pending	function	1		bool recursion_pending()const
4851	fs.class.rec.dir.itr.general	filesystem	std::filesystem::recursive_directory_iterator::operator*	function	1		const directory_entry&operator*()const
4852	fs.class.rec.dir.itr.general	filesystem	std::filesystem::recursive_directory_iterator::operator->	function	1		const directory_entry*operator->()const
4853	fs.class.rec.dir.itr.general	filesystem	std::filesystem::recursive_directory_iterator::operator=	function	1		recursive_directory_iterator&operator = (const recursive_directory_iterator&rhs)
4854	fs.class.rec.dir.itr.general	filesystem	std::filesystem::recursive_directory_iterator::operator=	function	1		recursive_directory_iterator&operator = (recursive_directory_iterator&&rhs)noexcept
4855	fs.class.rec.dir.itr.general	filesystem	std::filesystem::recursive_directory_iterator::operator++	function	1		recursive_directory_iterator&operator++()
4856	fs.class.rec.dir.itr.general	filesystem	std::filesystem::recursive_directory_iterator::increment	function	1		recursive_directory_iterator&increment(error_code&ec)
4857	fs.class.rec.dir.itr.general	filesystem	std::filesystem::recursive_directory_iterator::pop	function	1		void pop()
4858	fs.class.rec.dir.itr.general	filesystem	std::filesystem::recursive_directory_iterator::pop	function	1		void pop(error_code&ec)
4859	fs.class.rec.dir.itr.general	filesystem	std::filesystem::recursive_directory_iterator::disable_recursion_pending	function	1		void disable_recursion_pending()
4860	fs.class.rec.dir.itr.general	filesystem	std::filesystem::recursive_directory_iterator::operator==	function	1		bool operator==(default_sentinel_t)const noexcept
4861	cstdio.syn	cstdio	std::size_t	alias	1		using size_t = ⟨see [support.types.layout]⟩
4862	cstdio.syn	cstdio	std::FILE	alias	1		using FILE = ⟨see below⟩
4863	cstdio.syn	cstdio	std::fpos_t	alias	1		using fpos_t = ⟨see below⟩
4864	cstdio.syn	cstdio	std::remove	function	1		int remove(const char*filename)
4865	cstdio.syn	cstdio	std::rename	function	1		int rename(const char*old_p, const char*new_p)
4866	cstdio.syn	cstdio	std::tmpfile	function	1		FILE*tmpfile()
4867	cstdio.syn	cstdio	std::tmpnam	function	1		char*tmpnam(char*s)
4868	cstdio.syn	cstdio	std::fclose	function	1		int fclose(FILE*stream)
4869	cstdio.syn	cstdio	std::fflush	function	1		int fflush(FILE*stream)
4870	cstdio.syn	cstdio	std::fopen	function	1		FILE*fopen(const char*filename, const char*mode)
4871	cstdio.syn	cstdio	std::freopen	function	1		FILE*freopen(const char*filename, const char*mode, FILE*stream)
4872	cstdio.syn	cstdio	std::setbuf	function	1		void setbuf(FILE*stream, char*buf)
4873	cstdio.syn	cstdio	std::setvbuf	function	1		int setvbuf(FILE*stream, char*buf, int mode, size_t size)
4874	cstdio.syn	cstdio	std::fprintf	function	1		int fprintf(FILE*stream, const char*format, ...)
4875	cstdio.syn	cstdio	std::fscanf	function	1		int fscanf(FILE*stream, const char*format, ...)
4876	cstdio.syn	cstdio	std::printf	function	1		int printf(const char*format, ...)
4877	cstdio.syn	cstdio	std::scanf	function	1		int scanf(const char*format, ...)
4878	cstdio.syn	cstdio	std::snprintf	function	1		int snprintf(char*s, size_t n, const char*format, ...)
4879	cstdio.syn	cstdio	std::sprintf	function	1		int sprintf(char*s, const char*format, ...)
4880	cstdio.syn	cstdio	std::sscanf	function	1		int sscanf(const char*s, const char*format, ...)
4881	cstdio.syn	cstdio	std::vfprintf	function	1		int vfprintf(FILE*stream, const char*format, va_list arg)
4882	cstdio.syn	cstdio	std::vfscanf	function	1		int vfscanf(FILE*stream, const char*format, va_list arg)
4883	cstdio.syn	cstdio	std::vprintf	function	1		int vprintf(const char*format, va_list arg)
4884	cstdio.syn	cstdio	std::vscanf	function	1		int vscanf(const char*format, va_list arg)
4885	cstdio.syn	cstdio	std::vsnprintf	function	1		int vsnprintf(char*s, size_t n, const char*format, va_list arg)
4886	cstdio.syn	cstdio	std::vsprintf	function	1		int vsprintf(char*s, const char*format, va_list arg)
4887	cstdio.syn	cstdio	std::vsscanf	function	1		int vsscanf(const char*s, const char*format, va_list arg)
4888	cstdio.syn	cstdio	std::fgetc	function	1		int fgetc(FILE*stream)
4889	cstdio.syn	cstdio	std::fgets	function	1		char*fgets(char*s, int n, FILE*stream)
4890	cstdio.syn	cstdio	std::fputc	function	1		int fputc(int c, FILE*stream)
4891	cstdio.syn	cstdio	std::fputs	function	1		int fputs(const char*s, FILE*stream)
4892	cstdio.syn	cstdio	std::getc	function	1		int getc(FILE*stream)
4893	cstdio.syn	cstdio	std::getchar	function	1		int getchar()
4894	cstdio.syn	cstdio	std::putc	function	1		int putc(int c, FILE*stream)
4895	cstdio.syn	cstdio	std::putchar	function	1		int putchar(int c)
4896	cstdio.syn	cstdio	std::puts	function	1		int puts(const char*s)
4897	cstdio.syn	cstdio	std::ungetc	function	1		int ungetc(int c, FILE*stream)
4898	cstdio.syn	cstdio	std::fread	function	1		size_t fread(void*ptr, size_t size, size_t nmemb, FILE*stream)
4899	cstdio.syn	cstdio	std::fwrite	function	1		size_t fwrite(const void*ptr, size_t size, size_t nmemb, FILE*stream)
4900	cstdio.syn	cstdio	std::fgetpos	function	1		int fgetpos(FILE*stream, fpos_t*pos)
4901	cstdio.syn	cstdio	std::fseek	function	1		int fseek(FILE*stream, long int offset, int whence)
4902	cstdio.syn	cstdio	std::fsetpos	function	1		int fsetpos(FILE*stream, const fpos_t*pos)
4903	cstdio.syn	cstdio	std::ftell	function	1		long int ftell(FILE*stream)
4904	cstdio.syn	cstdio	std::rewind	function	1		void rewind(FILE*stream)
4905	cstdio.syn	cstdio	std::clearerr	function	1		void clearerr(FILE*stream)
4906	cstdio.syn	cstdio	std::feof	function	1		int feof(FILE*stream)
4907	cstdio.syn	cstdio	std::ferror	function	1		int ferror(FILE*stream)
4908	cstdio.syn	cstdio	std::perror	function	1		void perror(const char*s)
4909	cinttypes.syn	cinttypes	std::imaxdiv_t	alias	1		using imaxdiv_t = ⟨see below⟩
4910	cinttypes.syn	cinttypes	std::imaxabs	function	2		constexpr intmax_t imaxabs(intmax_t j)
4911	cinttypes.syn	cinttypes	std::imaxdiv	function	2		constexpr imaxdiv_t imaxdiv(intmax_t numer, intmax_t denom)
4912	cinttypes.syn	cinttypes	std::strtoimax	function	1		intmax_t strtoimax(const char*nptr, char**endptr, int base)
4913	cinttypes.syn	cinttypes	std::strtoumax	function	1		uintmax_t strtoumax(const char*nptr, char**endptr, int base)
4914	cinttypes.syn	cinttypes	std::wcstoimax	function	1		intmax_t wcstoimax(const wchar_t*nptr, wchar_t**endptr, int base)
4915	cinttypes.syn	cinttypes	std::wcstoumax	function	1		uintmax_t wcstoumax(const wchar_t*nptr, wchar_t**endptr, int base)
4916	cinttypes.syn	cinttypes	std::abs	function	0	not probed: [cinttypes.syn]/2: declared only if intmax_t is an extended integer type	constexpr intmax_t abs(intmax_t)
4917	cinttypes.syn	cinttypes	std::div	function	0	not probed: [cinttypes.syn]/2: declared only if intmax_t is an extended integer type	constexpr imaxdiv_t div(intmax_t, intmax_t)
4918	thread.stoptoken.syn	stop_token	std::stoppable_token	concept	1	presence only: presence	concept stoppable_token = ⟨see below⟩
4919	thread.stoptoken.syn	stop_token	std::unstoppable_token	concept	1	presence only: presence	concept unstoppable_token = ⟨see below⟩
4920	thread.stoptoken.syn	stop_token	std::stop_token	classdecl	1	presence only: presence	class stop_token
4921	thread.stoptoken.syn	stop_token	std::stop_source	classdecl	1	presence only: presence	class stop_source
4922	thread.stoptoken.syn	stop_token	std::nostopstate_t	classdef	1	presence only: presence	struct nostopstate_t
4923	thread.stoptoken.syn	stop_token	std::nostopstate_t::nostopstate_t	function	1		explicit nostopstate_t() = default
4924	thread.stoptoken.syn	stop_token	std::nostopstate	variable	1		inline constexpr nostopstate_t nostopstate{}
4925	thread.stoptoken.syn	stop_token	std::stop_callback	classdecl	1	presence only: presence	class stop_callback
4926	thread.stoptoken.syn	stop_token	std::never_stop_token	classdecl	1	presence only: presence	class never_stop_token
4927	thread.stoptoken.syn	stop_token	std::inplace_stop_token	classdecl	1	presence only: presence	class inplace_stop_token
4928	thread.stoptoken.syn	stop_token	std::inplace_stop_source	classdecl	1	presence only: presence	class inplace_stop_source
4929	thread.stoptoken.syn	stop_token	std::inplace_stop_callback	classdecl	1	presence only: presence	class inplace_stop_callback
4930	thread.stoptoken.syn	stop_token	std::stop_callback_for_t	alias	1		using stop_callback_for_t = T::template callback_type<CallbackFn>
4931	stoptoken.general	stop_token	std::stop_token	classdef	1	presence only: presence	class stop_token
4932	stoptoken.general	stop_token	std::stop_token::callback_type	alias	1		using callback_type = stop_callback<CallbackFn>
4933	stoptoken.general	stop_token	std::stop_token::stop_token	function	1		stop_token()noexcept = default
4934	stoptoken.general	stop_token	std::stop_token::swap	function	1		void swap(stop_token&)noexcept
4935	stoptoken.general	stop_token	std::stop_token::stop_requested	function	1		bool stop_requested()const noexcept
4936	stoptoken.general	stop_token	std::stop_token::stop_possible	function	1		bool stop_possible()const noexcept
4937	stoptoken.general	stop_token	std::stop_token::operator==	function	1		bool operator==(const stop_token&rhs)noexcept = default
4938	stopsource.general	stop_token	std::stop_source	classdef	1	presence only: presence	class stop_source
4939	stopsource.general	stop_token	std::stop_source::stop_source	function	1		stop_source()
4940	stopsource.general	stop_token	std::stop_source::stop_source	function	1		explicit stop_source(nostopstate_t)noexcept
4941	stopsource.general	stop_token	std::stop_source::swap	function	1		void swap(stop_source&)noexcept
4942	stopsource.general	stop_token	std::stop_source::get_token	function	1		stop_token get_token()const noexcept
4943	stopsource.general	stop_token	std::stop_source::stop_possible	function	1		bool stop_possible()const noexcept
4944	stopsource.general	stop_token	std::stop_source::stop_requested	function	1		bool stop_requested()const noexcept
4945	stopsource.general	stop_token	std::stop_source::request_stop	function	1		bool request_stop()noexcept
4946	stopsource.general	stop_token	std::stop_source::operator==	function	1		bool operator==(const stop_source&rhs)noexcept = default
4947	stopcallback.general	stop_token	std::stop_callback	classdef	1	presence only: presence	class stop_callback
4948	stopcallback.general	stop_token	std::stop_callback::callback_type	alias	1		using callback_type = CallbackFn
4949	stopcallback.general	stop_token	std::stop_callback::stop_callback	function	1		explicit stop_callback(const stop_token&st, Initializer&&init)noexcept(is_nothrow_constructible_v<CallbackFn, Initializer>)
4950	stopcallback.general	stop_token	std::stop_callback::stop_callback	function	1		explicit stop_callback(stop_token&&st, Initializer&&init)noexcept(is_nothrow_constructible_v<CallbackFn, Initializer>)
4951	stopcallback.general	stop_token	std::stop_callback::~stop_callback	function	1		~stop_callback()
4952	stopcallback.general	stop_token	std::stop_callback::stop_callback	function	1		stop_callback(const stop_callback&) = delete
4953	stopcallback.general	stop_token	std::stop_callback::stop_callback	function	1		stop_callback(stop_callback&&) = delete
4954	stopcallback.general	stop_token	std::stop_callback::operator=	function	1		stop_callback&operator = (const stop_callback&) = delete
4955	stopcallback.general	stop_token	std::stop_callback::operator=	function	1		stop_callback&operator = (stop_callback&&) = delete
4956	stopcallback.general	stop_token	std::stop_callback	guide	1		stop_callback(stop_token, CallbackFn)->stop_callback<CallbackFn>
4957	stoptoken.never	stop_token	std::never_stop_token	classdef	1	presence only: presence	class never_stop_token
4958	stoptoken.never	stop_token	std::never_stop_token::callback_type	alias	1	presence only: presence  (exposition-only or unspecified: callback-type)	using callback_type = ⟨callback-type⟩
4959	stoptoken.never	stop_token	std::never_stop_token::stop_requested	function	2		static constexpr bool stop_requested()noexcept
4960	stoptoken.never	stop_token	std::never_stop_token::stop_possible	function	2		static constexpr bool stop_possible()noexcept
4961	stoptoken.never	stop_token	std::never_stop_token::operator==	function	1		bool operator==(const never_stop_token&)const = default
4962	stoptoken.inplace.general	stop_token	std::inplace_stop_token	classdef	1	presence only: presence	class inplace_stop_token
4963	stoptoken.inplace.general	stop_token	std::inplace_stop_token::callback_type	alias	1		using callback_type = inplace_stop_callback<CallbackFn>
4964	stoptoken.inplace.general	stop_token	std::inplace_stop_token::inplace_stop_token	function	1		inplace_stop_token() = default
4965	stoptoken.inplace.general	stop_token	std::inplace_stop_token::operator==	function	1		bool operator==(const inplace_stop_token&)const = default
4966	stoptoken.inplace.general	stop_token	std::inplace_stop_token::stop_requested	function	1		bool stop_requested()const noexcept
4967	stoptoken.inplace.general	stop_token	std::inplace_stop_token::stop_possible	function	1		bool stop_possible()const noexcept
4968	stoptoken.inplace.general	stop_token	std::inplace_stop_token::swap	function	1		void swap(inplace_stop_token&)noexcept
4969	stopsource.inplace.general	stop_token	std::inplace_stop_source	classdef	1	presence only: presence	class inplace_stop_source
4970	stopsource.inplace.general	stop_token	std::inplace_stop_source::inplace_stop_source	function	1		constexpr inplace_stop_source()noexcept
4971	stopsource.inplace.general	stop_token	std::inplace_stop_source::inplace_stop_source	function	1		inplace_stop_source(inplace_stop_source&&) = delete
4972	stopsource.inplace.general	stop_token	std::inplace_stop_source::inplace_stop_source	function	1		inplace_stop_source(const inplace_stop_source&) = delete
4973	stopsource.inplace.general	stop_token	std::inplace_stop_source::operator=	function	1		inplace_stop_source&operator = (inplace_stop_source&&) = delete
4974	stopsource.inplace.general	stop_token	std::inplace_stop_source::operator=	function	1		inplace_stop_source&operator = (const inplace_stop_source&) = delete
4975	stopsource.inplace.general	stop_token	std::inplace_stop_source::~inplace_stop_source	function	1		~inplace_stop_source()
4976	stopsource.inplace.general	stop_token	std::inplace_stop_source::get_token	function	2		constexpr inplace_stop_token get_token()const noexcept
4977	stopsource.inplace.general	stop_token	std::inplace_stop_source::stop_possible	function	2		static constexpr bool stop_possible()noexcept
4978	stopsource.inplace.general	stop_token	std::inplace_stop_source::stop_requested	function	1		bool stop_requested()const noexcept
4979	stopsource.inplace.general	stop_token	std::inplace_stop_source::request_stop	function	1		bool request_stop()noexcept
4980	stopcallback.inplace.general	stop_token	std::inplace_stop_callback	classdef	1	presence only: presence	class inplace_stop_callback
4981	stopcallback.inplace.general	stop_token	std::inplace_stop_callback::callback_type	alias	1		using callback_type = CallbackFn
4982	stopcallback.inplace.general	stop_token	std::inplace_stop_callback::inplace_stop_callback	function	1		explicit inplace_stop_callback(inplace_stop_token st, Initializer&&init)noexcept(is_nothrow_constructible_v<CallbackFn, Initializer>)
4983	stopcallback.inplace.general	stop_token	std::inplace_stop_callback::~inplace_stop_callback	function	1		~inplace_stop_callback()
4984	stopcallback.inplace.general	stop_token	std::inplace_stop_callback::inplace_stop_callback	function	1		inplace_stop_callback(inplace_stop_callback&&) = delete
4985	stopcallback.inplace.general	stop_token	std::inplace_stop_callback::inplace_stop_callback	function	1		inplace_stop_callback(const inplace_stop_callback&) = delete
4986	stopcallback.inplace.general	stop_token	std::inplace_stop_callback::operator=	function	1		inplace_stop_callback&operator = (inplace_stop_callback&&) = delete
4987	stopcallback.inplace.general	stop_token	std::inplace_stop_callback::operator=	function	1		inplace_stop_callback&operator = (const inplace_stop_callback&) = delete
4988	stopcallback.inplace.general	stop_token	std::inplace_stop_callback	guide	1		inplace_stop_callback(inplace_stop_token, CallbackFn)->inplace_stop_callback<CallbackFn>
4989	thread.syn	thread	std::thread	classdecl	1	presence only: presence	class thread
4990	thread.syn	thread	std::swap	function	1		void swap(thread&x, thread&y)noexcept
4991	thread.syn	thread	std::jthread	classdecl	1	presence only: presence	class jthread
4992	thread.syn	thread	std::this_thread::get_id	function	1		thread::id get_id()noexcept
4993	thread.syn	thread	std::this_thread::yield	function	1		void yield()noexcept
4994	thread.syn	thread	std::this_thread::sleep_until	function	1		void sleep_until(const chrono::time_point<Clock, Duration>&abs_time)
4995	thread.syn	thread	std::this_thread::sleep_for	function	1		void sleep_for(const chrono::duration<Rep, Period>&rel_time)
4996	thread.thread.class.general	thread	std::thread	classdef	1	presence only: presence	class thread
4997	thread.thread.class.general	thread	std::thread::id	classdecl	1	presence only: presence	class id
4998	thread.thread.class.general	thread	std::thread::name_hint	classdecl	1	presence only: presence	class name_hint
4999	thread.thread.class.general	thread	std::thread::name_hint	guide	1		name_hint(const T*)->name_hint<T>
5000	thread.thread.class.general	thread	std::thread::name_hint	guide	1		name_hint(basic_string<T>)->name_hint<T>
5001	thread.thread.class.general	thread	std::thread::stack_size_hint	classdecl	1	presence only: presence	class stack_size_hint
5002	thread.thread.class.general	thread	std::thread::native_handle_type	alias	1		using native_handle_type = ⟨implementation-defined⟩
5003	thread.thread.class.general	thread	std::thread::thread	function	1		thread()noexcept
5004	thread.thread.class.general	thread	std::thread::thread	function	1		explicit thread(Args&&...args)
5005	thread.thread.class.general	thread	std::thread::~thread	function	1		~thread()
5006	thread.thread.class.general	thread	std::thread::thread	function	1		thread(const thread&) = delete
5007	thread.thread.class.general	thread	std::thread::thread	function	1		thread(thread&&)noexcept
5008	thread.thread.class.general	thread	std::thread::operator=	function	1		thread&operator = (const thread&) = delete
5009	thread.thread.class.general	thread	std::thread::operator=	function	1		thread&operator = (thread&&)noexcept
5010	thread.thread.class.general	thread	std::thread::swap	function	1		void swap(thread&)noexcept
5011	thread.thread.class.general	thread	std::thread::joinable	function	1		bool joinable()const noexcept
5012	thread.thread.class.general	thread	std::thread::join	function	1		void join()
5013	thread.thread.class.general	thread	std::thread::detach	function	1		void detach()
5014	thread.thread.class.general	thread	std::thread::get_id	function	1		id get_id()const noexcept
5015	thread.thread.class.general	thread	std::thread::native_handle	function	1		native_handle_type native_handle()
5016	thread.thread.class.general	thread	std::thread::hardware_concurrency	function	1		static unsigned int hardware_concurrency()noexcept
5017	thread.attributes.hint	thread	std::thread::name_hint	classdef	1	presence only: presence	class thread::name_hint
5018	thread.attributes.hint	thread	std::thread::name_hint::name_hint	function	0	not probed (no sample, or a hidden friend whose signature is exposition-only)	constexpr explicit name_hint(basic_string_view<T>n)noexcept
5019	thread.attributes.hint	thread	std::thread::name_hint::name_hint	function	0	not probed (no sample, or a hidden friend whose signature is exposition-only)	name_hint(name_hint&&) = delete
5020	thread.attributes.hint	thread	std::thread::name_hint::name_hint	function	0	not probed (no sample, or a hidden friend whose signature is exposition-only)	name_hint(const name_hint&) = delete
5021	thread.attributes.size	thread	std::thread::stack_size_hint	classdef	1	presence only: presence	class thread::stack_size_hint
5022	thread.attributes.size	thread	std::thread::stack_size_hint::stack_size_hint	function	1		constexpr explicit stack_size_hint(size_t s)noexcept
5023	thread.thread.id	thread	std::thread::id	classdef	1	presence only: presence	class thread::id
5024	thread.thread.id	thread	std::thread::id::id	function	1		id()noexcept
5025	thread.thread.id	regex	std::operator==	function	1		bool operator==(thread::id x, thread::id y)noexcept
5026	thread.thread.id	regex	std::operator<=>	function	1		strong_ordering operator<=>(thread::id x, thread::id y)noexcept
5027	thread.thread.id	regex	std::operator<<	function	1		basic_ostream<charT, traits>&operator<<(basic_ostream<charT, traits>&out, thread::id id)
5028	thread.thread.id	format	std::formatter	classdecl	1		struct formatter<thread::id, charT>
5029	thread.thread.id	text_encoding	std::hash	classdecl	1	presence only: presence	struct hash
5030	thread.thread.id	text_encoding	std::hash	classdecl	1		struct hash<thread::id>
5031	thread.jthread.class.general	thread	std::jthread	classdef	1	presence only: presence	class jthread
5032	thread.jthread.class.general	thread	std::jthread::id	alias	1		using id = thread::id
5033	thread.jthread.class.general	thread	std::jthread::native_handle_type	alias	1		using native_handle_type = thread::native_handle_type
5034	thread.jthread.class.general	thread	std::jthread::name_hint	alias	1		using name_hint = thread::name_hint<T>
5035	thread.jthread.class.general	thread	std::jthread::stack_size_hint	alias	1		using stack_size_hint = thread::stack_size_hint
5036	thread.jthread.class.general	thread	std::jthread::jthread	function	1		jthread()noexcept
5037	thread.jthread.class.general	thread	std::jthread::jthread	function	1		explicit jthread(Args&&...args)
5038	thread.jthread.class.general	thread	std::jthread::~jthread	function	1		~jthread()
5039	thread.jthread.class.general	thread	std::jthread::jthread	function	1		jthread(const jthread&) = delete
5040	thread.jthread.class.general	thread	std::jthread::jthread	function	1		jthread(jthread&&)noexcept
5041	thread.jthread.class.general	thread	std::jthread::operator=	function	1		jthread&operator = (const jthread&) = delete
5042	thread.jthread.class.general	thread	std::jthread::operator=	function	1		jthread&operator = (jthread&&)noexcept
5043	thread.jthread.class.general	thread	std::jthread::swap	function	1		void swap(jthread&)noexcept
5044	thread.jthread.class.general	thread	std::jthread::joinable	function	1		bool joinable()const noexcept
5045	thread.jthread.class.general	thread	std::jthread::join	function	1		void join()
5046	thread.jthread.class.general	thread	std::jthread::detach	function	1		void detach()
5047	thread.jthread.class.general	thread	std::jthread::get_id	function	1		id get_id()const noexcept
5048	thread.jthread.class.general	thread	std::jthread::native_handle	function	1		native_handle_type native_handle()
5049	thread.jthread.class.general	thread	std::jthread::get_stop_source	function	1		stop_source get_stop_source()noexcept
5050	thread.jthread.class.general	thread	std::jthread::get_stop_token	function	1		stop_token get_stop_token()const noexcept
5051	thread.jthread.class.general	thread	std::jthread::request_stop	function	1		bool request_stop()noexcept
5052	thread.jthread.class.general	thread	std::jthread::swap	function	1		friend void swap(jthread&lhs, jthread&rhs)noexcept
5053	thread.jthread.class.general	thread	std::jthread::hardware_concurrency	function	1		static unsigned int hardware_concurrency()noexcept
5054	thread.thread.this	thread	std::this_thread::get_id	function	1		thread::id get_id()noexcept
5055	thread.thread.this	thread	std::this_thread::yield	function	1		void yield()noexcept
5056	thread.thread.this	thread	std::this_thread::sleep_until	function	1		void sleep_until(const chrono::time_point<Clock, Duration>&abs_time)
5057	thread.thread.this	thread	std::this_thread::sleep_for	function	1		void sleep_for(const chrono::duration<Rep, Period>&rel_time)
5058	atomics.syn	atomic	std::memory_order	enumdecl	1	presence only: presence	enum class memory_order:⟨unspecified⟩
5059	atomics.syn	atomic	std::memory_order_relaxed	variable	1		inline constexpr memory_order memory_order_relaxed = memory_order::relaxed
5060	atomics.syn	atomic	std::memory_order_acquire	variable	1		inline constexpr memory_order memory_order_acquire = memory_order::acquire
5061	atomics.syn	atomic	std::memory_order_release	variable	1		inline constexpr memory_order memory_order_release = memory_order::release
5062	atomics.syn	atomic	std::memory_order_acq_rel	variable	1		inline constexpr memory_order memory_order_acq_rel = memory_order::acq_rel
5063	atomics.syn	atomic	std::memory_order_seq_cst	variable	1		inline constexpr memory_order memory_order_seq_cst = memory_order::seq_cst
5064	atomics.syn	atomic	std::atomic_ref	classdecl	1	presence only: presence	struct atomic_ref
5065	atomics.syn	atomic	std::atomic	classdecl	1	presence only: presence	struct atomic
5066	atomics.syn	atomic	std::atomic	classdecl	1		struct atomic<T*>
5067	atomics.syn	atomic	std::atomic_is_lock_free	function	1		bool atomic_is_lock_free(const volatile atomic<T>*)noexcept
5068	atomics.syn	atomic	std::atomic_is_lock_free	function	1		bool atomic_is_lock_free(const atomic<T>*)noexcept
5069	atomics.syn	atomic	std::atomic_store	function	1		void atomic_store(volatile atomic<T>*, typename atomic<T>::value_type)noexcept
5070	atomics.syn	atomic	std::atomic_store	function	1		constexpr void atomic_store(atomic<T>*, typename atomic<T>::value_type)noexcept
5071	atomics.syn	atomic	std::atomic_store_explicit	function	1		void atomic_store_explicit(volatile atomic<T>*, typename atomic<T>::value_type, memory_order)noexcept
5072	atomics.syn	atomic	std::atomic_store_explicit	function	1		constexpr void atomic_store_explicit(atomic<T>*, typename atomic<T>::value_type, memory_order)noexcept
5073	atomics.syn	atomic	std::atomic_load	function	1		T atomic_load(const volatile atomic<T>*)noexcept
5074	atomics.syn	atomic	std::atomic_load	function	1		constexpr T atomic_load(const atomic<T>*)noexcept
5075	atomics.syn	atomic	std::atomic_load_explicit	function	1		T atomic_load_explicit(const volatile atomic<T>*, memory_order)noexcept
5076	atomics.syn	atomic	std::atomic_load_explicit	function	1		constexpr T atomic_load_explicit(const atomic<T>*, memory_order)noexcept
5077	atomics.syn	atomic	std::atomic_exchange	function	1		T atomic_exchange(volatile atomic<T>*, typename atomic<T>::value_type)noexcept
5078	atomics.syn	atomic	std::atomic_exchange	function	1		constexpr T atomic_exchange(atomic<T>*, typename atomic<T>::value_type)noexcept
5079	atomics.syn	atomic	std::atomic_exchange_explicit	function	1		T atomic_exchange_explicit(volatile atomic<T>*, typename atomic<T>::value_type, memory_order)noexcept
5080	atomics.syn	atomic	std::atomic_exchange_explicit	function	1		constexpr T atomic_exchange_explicit(atomic<T>*, typename atomic<T>::value_type, memory_order)noexcept
5081	atomics.syn	atomic	std::atomic_compare_exchange_weak	function	1		bool atomic_compare_exchange_weak(volatile atomic<T>*, typename atomic<T>::value_type*, typename atomic<T>::value_type)noexcept
5082	atomics.syn	atomic	std::atomic_compare_exchange_weak	function	1		constexpr bool atomic_compare_exchange_weak(atomic<T>*, typename atomic<T>::value_type*, typename atomic<T>::value_type)noexcept
5083	atomics.syn	atomic	std::atomic_compare_exchange_strong	function	1		bool atomic_compare_exchange_strong(volatile atomic<T>*, typename atomic<T>::value_type*, typename atomic<T>::value_type)noexcept
5084	atomics.syn	atomic	std::atomic_compare_exchange_strong	function	1		constexpr bool atomic_compare_exchange_strong(atomic<T>*, typename atomic<T>::value_type*, typename atomic<T>::value_type)noexcept
5085	atomics.syn	atomic	std::atomic_compare_exchange_weak_explicit	function	1		bool atomic_compare_exchange_weak_explicit(volatile atomic<T>*, typename atomic<T>::value_type*, typename atomic<T>::value_type, memory_order, memory_order)noexcept
5086	atomics.syn	atomic	std::atomic_compare_exchange_weak_explicit	function	1		constexpr bool atomic_compare_exchange_weak_explicit(atomic<T>*, typename atomic<T>::value_type*, typename atomic<T>::value_type, memory_order, memory_order)noexcept
5087	atomics.syn	atomic	std::atomic_compare_exchange_strong_explicit	function	1		bool atomic_compare_exchange_strong_explicit(volatile atomic<T>*, typename atomic<T>::value_type*, typename atomic<T>::value_type, memory_order, memory_order)noexcept
5088	atomics.syn	atomic	std::atomic_compare_exchange_strong_explicit	function	1		constexpr bool atomic_compare_exchange_strong_explicit(atomic<T>*, typename atomic<T>::value_type*, typename atomic<T>::value_type, memory_order, memory_order)noexcept
5089	atomics.syn	atomic	std::atomic_fetch_add	function	1		T atomic_fetch_add(volatile atomic<T>*, typename atomic<T>::difference_type)noexcept
5090	atomics.syn	atomic	std::atomic_fetch_add	function	1		constexpr T atomic_fetch_add(atomic<T>*, typename atomic<T>::difference_type)noexcept
5091	atomics.syn	atomic	std::atomic_fetch_add_explicit	function	1		T atomic_fetch_add_explicit(volatile atomic<T>*, typename atomic<T>::difference_type, memory_order)noexcept
5092	atomics.syn	atomic	std::atomic_fetch_add_explicit	function	1		constexpr T atomic_fetch_add_explicit(atomic<T>*, typename atomic<T>::difference_type, memory_order)noexcept
5093	atomics.syn	atomic	std::atomic_fetch_sub	function	1		T atomic_fetch_sub(volatile atomic<T>*, typename atomic<T>::difference_type)noexcept
5094	atomics.syn	atomic	std::atomic_fetch_sub	function	1		constexpr T atomic_fetch_sub(atomic<T>*, typename atomic<T>::difference_type)noexcept
5095	atomics.syn	atomic	std::atomic_fetch_sub_explicit	function	1		T atomic_fetch_sub_explicit(volatile atomic<T>*, typename atomic<T>::difference_type, memory_order)noexcept
5096	atomics.syn	atomic	std::atomic_fetch_sub_explicit	function	1		constexpr T atomic_fetch_sub_explicit(atomic<T>*, typename atomic<T>::difference_type, memory_order)noexcept
5097	atomics.syn	atomic	std::atomic_fetch_and	function	1		T atomic_fetch_and(volatile atomic<T>*, typename atomic<T>::value_type)noexcept
5098	atomics.syn	atomic	std::atomic_fetch_and	function	1		constexpr T atomic_fetch_and(atomic<T>*, typename atomic<T>::value_type)noexcept
5099	atomics.syn	atomic	std::atomic_fetch_and_explicit	function	1		T atomic_fetch_and_explicit(volatile atomic<T>*, typename atomic<T>::value_type, memory_order)noexcept
5100	atomics.syn	atomic	std::atomic_fetch_and_explicit	function	1		constexpr T atomic_fetch_and_explicit(atomic<T>*, typename atomic<T>::value_type, memory_order)noexcept
5101	atomics.syn	atomic	std::atomic_fetch_or	function	1		T atomic_fetch_or(volatile atomic<T>*, typename atomic<T>::value_type)noexcept
5102	atomics.syn	atomic	std::atomic_fetch_or	function	1		constexpr T atomic_fetch_or(atomic<T>*, typename atomic<T>::value_type)noexcept
5103	atomics.syn	atomic	std::atomic_fetch_or_explicit	function	1		T atomic_fetch_or_explicit(volatile atomic<T>*, typename atomic<T>::value_type, memory_order)noexcept
5104	atomics.syn	atomic	std::atomic_fetch_or_explicit	function	1		constexpr T atomic_fetch_or_explicit(atomic<T>*, typename atomic<T>::value_type, memory_order)noexcept
5105	atomics.syn	atomic	std::atomic_fetch_xor	function	1		T atomic_fetch_xor(volatile atomic<T>*, typename atomic<T>::value_type)noexcept
5106	atomics.syn	atomic	std::atomic_fetch_xor	function	1		constexpr T atomic_fetch_xor(atomic<T>*, typename atomic<T>::value_type)noexcept
5107	atomics.syn	atomic	std::atomic_fetch_xor_explicit	function	1		T atomic_fetch_xor_explicit(volatile atomic<T>*, typename atomic<T>::value_type, memory_order)noexcept
5108	atomics.syn	atomic	std::atomic_fetch_xor_explicit	function	1		constexpr T atomic_fetch_xor_explicit(atomic<T>*, typename atomic<T>::value_type, memory_order)noexcept
5109	atomics.syn	atomic	std::atomic_fetch_max	function	1		T atomic_fetch_max(volatile atomic<T>*, typename atomic<T>::value_type)noexcept
5110	atomics.syn	atomic	std::atomic_fetch_max	function	1		constexpr T atomic_fetch_max(atomic<T>*, typename atomic<T>::value_type)noexcept
5111	atomics.syn	atomic	std::atomic_fetch_max_explicit	function	1		T atomic_fetch_max_explicit(volatile atomic<T>*, typename atomic<T>::value_type, memory_order)noexcept
5112	atomics.syn	atomic	std::atomic_fetch_max_explicit	function	1		constexpr T atomic_fetch_max_explicit(atomic<T>*, typename atomic<T>::value_type, memory_order)noexcept
5113	atomics.syn	atomic	std::atomic_fetch_min	function	1		T atomic_fetch_min(volatile atomic<T>*, typename atomic<T>::value_type)noexcept
5114	atomics.syn	atomic	std::atomic_fetch_min	function	1		constexpr T atomic_fetch_min(atomic<T>*, typename atomic<T>::value_type)noexcept
5115	atomics.syn	atomic	std::atomic_fetch_min_explicit	function	1		T atomic_fetch_min_explicit(volatile atomic<T>*, typename atomic<T>::value_type, memory_order)noexcept
5116	atomics.syn	atomic	std::atomic_fetch_min_explicit	function	1		constexpr T atomic_fetch_min_explicit(atomic<T>*, typename atomic<T>::value_type, memory_order)noexcept
5117	atomics.syn	atomic	std::atomic_store_add	function	1		void atomic_store_add(volatile atomic<T>*, typename atomic<T>::difference_type)noexcept
5118	atomics.syn	atomic	std::atomic_store_add	function	1		constexpr void atomic_store_add(atomic<T>*, typename atomic<T>::difference_type)noexcept
5119	atomics.syn	atomic	std::atomic_store_add_explicit	function	1		void atomic_store_add_explicit(volatile atomic<T>*, typename atomic<T>::difference_type, memory_order)noexcept
5120	atomics.syn	atomic	std::atomic_store_add_explicit	function	1		constexpr void atomic_store_add_explicit(atomic<T>*, typename atomic<T>::difference_type, memory_order)noexcept
5121	atomics.syn	atomic	std::atomic_store_sub	function	1		void atomic_store_sub(volatile atomic<T>*, typename atomic<T>::difference_type)noexcept
5122	atomics.syn	atomic	std::atomic_store_sub	function	1		constexpr void atomic_store_sub(atomic<T>*, typename atomic<T>::difference_type)noexcept
5123	atomics.syn	atomic	std::atomic_store_sub_explicit	function	1		void atomic_store_sub_explicit(volatile atomic<T>*, typename atomic<T>::difference_type, memory_order)noexcept
5124	atomics.syn	atomic	std::atomic_store_sub_explicit	function	1		constexpr void atomic_store_sub_explicit(atomic<T>*, typename atomic<T>::difference_type, memory_order)noexcept
5125	atomics.syn	atomic	std::atomic_store_and	function	1		void atomic_store_and(volatile atomic<T>*, typename atomic<T>::value_type)noexcept
5126	atomics.syn	atomic	std::atomic_store_and	function	1		constexpr void atomic_store_and(atomic<T>*, typename atomic<T>::value_type)noexcept
5127	atomics.syn	atomic	std::atomic_store_and_explicit	function	1		void atomic_store_and_explicit(volatile atomic<T>*, typename atomic<T>::value_type, memory_order)noexcept
5128	atomics.syn	atomic	std::atomic_store_and_explicit	function	1		constexpr void atomic_store_and_explicit(atomic<T>*, typename atomic<T>::value_type, memory_order)noexcept
5129	atomics.syn	atomic	std::atomic_store_or	function	1		void atomic_store_or(volatile atomic<T>*, typename atomic<T>::value_type)noexcept
5130	atomics.syn	atomic	std::atomic_store_or	function	1		constexpr void atomic_store_or(atomic<T>*, typename atomic<T>::value_type)noexcept
5131	atomics.syn	atomic	std::atomic_store_or_explicit	function	1		void atomic_store_or_explicit(volatile atomic<T>*, typename atomic<T>::value_type, memory_order)noexcept
5132	atomics.syn	atomic	std::atomic_store_or_explicit	function	1		constexpr void atomic_store_or_explicit(atomic<T>*, typename atomic<T>::value_type, memory_order)noexcept
5133	atomics.syn	atomic	std::atomic_store_xor	function	1		void atomic_store_xor(volatile atomic<T>*, typename atomic<T>::value_type)noexcept
5134	atomics.syn	atomic	std::atomic_store_xor	function	1		constexpr void atomic_store_xor(atomic<T>*, typename atomic<T>::value_type)noexcept
5135	atomics.syn	atomic	std::atomic_store_xor_explicit	function	1		void atomic_store_xor_explicit(volatile atomic<T>*, typename atomic<T>::value_type, memory_order)noexcept
5136	atomics.syn	atomic	std::atomic_store_xor_explicit	function	1		constexpr void atomic_store_xor_explicit(atomic<T>*, typename atomic<T>::value_type, memory_order)noexcept
5137	atomics.syn	atomic	std::atomic_store_max	function	1		void atomic_store_max(volatile atomic<T>*, typename atomic<T>::value_type)noexcept
5138	atomics.syn	atomic	std::atomic_store_max	function	1		constexpr void atomic_store_max(atomic<T>*, typename atomic<T>::value_type)noexcept
5139	atomics.syn	atomic	std::atomic_store_max_explicit	function	1		void atomic_store_max_explicit(volatile atomic<T>*, typename atomic<T>::value_type, memory_order)noexcept
5140	atomics.syn	atomic	std::atomic_store_max_explicit	function	1		constexpr void atomic_store_max_explicit(atomic<T>*, typename atomic<T>::value_type, memory_order)noexcept
5141	atomics.syn	atomic	std::atomic_store_min	function	1		void atomic_store_min(volatile atomic<T>*, typename atomic<T>::value_type)noexcept
5142	atomics.syn	atomic	std::atomic_store_min	function	1		constexpr void atomic_store_min(atomic<T>*, typename atomic<T>::value_type)noexcept
5143	atomics.syn	atomic	std::atomic_store_min_explicit	function	1		void atomic_store_min_explicit(volatile atomic<T>*, typename atomic<T>::value_type, memory_order)noexcept
5144	atomics.syn	atomic	std::atomic_store_min_explicit	function	1		constexpr void atomic_store_min_explicit(atomic<T>*, typename atomic<T>::value_type, memory_order)noexcept
5145	atomics.syn	atomic	std::atomic_wait	function	1		void atomic_wait(const volatile atomic<T>*, typename atomic<T>::value_type)noexcept
5146	atomics.syn	atomic	std::atomic_wait	function	1		constexpr void atomic_wait(const atomic<T>*, typename atomic<T>::value_type)noexcept
5147	atomics.syn	atomic	std::atomic_wait_explicit	function	1		void atomic_wait_explicit(const volatile atomic<T>*, typename atomic<T>::value_type, memory_order)noexcept
5148	atomics.syn	atomic	std::atomic_wait_explicit	function	1		constexpr void atomic_wait_explicit(const atomic<T>*, typename atomic<T>::value_type, memory_order)noexcept
5149	atomics.syn	atomic	std::atomic_notify_one	function	1		void atomic_notify_one(volatile atomic<T>*)noexcept
5150	atomics.syn	atomic	std::atomic_notify_one	function	1		constexpr void atomic_notify_one(atomic<T>*)noexcept
5151	atomics.syn	atomic	std::atomic_notify_all	function	1		void atomic_notify_all(volatile atomic<T>*)noexcept
5152	atomics.syn	atomic	std::atomic_notify_all	function	1		constexpr void atomic_notify_all(atomic<T>*)noexcept
5153	atomics.syn	atomic	std::atomic_bool	alias	1		using atomic_bool = atomic<bool>
5154	atomics.syn	atomic	std::atomic_char	alias	1		using atomic_char = atomic<char>
5155	atomics.syn	atomic	std::atomic_schar	alias	1		using atomic_schar = atomic<signed char>
5156	atomics.syn	atomic	std::atomic_uchar	alias	1		using atomic_uchar = atomic<unsigned char>
5157	atomics.syn	atomic	std::atomic_short	alias	1		using atomic_short = atomic<short>
5158	atomics.syn	atomic	std::atomic_ushort	alias	1		using atomic_ushort = atomic<unsigned short>
5159	atomics.syn	atomic	std::atomic_int	alias	1		using atomic_int = atomic<int>
5160	atomics.syn	atomic	std::atomic_uint	alias	1		using atomic_uint = atomic<unsigned int>
5161	atomics.syn	atomic	std::atomic_long	alias	1		using atomic_long = atomic<long>
5162	atomics.syn	atomic	std::atomic_ulong	alias	1		using atomic_ulong = atomic<unsigned long>
5163	atomics.syn	atomic	std::atomic_llong	alias	1		using atomic_llong = atomic<long long>
5164	atomics.syn	atomic	std::atomic_ullong	alias	1		using atomic_ullong = atomic<unsigned long long>
5165	atomics.syn	atomic	std::atomic_char8_t	alias	1		using atomic_char8_t = atomic<char8_t>
5166	atomics.syn	atomic	std::atomic_char16_t	alias	1		using atomic_char16_t = atomic<char16_t>
5167	atomics.syn	atomic	std::atomic_char32_t	alias	1		using atomic_char32_t = atomic<char32_t>
5168	atomics.syn	atomic	std::atomic_wchar_t	alias	1		using atomic_wchar_t = atomic<wchar_t>
5169	atomics.syn	atomic	std::atomic_int8_t	alias	1		using atomic_int8_t = atomic<int8_t>
5170	atomics.syn	atomic	std::atomic_uint8_t	alias	1		using atomic_uint8_t = atomic<uint8_t>
5171	atomics.syn	atomic	std::atomic_int16_t	alias	1		using atomic_int16_t = atomic<int16_t>
5172	atomics.syn	atomic	std::atomic_uint16_t	alias	1		using atomic_uint16_t = atomic<uint16_t>
5173	atomics.syn	atomic	std::atomic_int32_t	alias	1		using atomic_int32_t = atomic<int32_t>
5174	atomics.syn	atomic	std::atomic_uint32_t	alias	1		using atomic_uint32_t = atomic<uint32_t>
5175	atomics.syn	atomic	std::atomic_int64_t	alias	1		using atomic_int64_t = atomic<int64_t>
5176	atomics.syn	atomic	std::atomic_uint64_t	alias	1		using atomic_uint64_t = atomic<uint64_t>
5177	atomics.syn	atomic	std::atomic_int_least8_t	alias	1		using atomic_int_least8_t = atomic<int_least8_t>
5178	atomics.syn	atomic	std::atomic_uint_least8_t	alias	1		using atomic_uint_least8_t = atomic<uint_least8_t>
5179	atomics.syn	atomic	std::atomic_int_least16_t	alias	1		using atomic_int_least16_t = atomic<int_least16_t>
5180	atomics.syn	atomic	std::atomic_uint_least16_t	alias	1		using atomic_uint_least16_t = atomic<uint_least16_t>
5181	atomics.syn	atomic	std::atomic_int_least32_t	alias	1		using atomic_int_least32_t = atomic<int_least32_t>
5182	atomics.syn	atomic	std::atomic_uint_least32_t	alias	1		using atomic_uint_least32_t = atomic<uint_least32_t>
5183	atomics.syn	atomic	std::atomic_int_least64_t	alias	1		using atomic_int_least64_t = atomic<int_least64_t>
5184	atomics.syn	atomic	std::atomic_uint_least64_t	alias	1		using atomic_uint_least64_t = atomic<uint_least64_t>
5185	atomics.syn	atomic	std::atomic_int_fast8_t	alias	1		using atomic_int_fast8_t = atomic<int_fast8_t>
5186	atomics.syn	atomic	std::atomic_uint_fast8_t	alias	1		using atomic_uint_fast8_t = atomic<uint_fast8_t>
5187	atomics.syn	atomic	std::atomic_int_fast16_t	alias	1		using atomic_int_fast16_t = atomic<int_fast16_t>
5188	atomics.syn	atomic	std::atomic_uint_fast16_t	alias	1		using atomic_uint_fast16_t = atomic<uint_fast16_t>
5189	atomics.syn	atomic	std::atomic_int_fast32_t	alias	1		using atomic_int_fast32_t = atomic<int_fast32_t>
5190	atomics.syn	atomic	std::atomic_uint_fast32_t	alias	1		using atomic_uint_fast32_t = atomic<uint_fast32_t>
5191	atomics.syn	atomic	std::atomic_int_fast64_t	alias	1		using atomic_int_fast64_t = atomic<int_fast64_t>
5192	atomics.syn	atomic	std::atomic_uint_fast64_t	alias	1		using atomic_uint_fast64_t = atomic<uint_fast64_t>
5193	atomics.syn	atomic	std::atomic_intptr_t	alias	1		using atomic_intptr_t = atomic<intptr_t>
5194	atomics.syn	atomic	std::atomic_uintptr_t	alias	1		using atomic_uintptr_t = atomic<uintptr_t>
5195	atomics.syn	atomic	std::atomic_size_t	alias	1		using atomic_size_t = atomic<size_t>
5196	atomics.syn	atomic	std::atomic_ptrdiff_t	alias	1		using atomic_ptrdiff_t = atomic<ptrdiff_t>
5197	atomics.syn	atomic	std::atomic_intmax_t	alias	1		using atomic_intmax_t = atomic<intmax_t>
5198	atomics.syn	atomic	std::atomic_uintmax_t	alias	1		using atomic_uintmax_t = atomic<uintmax_t>
5199	atomics.syn	atomic	std::atomic_signed_lock_free	alias	1		using atomic_signed_lock_free = ⟨see below⟩
5200	atomics.syn	atomic	std::atomic_unsigned_lock_free	alias	1		using atomic_unsigned_lock_free = ⟨see below⟩
5201	atomics.syn	atomic	std::atomic_flag	classdecl	1	presence only: presence	struct atomic_flag
5202	atomics.syn	atomic	std::atomic_flag_test	function	1		bool atomic_flag_test(const volatile atomic_flag*)noexcept
5203	atomics.syn	atomic	std::atomic_flag_test	function	1		constexpr bool atomic_flag_test(const atomic_flag*)noexcept
5204	atomics.syn	atomic	std::atomic_flag_test_explicit	function	1		bool atomic_flag_test_explicit(const volatile atomic_flag*, memory_order)noexcept
5205	atomics.syn	atomic	std::atomic_flag_test_explicit	function	1		constexpr bool atomic_flag_test_explicit(const atomic_flag*, memory_order)noexcept
5206	atomics.syn	atomic	std::atomic_flag_test_and_set	function	1		bool atomic_flag_test_and_set(volatile atomic_flag*)noexcept
5207	atomics.syn	atomic	std::atomic_flag_test_and_set	function	1		constexpr bool atomic_flag_test_and_set(atomic_flag*)noexcept
5208	atomics.syn	atomic	std::atomic_flag_test_and_set_explicit	function	1		bool atomic_flag_test_and_set_explicit(volatile atomic_flag*, memory_order)noexcept
5209	atomics.syn	atomic	std::atomic_flag_test_and_set_explicit	function	1		constexpr bool atomic_flag_test_and_set_explicit(atomic_flag*, memory_order)noexcept
5210	atomics.syn	atomic	std::atomic_flag_clear	function	1		void atomic_flag_clear(volatile atomic_flag*)noexcept
5211	atomics.syn	atomic	std::atomic_flag_clear	function	1		constexpr void atomic_flag_clear(atomic_flag*)noexcept
5212	atomics.syn	atomic	std::atomic_flag_clear_explicit	function	1		void atomic_flag_clear_explicit(volatile atomic_flag*, memory_order)noexcept
5213	atomics.syn	atomic	std::atomic_flag_clear_explicit	function	1		constexpr void atomic_flag_clear_explicit(atomic_flag*, memory_order)noexcept
5214	atomics.syn	atomic	std::atomic_flag_wait	function	1		void atomic_flag_wait(const volatile atomic_flag*, bool)noexcept
5215	atomics.syn	atomic	std::atomic_flag_wait	function	1		constexpr void atomic_flag_wait(const atomic_flag*, bool)noexcept
5216	atomics.syn	atomic	std::atomic_flag_wait_explicit	function	1		void atomic_flag_wait_explicit(const volatile atomic_flag*, bool, memory_order)noexcept
5217	atomics.syn	atomic	std::atomic_flag_wait_explicit	function	1		constexpr void atomic_flag_wait_explicit(const atomic_flag*, bool, memory_order)noexcept
5218	atomics.syn	atomic	std::atomic_flag_notify_one	function	1		void atomic_flag_notify_one(volatile atomic_flag*)noexcept
5219	atomics.syn	atomic	std::atomic_flag_notify_one	function	1		constexpr void atomic_flag_notify_one(atomic_flag*)noexcept
5220	atomics.syn	atomic	std::atomic_flag_notify_all	function	1		void atomic_flag_notify_all(volatile atomic_flag*)noexcept
5221	atomics.syn	atomic	std::atomic_flag_notify_all	function	1		constexpr void atomic_flag_notify_all(atomic_flag*)noexcept
5222	atomics.syn	atomic	std::atomic_thread_fence	function	2		extern"C"constexpr void atomic_thread_fence(memory_order)noexcept
5223	atomics.syn	atomic	std::atomic_signal_fence	function	2		extern"C"constexpr void atomic_signal_fence(memory_order)noexcept
5224	atomics.order	atomic	std::memory_order	enumdef	6		enum class memory_order:⟨unspecified⟩
5225	atomics.ref.generic.general	atomic	std::atomic_ref	classdef	1	presence only: presence	struct atomic_ref
5226	atomics.ref.generic.general	atomic	std::atomic_ref::value_type	alias	1		using value_type = remove_cv_t<T>
5227	atomics.ref.generic.general	atomic	std::atomic_ref::required_alignment	variable	1		static constexpr size_t required_alignment = ⟨implementation-defined⟩
5228	atomics.ref.generic.general	atomic	std::atomic_ref::is_always_lock_free	variable	1		static constexpr bool is_always_lock_free = ⟨implementation-defined⟩
5229	atomics.ref.generic.general	atomic	std::atomic_ref::is_lock_free	function	1		bool is_lock_free()const noexcept
5230	atomics.ref.generic.general	atomic	std::atomic_ref::atomic_ref	function	1		constexpr explicit atomic_ref(T&)
5231	atomics.ref.generic.general	atomic	std::atomic_ref::atomic_ref	function	1		explicit atomic_ref(T&&) = delete
5232	atomics.ref.generic.general	atomic	std::atomic_ref::atomic_ref	function	1		constexpr atomic_ref(const atomic_ref&)noexcept
5233	atomics.ref.generic.general	atomic	std::atomic_ref::atomic_ref	function	1		constexpr atomic_ref(const atomic_ref<U>&)noexcept
5234	atomics.ref.generic.general	atomic	std::atomic_ref::operator=	function	1		atomic_ref&operator = (const atomic_ref&) = delete
5235	atomics.ref.generic.general	atomic	std::atomic_ref::store	function	3		constexpr void store(value_type, memory_order = memory_order::seq_cst)const noexcept
5236	atomics.ref.generic.general	atomic	std::atomic_ref::operator=	function	2		constexpr value_type operator = (value_type)const noexcept
5237	atomics.ref.generic.general	atomic	std::atomic_ref::load	function	3		constexpr value_type load(memory_order = memory_order::seq_cst)const noexcept
5238	atomics.ref.generic.general	atomic	std::atomic_ref::operator value_type	function	2		constexpr operator value_type()const noexcept
5239	atomics.ref.generic.general	atomic	std::atomic_ref::exchange	function	3		constexpr value_type exchange(value_type, memory_order = memory_order::seq_cst)const noexcept
5240	atomics.ref.generic.general	atomic	std::atomic_ref::compare_exchange_weak	function	2		constexpr bool compare_exchange_weak(value_type&, value_type, memory_order, memory_order)const noexcept
5241	atomics.ref.generic.general	atomic	std::atomic_ref::compare_exchange_strong	function	2		constexpr bool compare_exchange_strong(value_type&, value_type, memory_order, memory_order)const noexcept
5242	atomics.ref.generic.general	atomic	std::atomic_ref::compare_exchange_weak	function	3		constexpr bool compare_exchange_weak(value_type&, value_type, memory_order = memory_order::seq_cst)const noexcept
5243	atomics.ref.generic.general	atomic	std::atomic_ref::compare_exchange_strong	function	3		constexpr bool compare_exchange_strong(value_type&, value_type, memory_order = memory_order::seq_cst)const noexcept
5244	atomics.ref.generic.general	atomic	std::atomic_ref::wait	function	3		constexpr void wait(value_type, memory_order = memory_order::seq_cst)const noexcept
5245	atomics.ref.generic.general	atomic	std::atomic_ref::notify_one	function	2		constexpr void notify_one()const noexcept
5246	atomics.ref.generic.general	atomic	std::atomic_ref::notify_all	function	2		constexpr void notify_all()const noexcept
5247	atomics.ref.generic.general	atomic	std::atomic_ref::address	function	2		constexpr ⟨address-return-type⟩ address()const noexcept
5248	atomics.ref.int	atomic	std::atomic_ref	classdef	15		struct atomic_ref<⟨integral-type⟩>
5249	atomics.ref.int	atomic	std::atomic_ref::value_type	alias	15		using value_type = remove_cv_t<⟨integral-type⟩>
5250	atomics.ref.int	atomic	std::atomic_ref::difference_type	alias	15		using difference_type = value_type
5251	atomics.ref.int	atomic	std::atomic_ref::required_alignment	variable	15		static constexpr size_t required_alignment = ⟨implementation-defined⟩
5252	atomics.ref.int	atomic	std::atomic_ref::is_always_lock_free	variable	15		static constexpr bool is_always_lock_free = ⟨implementation-defined⟩
5253	atomics.ref.int	atomic	std::atomic_ref::is_lock_free	function	15		bool is_lock_free()const noexcept
5254	atomics.ref.int	atomic	std::atomic_ref::atomic_ref	function	15		constexpr explicit atomic_ref(⟨integral-type⟩&)
5255	atomics.ref.int	atomic	std::atomic_ref::atomic_ref	function	15		explicit atomic_ref(⟨integral-type⟩&&) = delete
5256	atomics.ref.int	atomic	std::atomic_ref::atomic_ref	function	15		constexpr atomic_ref(const atomic_ref&)noexcept
5257	atomics.ref.int	atomic	std::atomic_ref::atomic_ref	function	15		constexpr atomic_ref(const atomic_ref<U>&)noexcept
5258	atomics.ref.int	atomic	std::atomic_ref::operator=	function	15		atomic_ref&operator = (const atomic_ref&) = delete
5259	atomics.ref.int	atomic	std::atomic_ref::store	function	45		constexpr void store(value_type, memory_order = memory_order::seq_cst)const noexcept
5260	atomics.ref.int	atomic	std::atomic_ref::operator=	function	30		constexpr value_type operator = (value_type)const noexcept
5261	atomics.ref.int	atomic	std::atomic_ref::load	function	45		constexpr value_type load(memory_order = memory_order::seq_cst)const noexcept
5262	atomics.ref.int	atomic	std::atomic_ref::operator value_type	function	30		constexpr operator value_type()const noexcept
5263	atomics.ref.int	atomic	std::atomic_ref::exchange	function	45		constexpr value_type exchange(value_type, memory_order = memory_order::seq_cst)const noexcept
5264	atomics.ref.int	atomic	std::atomic_ref::compare_exchange_weak	function	30		constexpr bool compare_exchange_weak(value_type&, value_type, memory_order, memory_order)const noexcept
5265	atomics.ref.int	atomic	std::atomic_ref::compare_exchange_strong	function	30		constexpr bool compare_exchange_strong(value_type&, value_type, memory_order, memory_order)const noexcept
5266	atomics.ref.int	atomic	std::atomic_ref::compare_exchange_weak	function	45		constexpr bool compare_exchange_weak(value_type&, value_type, memory_order = memory_order::seq_cst)const noexcept
5267	atomics.ref.int	atomic	std::atomic_ref::compare_exchange_strong	function	45		constexpr bool compare_exchange_strong(value_type&, value_type, memory_order = memory_order::seq_cst)const noexcept
5268	atomics.ref.int	atomic	std::atomic_ref::fetch_add	function	45		constexpr value_type fetch_add(value_type, memory_order = memory_order::seq_cst)const noexcept
5269	atomics.ref.int	atomic	std::atomic_ref::fetch_sub	function	45		constexpr value_type fetch_sub(value_type, memory_order = memory_order::seq_cst)const noexcept
5270	atomics.ref.int	atomic	std::atomic_ref::fetch_and	function	45		constexpr value_type fetch_and(value_type, memory_order = memory_order::seq_cst)const noexcept
5271	atomics.ref.int	atomic	std::atomic_ref::fetch_or	function	45		constexpr value_type fetch_or(value_type, memory_order = memory_order::seq_cst)const noexcept
5272	atomics.ref.int	atomic	std::atomic_ref::fetch_xor	function	45		constexpr value_type fetch_xor(value_type, memory_order = memory_order::seq_cst)const noexcept
5273	atomics.ref.int	atomic	std::atomic_ref::fetch_max	function	45		constexpr value_type fetch_max(value_type, memory_order = memory_order::seq_cst)const noexcept
5274	atomics.ref.int	atomic	std::atomic_ref::fetch_min	function	45		constexpr value_type fetch_min(value_type, memory_order = memory_order::seq_cst)const noexcept
5275	atomics.ref.int	atomic	std::atomic_ref::store_add	function	45		constexpr void store_add(value_type, memory_order = memory_order::seq_cst)const noexcept
5276	atomics.ref.int	atomic	std::atomic_ref::store_sub	function	45		constexpr void store_sub(value_type, memory_order = memory_order::seq_cst)const noexcept
5277	atomics.ref.int	atomic	std::atomic_ref::store_and	function	45		constexpr void store_and(value_type, memory_order = memory_order::seq_cst)const noexcept
5278	atomics.ref.int	atomic	std::atomic_ref::store_or	function	45		constexpr void store_or(value_type, memory_order = memory_order::seq_cst)const noexcept
5279	atomics.ref.int	atomic	std::atomic_ref::store_xor	function	45		constexpr void store_xor(value_type, memory_order = memory_order::seq_cst)const noexcept
5280	atomics.ref.int	atomic	std::atomic_ref::store_max	function	45		constexpr void store_max(value_type, memory_order = memory_order::seq_cst)const noexcept
5281	atomics.ref.int	atomic	std::atomic_ref::store_min	function	45		constexpr void store_min(value_type, memory_order = memory_order::seq_cst)const noexcept
5282	atomics.ref.int	atomic	std::atomic_ref::operator++	function	30		constexpr value_type operator++(int)const noexcept
5283	atomics.ref.int	atomic	std::atomic_ref::operator--	function	30		constexpr value_type operator--(int)const noexcept
5284	atomics.ref.int	atomic	std::atomic_ref::operator++	function	30		constexpr value_type operator++()const noexcept
5285	atomics.ref.int	atomic	std::atomic_ref::operator--	function	30		constexpr value_type operator--()const noexcept
5286	atomics.ref.int	atomic	std::atomic_ref::operator+=	function	30		constexpr value_type operator+=(value_type)const noexcept
5287	atomics.ref.int	atomic	std::atomic_ref::operator-=	function	30		constexpr value_type operator-=(value_type)const noexcept
5288	atomics.ref.int	atomic	std::atomic_ref::operator&=	function	30		constexpr value_type operator&=(value_type)const noexcept
5289	atomics.ref.int	atomic	std::atomic_ref::operator|=	function	30		constexpr value_type operator|=(value_type)const noexcept
5290	atomics.ref.int	atomic	std::atomic_ref::operator^=	function	30		constexpr value_type operator^=(value_type)const noexcept
5291	atomics.ref.int	atomic	std::atomic_ref::wait	function	45		constexpr void wait(value_type, memory_order = memory_order::seq_cst)const noexcept
5292	atomics.ref.int	atomic	std::atomic_ref::notify_one	function	30		constexpr void notify_one()const noexcept
5293	atomics.ref.int	atomic	std::atomic_ref::notify_all	function	30		constexpr void notify_all()const noexcept
5294	atomics.ref.int	atomic	std::atomic_ref::address	function	30		constexpr ⟨address-return-type⟩ address()const noexcept
5295	atomics.ref.float	atomic	std::atomic_ref	classdef	3		struct atomic_ref<⟨floating-point-type⟩>
5296	atomics.ref.float	atomic	std::atomic_ref::value_type	alias	3		using value_type = remove_cv_t<⟨floating-point-type⟩>
5297	atomics.ref.float	atomic	std::atomic_ref::difference_type	alias	3		using difference_type = value_type
5298	atomics.ref.float	atomic	std::atomic_ref::required_alignment	variable	3		static constexpr size_t required_alignment = ⟨implementation-defined⟩
5299	atomics.ref.float	atomic	std::atomic_ref::is_always_lock_free	variable	3		static constexpr bool is_always_lock_free = ⟨implementation-defined⟩
5300	atomics.ref.float	atomic	std::atomic_ref::is_lock_free	function	3		bool is_lock_free()const noexcept
5301	atomics.ref.float	atomic	std::atomic_ref::atomic_ref	function	3		constexpr explicit atomic_ref(⟨floating-point-type⟩&)
5302	atomics.ref.float	atomic	std::atomic_ref::atomic_ref	function	3		explicit atomic_ref(⟨floating-point-type⟩&&) = delete
5303	atomics.ref.float	atomic	std::atomic_ref::atomic_ref	function	3		constexpr atomic_ref(const atomic_ref&)noexcept
5304	atomics.ref.float	atomic	std::atomic_ref::atomic_ref	function	3		constexpr atomic_ref(const atomic_ref<U>&)noexcept
5305	atomics.ref.float	atomic	std::atomic_ref::operator=	function	3		atomic_ref&operator = (const atomic_ref&) = delete
5306	atomics.ref.float	atomic	std::atomic_ref::store	function	9		constexpr void store(value_type, memory_order = memory_order::seq_cst)const noexcept
5307	atomics.ref.float	atomic	std::atomic_ref::operator=	function	6		constexpr value_type operator = (value_type)const noexcept
5308	atomics.ref.float	atomic	std::atomic_ref::load	function	9		constexpr value_type load(memory_order = memory_order::seq_cst)const noexcept
5309	atomics.ref.float	atomic	std::atomic_ref::operator value_type	function	6		constexpr operator value_type()const noexcept
5310	atomics.ref.float	atomic	std::atomic_ref::exchange	function	9		constexpr value_type exchange(value_type, memory_order = memory_order::seq_cst)const noexcept
5311	atomics.ref.float	atomic	std::atomic_ref::compare_exchange_weak	function	6		constexpr bool compare_exchange_weak(value_type&, value_type, memory_order, memory_order)const noexcept
5312	atomics.ref.float	atomic	std::atomic_ref::compare_exchange_strong	function	6		constexpr bool compare_exchange_strong(value_type&, value_type, memory_order, memory_order)const noexcept
5313	atomics.ref.float	atomic	std::atomic_ref::compare_exchange_weak	function	9		constexpr bool compare_exchange_weak(value_type&, value_type, memory_order = memory_order::seq_cst)const noexcept
5314	atomics.ref.float	atomic	std::atomic_ref::compare_exchange_strong	function	9		constexpr bool compare_exchange_strong(value_type&, value_type, memory_order = memory_order::seq_cst)const noexcept
5315	atomics.ref.float	atomic	std::atomic_ref::fetch_add	function	9		constexpr value_type fetch_add(value_type, memory_order = memory_order::seq_cst)const noexcept
5316	atomics.ref.float	atomic	std::atomic_ref::fetch_sub	function	9		constexpr value_type fetch_sub(value_type, memory_order = memory_order::seq_cst)const noexcept
5317	atomics.ref.float	atomic	std::atomic_ref::fetch_max	function	9		constexpr value_type fetch_max(value_type, memory_order = memory_order::seq_cst)const noexcept
5318	atomics.ref.float	atomic	std::atomic_ref::fetch_min	function	9		constexpr value_type fetch_min(value_type, memory_order = memory_order::seq_cst)const noexcept
5319	atomics.ref.float	atomic	std::atomic_ref::fetch_fmaximum	function	9		constexpr value_type fetch_fmaximum(value_type, memory_order = memory_order::seq_cst)const noexcept
5320	atomics.ref.float	atomic	std::atomic_ref::fetch_fminimum	function	9		constexpr value_type fetch_fminimum(value_type, memory_order = memory_order::seq_cst)const noexcept
5321	atomics.ref.float	atomic	std::atomic_ref::fetch_fmaximum_num	function	9		constexpr value_type fetch_fmaximum_num(value_type, memory_order = memory_order::seq_cst)const noexcept
5322	atomics.ref.float	atomic	std::atomic_ref::fetch_fminimum_num	function	9		constexpr value_type fetch_fminimum_num(value_type, memory_order = memory_order::seq_cst)const noexcept
5323	atomics.ref.float	atomic	std::atomic_ref::store_add	function	9		constexpr void store_add(value_type, memory_order = memory_order::seq_cst)const noexcept
5324	atomics.ref.float	atomic	std::atomic_ref::store_sub	function	9		constexpr void store_sub(value_type, memory_order = memory_order::seq_cst)const noexcept
5325	atomics.ref.float	atomic	std::atomic_ref::store_max	function	9		constexpr void store_max(value_type, memory_order = memory_order::seq_cst)const noexcept
5326	atomics.ref.float	atomic	std::atomic_ref::store_min	function	9		constexpr void store_min(value_type, memory_order = memory_order::seq_cst)const noexcept
5327	atomics.ref.float	atomic	std::atomic_ref::store_fmaximum	function	9		constexpr void store_fmaximum(value_type, memory_order = memory_order::seq_cst)const noexcept
5328	atomics.ref.float	atomic	std::atomic_ref::store_fminimum	function	9		constexpr void store_fminimum(value_type, memory_order = memory_order::seq_cst)const noexcept
5329	atomics.ref.float	atomic	std::atomic_ref::store_fmaximum_num	function	9		constexpr void store_fmaximum_num(value_type, memory_order = memory_order::seq_cst)const noexcept
5330	atomics.ref.float	atomic	std::atomic_ref::store_fminimum_num	function	9		constexpr void store_fminimum_num(value_type, memory_order = memory_order::seq_cst)const noexcept
5331	atomics.ref.float	atomic	std::atomic_ref::operator+=	function	6		constexpr value_type operator+=(value_type)const noexcept
5332	atomics.ref.float	atomic	std::atomic_ref::operator-=	function	6		constexpr value_type operator-=(value_type)const noexcept
5333	atomics.ref.float	atomic	std::atomic_ref::wait	function	9		constexpr void wait(value_type, memory_order = memory_order::seq_cst)const noexcept
5334	atomics.ref.float	atomic	std::atomic_ref::notify_one	function	6		constexpr void notify_one()const noexcept
5335	atomics.ref.float	atomic	std::atomic_ref::notify_all	function	6		constexpr void notify_all()const noexcept
5336	atomics.ref.float	atomic	std::atomic_ref::address	function	6		constexpr ⟨address-return-type⟩ address()const noexcept
5337	atomics.ref.pointer	atomic	std::atomic_ref	classdef	1		struct atomic_ref<⟨pointer-type⟩>
5338	atomics.ref.pointer	atomic	std::atomic_ref::value_type	alias	1		using value_type = remove_cv_t<⟨pointer-type⟩>
5339	atomics.ref.pointer	atomic	std::atomic_ref::difference_type	alias	1		using difference_type = ptrdiff_t
5340	atomics.ref.pointer	atomic	std::atomic_ref::required_alignment	variable	1		static constexpr size_t required_alignment = ⟨implementation-defined⟩
5341	atomics.ref.pointer	atomic	std::atomic_ref::is_always_lock_free	variable	1		static constexpr bool is_always_lock_free = ⟨implementation-defined⟩
5342	atomics.ref.pointer	atomic	std::atomic_ref::is_lock_free	function	1		bool is_lock_free()const noexcept
5343	atomics.ref.pointer	atomic	std::atomic_ref::atomic_ref	function	1		constexpr explicit atomic_ref(⟨pointer-type⟩&)
5344	atomics.ref.pointer	atomic	std::atomic_ref::atomic_ref	function	1		explicit atomic_ref(⟨pointer-type⟩&&) = delete
5345	atomics.ref.pointer	atomic	std::atomic_ref::atomic_ref	function	1		constexpr atomic_ref(const atomic_ref&)noexcept
5346	atomics.ref.pointer	atomic	std::atomic_ref::atomic_ref	function	0	not probed (no sample, or a hidden friend whose signature is exposition-only)	constexpr atomic_ref(const atomic_ref<U>&)noexcept
5347	atomics.ref.pointer	atomic	std::atomic_ref::operator=	function	1		atomic_ref&operator = (const atomic_ref&) = delete
5348	atomics.ref.pointer	atomic	std::atomic_ref::store	function	2		constexpr void store(value_type, memory_order = memory_order::seq_cst)const noexcept
5349	atomics.ref.pointer	atomic	std::atomic_ref::operator=	function	1		constexpr value_type operator = (value_type)const noexcept
5350	atomics.ref.pointer	atomic	std::atomic_ref::load	function	3		constexpr value_type load(memory_order = memory_order::seq_cst)const noexcept
5351	atomics.ref.pointer	atomic	std::atomic_ref::operator value_type	function	2		constexpr operator value_type()const noexcept
5352	atomics.ref.pointer	atomic	std::atomic_ref::exchange	function	2		constexpr value_type exchange(value_type, memory_order = memory_order::seq_cst)const noexcept
5353	atomics.ref.pointer	atomic	std::atomic_ref::compare_exchange_weak	function	1		constexpr bool compare_exchange_weak(value_type&, value_type, memory_order, memory_order)const noexcept
5354	atomics.ref.pointer	atomic	std::atomic_ref::compare_exchange_strong	function	1		constexpr bool compare_exchange_strong(value_type&, value_type, memory_order, memory_order)const noexcept
5355	atomics.ref.pointer	atomic	std::atomic_ref::compare_exchange_weak	function	2		constexpr bool compare_exchange_weak(value_type&, value_type, memory_order = memory_order::seq_cst)const noexcept
5356	atomics.ref.pointer	atomic	std::atomic_ref::compare_exchange_strong	function	2		constexpr bool compare_exchange_strong(value_type&, value_type, memory_order = memory_order::seq_cst)const noexcept
5357	atomics.ref.pointer	atomic	std::atomic_ref::fetch_add	function	2		constexpr value_type fetch_add(difference_type, memory_order = memory_order::seq_cst)const noexcept
5358	atomics.ref.pointer	atomic	std::atomic_ref::fetch_sub	function	2		constexpr value_type fetch_sub(difference_type, memory_order = memory_order::seq_cst)const noexcept
5359	atomics.ref.pointer	atomic	std::atomic_ref::fetch_max	function	2		constexpr value_type fetch_max(value_type, memory_order = memory_order::seq_cst)const noexcept
5360	atomics.ref.pointer	atomic	std::atomic_ref::fetch_min	function	2		constexpr value_type fetch_min(value_type, memory_order = memory_order::seq_cst)const noexcept
5361	atomics.ref.pointer	atomic	std::atomic_ref::store_add	function	2		constexpr void store_add(difference_type, memory_order = memory_order::seq_cst)const noexcept
5362	atomics.ref.pointer	atomic	std::atomic_ref::store_sub	function	2		constexpr void store_sub(difference_type, memory_order = memory_order::seq_cst)const noexcept
5363	atomics.ref.pointer	atomic	std::atomic_ref::store_max	function	2		constexpr void store_max(value_type, memory_order = memory_order::seq_cst)const noexcept
5364	atomics.ref.pointer	atomic	std::atomic_ref::store_min	function	2		constexpr void store_min(value_type, memory_order = memory_order::seq_cst)const noexcept
5365	atomics.ref.pointer	atomic	std::atomic_ref::operator++	function	2		constexpr value_type operator++(int)const noexcept
5366	atomics.ref.pointer	atomic	std::atomic_ref::operator--	function	2		constexpr value_type operator--(int)const noexcept
5367	atomics.ref.pointer	atomic	std::atomic_ref::operator++	function	2		constexpr value_type operator++()const noexcept
5368	atomics.ref.pointer	atomic	std::atomic_ref::operator--	function	2		constexpr value_type operator--()const noexcept
5369	atomics.ref.pointer	atomic	std::atomic_ref::operator+=	function	1		constexpr value_type operator+=(difference_type)const noexcept
5370	atomics.ref.pointer	atomic	std::atomic_ref::operator-=	function	1		constexpr value_type operator-=(difference_type)const noexcept
5371	atomics.ref.pointer	atomic	std::atomic_ref::wait	function	2		constexpr void wait(value_type, memory_order = memory_order::seq_cst)const noexcept
5372	atomics.ref.pointer	atomic	std::atomic_ref::notify_one	function	2		constexpr void notify_one()const noexcept
5373	atomics.ref.pointer	atomic	std::atomic_ref::notify_all	function	2		constexpr void notify_all()const noexcept
5374	atomics.ref.pointer	atomic	std::atomic_ref::address	function	2		constexpr ⟨address-return-type⟩ address()const noexcept
5375	atomics.types.generic.general	atomic	std::atomic	classdef	1	presence only: presence	struct atomic
5376	atomics.types.generic.general	atomic	std::atomic::value_type	alias	1		using value_type = T
5377	atomics.types.generic.general	atomic	std::atomic::is_always_lock_free	variable	1		static constexpr bool is_always_lock_free = ⟨implementation-defined⟩
5378	atomics.types.generic.general	atomic	std::atomic::is_lock_free	function	1		bool is_lock_free()const volatile noexcept
5379	atomics.types.generic.general	atomic	std::atomic::is_lock_free	function	1		bool is_lock_free()const noexcept
5380	atomics.types.generic.general	atomic	std::atomic::atomic	function	1		constexpr atomic()noexcept(is_nothrow_default_constructible_v<T>)
5381	atomics.types.generic.general	atomic	std::atomic::atomic	function	1		constexpr atomic(T)noexcept
5382	atomics.types.generic.general	atomic	std::atomic::atomic	function	1		atomic(const atomic&) = delete
5383	atomics.types.generic.general	atomic	std::atomic::operator=	function	1		atomic&operator = (const atomic&) = delete
5384	atomics.types.generic.general	atomic	std::atomic::operator=	function	1		atomic&operator = (const atomic&)volatile = delete
5385	atomics.types.generic.general	atomic	std::atomic::load	function	2		T load(memory_order = memory_order::seq_cst)const volatile noexcept
5386	atomics.types.generic.general	atomic	std::atomic::load	function	3		constexpr T load(memory_order = memory_order::seq_cst)const noexcept
5387	atomics.types.generic.general	atomic	std::atomic::operator T	function	1		operator T()const volatile noexcept
5388	atomics.types.generic.general	atomic	std::atomic::operator T	function	2		constexpr operator T()const noexcept
5389	atomics.types.generic.general	atomic	std::atomic::store	function	2		void store(T, memory_order = memory_order::seq_cst)volatile noexcept
5390	atomics.types.generic.general	atomic	std::atomic::store	function	3		constexpr void store(T, memory_order = memory_order::seq_cst)noexcept
5391	atomics.types.generic.general	atomic	std::atomic::operator=	function	1		T operator = (T)volatile noexcept
5392	atomics.types.generic.general	atomic	std::atomic::operator=	function	2		constexpr T operator = (T)noexcept
5393	atomics.types.generic.general	atomic	std::atomic::exchange	function	2		T exchange(T, memory_order = memory_order::seq_cst)volatile noexcept
5394	atomics.types.generic.general	atomic	std::atomic::exchange	function	3		constexpr T exchange(T, memory_order = memory_order::seq_cst)noexcept
5395	atomics.types.generic.general	atomic	std::atomic::compare_exchange_weak	function	1		bool compare_exchange_weak(T&, T, memory_order, memory_order)volatile noexcept
5396	atomics.types.generic.general	atomic	std::atomic::compare_exchange_weak	function	2		constexpr bool compare_exchange_weak(T&, T, memory_order, memory_order)noexcept
5397	atomics.types.generic.general	atomic	std::atomic::compare_exchange_strong	function	1		bool compare_exchange_strong(T&, T, memory_order, memory_order)volatile noexcept
5398	atomics.types.generic.general	atomic	std::atomic::compare_exchange_strong	function	2		constexpr bool compare_exchange_strong(T&, T, memory_order, memory_order)noexcept
5399	atomics.types.generic.general	atomic	std::atomic::compare_exchange_weak	function	2		bool compare_exchange_weak(T&, T, memory_order = memory_order::seq_cst)volatile noexcept
5400	atomics.types.generic.general	atomic	std::atomic::compare_exchange_weak	function	3		constexpr bool compare_exchange_weak(T&, T, memory_order = memory_order::seq_cst)noexcept
5401	atomics.types.generic.general	atomic	std::atomic::compare_exchange_strong	function	2		bool compare_exchange_strong(T&, T, memory_order = memory_order::seq_cst)volatile noexcept
5402	atomics.types.generic.general	atomic	std::atomic::compare_exchange_strong	function	3		constexpr bool compare_exchange_strong(T&, T, memory_order = memory_order::seq_cst)noexcept
5403	atomics.types.generic.general	atomic	std::atomic::wait	function	2		void wait(T, memory_order = memory_order::seq_cst)const volatile noexcept
5404	atomics.types.generic.general	atomic	std::atomic::wait	function	3		constexpr void wait(T, memory_order = memory_order::seq_cst)const noexcept
5405	atomics.types.generic.general	atomic	std::atomic::notify_one	function	1		void notify_one()volatile noexcept
5406	atomics.types.generic.general	atomic	std::atomic::notify_one	function	2		constexpr void notify_one()noexcept
5407	atomics.types.generic.general	atomic	std::atomic::notify_all	function	1		void notify_all()volatile noexcept
5408	atomics.types.generic.general	atomic	std::atomic::notify_all	function	2		constexpr void notify_all()noexcept
5409	atomics.types.int	atomic	std::atomic	classdef	15		struct atomic<⟨integral-type⟩>
5410	atomics.types.int	atomic	std::atomic::value_type	alias	15		using value_type = ⟨integral-type⟩
5411	atomics.types.int	atomic	std::atomic::difference_type	alias	15		using difference_type = value_type
5412	atomics.types.int	atomic	std::atomic::is_always_lock_free	variable	15		static constexpr bool is_always_lock_free = ⟨implementation-defined⟩
5413	atomics.types.int	atomic	std::atomic::is_lock_free	function	15		bool is_lock_free()const volatile noexcept
5414	atomics.types.int	atomic	std::atomic::is_lock_free	function	15		bool is_lock_free()const noexcept
5415	atomics.types.int	atomic	std::atomic::atomic	function	15		constexpr atomic()noexcept
5416	atomics.types.int	atomic	std::atomic::atomic	function	15		constexpr atomic(⟨integral-type⟩)noexcept
5417	atomics.types.int	atomic	std::atomic::atomic	function	15		atomic(const atomic&) = delete
5418	atomics.types.int	atomic	std::atomic::operator=	function	15		atomic&operator = (const atomic&) = delete
5419	atomics.types.int	atomic	std::atomic::operator=	function	15		atomic&operator = (const atomic&)volatile = delete
5420	atomics.types.int	atomic	std::atomic::store	function	30		void store(⟨integral-type⟩, memory_order = memory_order::seq_cst)volatile noexcept
5421	atomics.types.int	atomic	std::atomic::store	function	45		constexpr void store(⟨integral-type⟩, memory_order = memory_order::seq_cst)noexcept
5422	atomics.types.int	atomic	std::atomic::operator=	function	15		⟨integral-type⟩ operator = (⟨integral-type⟩)volatile noexcept
5423	atomics.types.int	atomic	std::atomic::operator=	function	30		constexpr ⟨integral-type⟩ operator = (⟨integral-type⟩)noexcept
5424	atomics.types.int	atomic	std::atomic::load	function	30		⟨integral-type⟩ load(memory_order = memory_order::seq_cst)const volatile noexcept
5425	atomics.types.int	atomic	std::atomic::load	function	45		constexpr ⟨integral-type⟩ load(memory_order = memory_order::seq_cst)const noexcept
5426	atomics.types.int	atomic	std::atomic::operator ⟨integral-type⟩	function	15		operator ⟨integral-type⟩()const volatile noexcept
5427	atomics.types.int	atomic	std::atomic::operator ⟨integral-type⟩	function	30		constexpr operator ⟨integral-type⟩()const noexcept
5428	atomics.types.int	atomic	std::atomic::exchange	function	30		⟨integral-type⟩ exchange(⟨integral-type⟩, memory_order = memory_order::seq_cst)volatile noexcept
5429	atomics.types.int	atomic	std::atomic::exchange	function	45		constexpr ⟨integral-type⟩ exchange(⟨integral-type⟩, memory_order = memory_order::seq_cst)noexcept
5430	atomics.types.int	atomic	std::atomic::compare_exchange_weak	function	15		bool compare_exchange_weak(⟨integral-type⟩&, ⟨integral-type⟩, memory_order, memory_order)volatile noexcept
5431	atomics.types.int	atomic	std::atomic::compare_exchange_weak	function	30		constexpr bool compare_exchange_weak(⟨integral-type⟩&, ⟨integral-type⟩, memory_order, memory_order)noexcept
5432	atomics.types.int	atomic	std::atomic::compare_exchange_strong	function	15		bool compare_exchange_strong(⟨integral-type⟩&, ⟨integral-type⟩, memory_order, memory_order)volatile noexcept
5433	atomics.types.int	atomic	std::atomic::compare_exchange_strong	function	30		constexpr bool compare_exchange_strong(⟨integral-type⟩&, ⟨integral-type⟩, memory_order, memory_order)noexcept
5434	atomics.types.int	atomic	std::atomic::compare_exchange_weak	function	30		bool compare_exchange_weak(⟨integral-type⟩&, ⟨integral-type⟩, memory_order = memory_order::seq_cst)volatile noexcept
5435	atomics.types.int	atomic	std::atomic::compare_exchange_weak	function	45		constexpr bool compare_exchange_weak(⟨integral-type⟩&, ⟨integral-type⟩, memory_order = memory_order::seq_cst)noexcept
5436	atomics.types.int	atomic	std::atomic::compare_exchange_strong	function	30		bool compare_exchange_strong(⟨integral-type⟩&, ⟨integral-type⟩, memory_order = memory_order::seq_cst)volatile noexcept
5437	atomics.types.int	atomic	std::atomic::compare_exchange_strong	function	45		constexpr bool compare_exchange_strong(⟨integral-type⟩&, ⟨integral-type⟩, memory_order = memory_order::seq_cst)noexcept
5438	atomics.types.int	atomic	std::atomic::fetch_add	function	30		⟨integral-type⟩ fetch_add(⟨integral-type⟩, memory_order = memory_order::seq_cst)volatile noexcept
5439	atomics.types.int	atomic	std::atomic::fetch_add	function	45		constexpr ⟨integral-type⟩ fetch_add(⟨integral-type⟩, memory_order = memory_order::seq_cst)noexcept
5440	atomics.types.int	atomic	std::atomic::fetch_sub	function	30		⟨integral-type⟩ fetch_sub(⟨integral-type⟩, memory_order = memory_order::seq_cst)volatile noexcept
5441	atomics.types.int	atomic	std::atomic::fetch_sub	function	45		constexpr ⟨integral-type⟩ fetch_sub(⟨integral-type⟩, memory_order = memory_order::seq_cst)noexcept
5442	atomics.types.int	atomic	std::atomic::fetch_and	function	30		⟨integral-type⟩ fetch_and(⟨integral-type⟩, memory_order = memory_order::seq_cst)volatile noexcept
5443	atomics.types.int	atomic	std::atomic::fetch_and	function	45		constexpr ⟨integral-type⟩ fetch_and(⟨integral-type⟩, memory_order = memory_order::seq_cst)noexcept
5444	atomics.types.int	atomic	std::atomic::fetch_or	function	30		⟨integral-type⟩ fetch_or(⟨integral-type⟩, memory_order = memory_order::seq_cst)volatile noexcept
5445	atomics.types.int	atomic	std::atomic::fetch_or	function	45		constexpr ⟨integral-type⟩ fetch_or(⟨integral-type⟩, memory_order = memory_order::seq_cst)noexcept
5446	atomics.types.int	atomic	std::atomic::fetch_xor	function	30		⟨integral-type⟩ fetch_xor(⟨integral-type⟩, memory_order = memory_order::seq_cst)volatile noexcept
5447	atomics.types.int	atomic	std::atomic::fetch_xor	function	45		constexpr ⟨integral-type⟩ fetch_xor(⟨integral-type⟩, memory_order = memory_order::seq_cst)noexcept
5448	atomics.types.int	atomic	std::atomic::fetch_max	function	30		⟨integral-type⟩ fetch_max(⟨integral-type⟩, memory_order = memory_order::seq_cst)volatile noexcept
5449	atomics.types.int	atomic	std::atomic::fetch_max	function	45		constexpr ⟨integral-type⟩ fetch_max(⟨integral-type⟩, memory_order = memory_order::seq_cst)noexcept
5450	atomics.types.int	atomic	std::atomic::fetch_min	function	30		⟨integral-type⟩ fetch_min(⟨integral-type⟩, memory_order = memory_order::seq_cst)volatile noexcept
5451	atomics.types.int	atomic	std::atomic::fetch_min	function	45		constexpr ⟨integral-type⟩ fetch_min(⟨integral-type⟩, memory_order = memory_order::seq_cst)noexcept
5452	atomics.types.int	atomic	std::atomic::store_add	function	30		void store_add(⟨integral-type⟩, memory_order = memory_order::seq_cst)volatile noexcept
5453	atomics.types.int	atomic	std::atomic::store_add	function	45		constexpr void store_add(⟨integral-type⟩, memory_order = memory_order::seq_cst)noexcept
5454	atomics.types.int	atomic	std::atomic::store_sub	function	30		void store_sub(⟨integral-type⟩, memory_order = memory_order::seq_cst)volatile noexcept
5455	atomics.types.int	atomic	std::atomic::store_sub	function	45		constexpr void store_sub(⟨integral-type⟩, memory_order = memory_order::seq_cst)noexcept
5456	atomics.types.int	atomic	std::atomic::store_and	function	30		void store_and(⟨integral-type⟩, memory_order = memory_order::seq_cst)volatile noexcept
5457	atomics.types.int	atomic	std::atomic::store_and	function	45		constexpr void store_and(⟨integral-type⟩, memory_order = memory_order::seq_cst)noexcept
5458	atomics.types.int	atomic	std::atomic::store_or	function	30		void store_or(⟨integral-type⟩, memory_order = memory_order::seq_cst)volatile noexcept
5459	atomics.types.int	atomic	std::atomic::store_or	function	45		constexpr void store_or(⟨integral-type⟩, memory_order = memory_order::seq_cst)noexcept
5460	atomics.types.int	atomic	std::atomic::store_xor	function	30		void store_xor(⟨integral-type⟩, memory_order = memory_order::seq_cst)volatile noexcept
5461	atomics.types.int	atomic	std::atomic::store_xor	function	45		constexpr void store_xor(⟨integral-type⟩, memory_order = memory_order::seq_cst)noexcept
5462	atomics.types.int	atomic	std::atomic::store_max	function	30		void store_max(⟨integral-type⟩, memory_order = memory_order::seq_cst)volatile noexcept
5463	atomics.types.int	atomic	std::atomic::store_max	function	45		constexpr void store_max(⟨integral-type⟩, memory_order = memory_order::seq_cst)noexcept
5464	atomics.types.int	atomic	std::atomic::store_min	function	30		void store_min(⟨integral-type⟩, memory_order = memory_order::seq_cst)volatile noexcept
5465	atomics.types.int	atomic	std::atomic::store_min	function	45		constexpr void store_min(⟨integral-type⟩, memory_order = memory_order::seq_cst)noexcept
5466	atomics.types.int	atomic	std::atomic::operator++	function	15		⟨integral-type⟩ operator++(int)volatile noexcept
5467	atomics.types.int	atomic	std::atomic::operator++	function	30		constexpr ⟨integral-type⟩ operator++(int)noexcept
5468	atomics.types.int	atomic	std::atomic::operator--	function	15		⟨integral-type⟩ operator--(int)volatile noexcept
5469	atomics.types.int	atomic	std::atomic::operator--	function	30		constexpr ⟨integral-type⟩ operator--(int)noexcept
5470	atomics.types.int	atomic	std::atomic::operator++	function	15		⟨integral-type⟩ operator++()volatile noexcept
5471	atomics.types.int	atomic	std::atomic::operator++	function	30		constexpr ⟨integral-type⟩ operator++()noexcept
5472	atomics.types.int	atomic	std::atomic::operator--	function	15		⟨integral-type⟩ operator--()volatile noexcept
5473	atomics.types.int	atomic	std::atomic::operator--	function	30		constexpr ⟨integral-type⟩ operator--()noexcept
5474	atomics.types.int	atomic	std::atomic::operator+=	function	15		⟨integral-type⟩ operator+=(⟨integral-type⟩)volatile noexcept
5475	atomics.types.int	atomic	std::atomic::operator+=	function	30		constexpr ⟨integral-type⟩ operator+=(⟨integral-type⟩)noexcept
5476	atomics.types.int	atomic	std::atomic::operator-=	function	15		⟨integral-type⟩ operator-=(⟨integral-type⟩)volatile noexcept
5477	atomics.types.int	atomic	std::atomic::operator-=	function	30		constexpr ⟨integral-type⟩ operator-=(⟨integral-type⟩)noexcept
5478	atomics.types.int	atomic	std::atomic::operator&=	function	15		⟨integral-type⟩ operator&=(⟨integral-type⟩)volatile noexcept
5479	atomics.types.int	atomic	std::atomic::operator&=	function	30		constexpr ⟨integral-type⟩ operator&=(⟨integral-type⟩)noexcept
5480	atomics.types.int	atomic	std::atomic::operator|=	function	15		⟨integral-type⟩ operator|=(⟨integral-type⟩)volatile noexcept
5481	atomics.types.int	atomic	std::atomic::operator|=	function	30		constexpr ⟨integral-type⟩ operator|=(⟨integral-type⟩)noexcept
5482	atomics.types.int	atomic	std::atomic::operator^=	function	15		⟨integral-type⟩ operator^=(⟨integral-type⟩)volatile noexcept
5483	atomics.types.int	atomic	std::atomic::operator^=	function	30		constexpr ⟨integral-type⟩ operator^=(⟨integral-type⟩)noexcept
5484	atomics.types.int	atomic	std::atomic::wait	function	30		void wait(⟨integral-type⟩, memory_order = memory_order::seq_cst)const volatile noexcept
5485	atomics.types.int	atomic	std::atomic::wait	function	45		constexpr void wait(⟨integral-type⟩, memory_order = memory_order::seq_cst)const noexcept
5486	atomics.types.int	atomic	std::atomic::notify_one	function	15		void notify_one()volatile noexcept
5487	atomics.types.int	atomic	std::atomic::notify_one	function	30		constexpr void notify_one()noexcept
5488	atomics.types.int	atomic	std::atomic::notify_all	function	15		void notify_all()volatile noexcept
5489	atomics.types.int	atomic	std::atomic::notify_all	function	30		constexpr void notify_all()noexcept
5490	atomics.types.float	atomic	std::atomic	classdef	3		struct atomic<⟨floating-point-type⟩>
5491	atomics.types.float	atomic	std::atomic::value_type	alias	3		using value_type = ⟨floating-point-type⟩
5492	atomics.types.float	atomic	std::atomic::difference_type	alias	3		using difference_type = value_type
5493	atomics.types.float	atomic	std::atomic::is_always_lock_free	variable	3		static constexpr bool is_always_lock_free = ⟨implementation-defined⟩
5494	atomics.types.float	atomic	std::atomic::is_lock_free	function	3		bool is_lock_free()const volatile noexcept
5495	atomics.types.float	atomic	std::atomic::is_lock_free	function	3		bool is_lock_free()const noexcept
5496	atomics.types.float	atomic	std::atomic::atomic	function	3		constexpr atomic()noexcept
5497	atomics.types.float	atomic	std::atomic::atomic	function	3		constexpr atomic(⟨floating-point-type⟩)noexcept
5498	atomics.types.float	atomic	std::atomic::atomic	function	3		atomic(const atomic&) = delete
5499	atomics.types.float	atomic	std::atomic::operator=	function	3		atomic&operator = (const atomic&) = delete
5500	atomics.types.float	atomic	std::atomic::operator=	function	3		atomic&operator = (const atomic&)volatile = delete
5501	atomics.types.float	atomic	std::atomic::store	function	6		void store(⟨floating-point-type⟩, memory_order = memory_order::seq_cst)volatile noexcept
5502	atomics.types.float	atomic	std::atomic::store	function	9		constexpr void store(⟨floating-point-type⟩, memory_order = memory_order::seq_cst)noexcept
5503	atomics.types.float	atomic	std::atomic::operator=	function	3		⟨floating-point-type⟩ operator = (⟨floating-point-type⟩)volatile noexcept
5504	atomics.types.float	atomic	std::atomic::operator=	function	6		constexpr ⟨floating-point-type⟩ operator = (⟨floating-point-type⟩)noexcept
5505	atomics.types.float	atomic	std::atomic::load	function	6		⟨floating-point-type⟩ load(memory_order = memory_order::seq_cst)volatile noexcept
5506	atomics.types.float	atomic	std::atomic::load	function	9		constexpr ⟨floating-point-type⟩ load(memory_order = memory_order::seq_cst)noexcept
5507	atomics.types.float	atomic	std::atomic::operator ⟨floating-point-type⟩	function	3		operator ⟨floating-point-type⟩()volatile noexcept
5508	atomics.types.float	atomic	std::atomic::operator ⟨floating-point-type⟩	function	6		constexpr operator ⟨floating-point-type⟩()noexcept
5509	atomics.types.float	atomic	std::atomic::exchange	function	6		⟨floating-point-type⟩ exchange(⟨floating-point-type⟩, memory_order = memory_order::seq_cst)volatile noexcept
5510	atomics.types.float	atomic	std::atomic::exchange	function	9		constexpr ⟨floating-point-type⟩ exchange(⟨floating-point-type⟩, memory_order = memory_order::seq_cst)noexcept
5511	atomics.types.float	atomic	std::atomic::compare_exchange_weak	function	3		bool compare_exchange_weak(⟨floating-point-type⟩&, ⟨floating-point-type⟩, memory_order, memory_order)volatile noexcept
5512	atomics.types.float	atomic	std::atomic::compare_exchange_weak	function	6		constexpr bool compare_exchange_weak(⟨floating-point-type⟩&, ⟨floating-point-type⟩, memory_order, memory_order)noexcept
5513	atomics.types.float	atomic	std::atomic::compare_exchange_strong	function	3		bool compare_exchange_strong(⟨floating-point-type⟩&, ⟨floating-point-type⟩, memory_order, memory_order)volatile noexcept
5514	atomics.types.float	atomic	std::atomic::compare_exchange_strong	function	6		constexpr bool compare_exchange_strong(⟨floating-point-type⟩&, ⟨floating-point-type⟩, memory_order, memory_order)noexcept
5515	atomics.types.float	atomic	std::atomic::compare_exchange_weak	function	6		bool compare_exchange_weak(⟨floating-point-type⟩&, ⟨floating-point-type⟩, memory_order = memory_order::seq_cst)volatile noexcept
5516	atomics.types.float	atomic	std::atomic::compare_exchange_weak	function	9		constexpr bool compare_exchange_weak(⟨floating-point-type⟩&, ⟨floating-point-type⟩, memory_order = memory_order::seq_cst)noexcept
5517	atomics.types.float	atomic	std::atomic::compare_exchange_strong	function	6		bool compare_exchange_strong(⟨floating-point-type⟩&, ⟨floating-point-type⟩, memory_order = memory_order::seq_cst)volatile noexcept
5518	atomics.types.float	atomic	std::atomic::compare_exchange_strong	function	9		constexpr bool compare_exchange_strong(⟨floating-point-type⟩&, ⟨floating-point-type⟩, memory_order = memory_order::seq_cst)noexcept
5519	atomics.types.float	atomic	std::atomic::fetch_add	function	6		⟨floating-point-type⟩ fetch_add(⟨floating-point-type⟩, memory_order = memory_order::seq_cst)volatile noexcept
5520	atomics.types.float	atomic	std::atomic::fetch_add	function	9		constexpr ⟨floating-point-type⟩ fetch_add(⟨floating-point-type⟩, memory_order = memory_order::seq_cst)noexcept
5521	atomics.types.float	atomic	std::atomic::fetch_sub	function	6		⟨floating-point-type⟩ fetch_sub(⟨floating-point-type⟩, memory_order = memory_order::seq_cst)volatile noexcept
5522	atomics.types.float	atomic	std::atomic::fetch_sub	function	9		constexpr ⟨floating-point-type⟩ fetch_sub(⟨floating-point-type⟩, memory_order = memory_order::seq_cst)noexcept
5523	atomics.types.float	atomic	std::atomic::fetch_max	function	6		⟨floating-point-type⟩ fetch_max(⟨floating-point-type⟩, memory_order = memory_order::seq_cst)volatile noexcept
5524	atomics.types.float	atomic	std::atomic::fetch_max	function	9		constexpr ⟨floating-point-type⟩ fetch_max(⟨floating-point-type⟩, memory_order = memory_order::seq_cst)noexcept
5525	atomics.types.float	atomic	std::atomic::fetch_min	function	6		⟨floating-point-type⟩ fetch_min(⟨floating-point-type⟩, memory_order = memory_order::seq_cst)volatile noexcept
5526	atomics.types.float	atomic	std::atomic::fetch_min	function	9		constexpr ⟨floating-point-type⟩ fetch_min(⟨floating-point-type⟩, memory_order = memory_order::seq_cst)noexcept
5527	atomics.types.float	atomic	std::atomic::fetch_fmaximum	function	6		⟨floating-point-type⟩ fetch_fmaximum(⟨floating-point-type⟩, memory_order = memory_order::seq_cst)volatile noexcept
5528	atomics.types.float	atomic	std::atomic::fetch_fmaximum	function	9		constexpr ⟨floating-point-type⟩ fetch_fmaximum(⟨floating-point-type⟩, memory_order = memory_order::seq_cst)noexcept
5529	atomics.types.float	atomic	std::atomic::fetch_fminimum	function	6		⟨floating-point-type⟩ fetch_fminimum(⟨floating-point-type⟩, memory_order = memory_order::seq_cst)volatile noexcept
5530	atomics.types.float	atomic	std::atomic::fetch_fminimum	function	9		constexpr ⟨floating-point-type⟩ fetch_fminimum(⟨floating-point-type⟩, memory_order = memory_order::seq_cst)noexcept
5531	atomics.types.float	atomic	std::atomic::fetch_fmaximum_num	function	6		⟨floating-point-type⟩ fetch_fmaximum_num(⟨floating-point-type⟩, memory_order = memory_order::seq_cst)volatile noexcept
5532	atomics.types.float	atomic	std::atomic::fetch_fmaximum_num	function	9		constexpr ⟨floating-point-type⟩ fetch_fmaximum_num(⟨floating-point-type⟩, memory_order = memory_order::seq_cst)noexcept
5533	atomics.types.float	atomic	std::atomic::fetch_fminimum_num	function	6		⟨floating-point-type⟩ fetch_fminimum_num(⟨floating-point-type⟩, memory_order = memory_order::seq_cst)volatile noexcept
5534	atomics.types.float	atomic	std::atomic::fetch_fminimum_num	function	9		constexpr ⟨floating-point-type⟩ fetch_fminimum_num(⟨floating-point-type⟩, memory_order = memory_order::seq_cst)noexcept
5535	atomics.types.float	atomic	std::atomic::store_add	function	6		void store_add(⟨floating-point-type⟩, memory_order = memory_order::seq_cst)volatile noexcept
5536	atomics.types.float	atomic	std::atomic::store_add	function	9		constexpr void store_add(⟨floating-point-type⟩, memory_order = memory_order::seq_cst)noexcept
5537	atomics.types.float	atomic	std::atomic::store_sub	function	6		void store_sub(⟨floating-point-type⟩, memory_order = memory_order::seq_cst)volatile noexcept
5538	atomics.types.float	atomic	std::atomic::store_sub	function	9		constexpr void store_sub(⟨floating-point-type⟩, memory_order = memory_order::seq_cst)noexcept
5539	atomics.types.float	atomic	std::atomic::store_max	function	6		void store_max(⟨floating-point-type⟩, memory_order = memory_order::seq_cst)volatile noexcept
5540	atomics.types.float	atomic	std::atomic::store_max	function	9		constexpr void store_max(⟨floating-point-type⟩, memory_order = memory_order::seq_cst)noexcept
5541	atomics.types.float	atomic	std::atomic::store_min	function	6		void store_min(⟨floating-point-type⟩, memory_order = memory_order::seq_cst)volatile noexcept
5542	atomics.types.float	atomic	std::atomic::store_min	function	9		constexpr void store_min(⟨floating-point-type⟩, memory_order = memory_order::seq_cst)noexcept
5543	atomics.types.float	atomic	std::atomic::store_fmaximum	function	6		void store_fmaximum(⟨floating-point-type⟩, memory_order = memory_order::seq_cst)volatile noexcept
5544	atomics.types.float	atomic	std::atomic::store_fmaximum	function	9		constexpr void store_fmaximum(⟨floating-point-type⟩, memory_order = memory_order::seq_cst)noexcept
5545	atomics.types.float	atomic	std::atomic::store_fminimum	function	6		void store_fminimum(⟨floating-point-type⟩, memory_order = memory_order::seq_cst)volatile noexcept
5546	atomics.types.float	atomic	std::atomic::store_fminimum	function	9		constexpr void store_fminimum(⟨floating-point-type⟩, memory_order = memory_order::seq_cst)noexcept
5547	atomics.types.float	atomic	std::atomic::store_fmaximum_num	function	6		void store_fmaximum_num(⟨floating-point-type⟩, memory_order = memory_order::seq_cst)volatile noexcept
5548	atomics.types.float	atomic	std::atomic::store_fmaximum_num	function	9		constexpr void store_fmaximum_num(⟨floating-point-type⟩, memory_order = memory_order::seq_cst)noexcept
5549	atomics.types.float	atomic	std::atomic::store_fminimum_num	function	6		void store_fminimum_num(⟨floating-point-type⟩, memory_order = memory_order::seq_cst)volatile noexcept
5550	atomics.types.float	atomic	std::atomic::store_fminimum_num	function	9		constexpr void store_fminimum_num(⟨floating-point-type⟩, memory_order = memory_order::seq_cst)noexcept
5551	atomics.types.float	atomic	std::atomic::operator+=	function	3		⟨floating-point-type⟩ operator+=(⟨floating-point-type⟩)volatile noexcept
5552	atomics.types.float	atomic	std::atomic::operator+=	function	6		constexpr ⟨floating-point-type⟩ operator+=(⟨floating-point-type⟩)noexcept
5553	atomics.types.float	atomic	std::atomic::operator-=	function	3		⟨floating-point-type⟩ operator-=(⟨floating-point-type⟩)volatile noexcept
5554	atomics.types.float	atomic	std::atomic::operator-=	function	6		constexpr ⟨floating-point-type⟩ operator-=(⟨floating-point-type⟩)noexcept
5555	atomics.types.float	atomic	std::atomic::wait	function	6		void wait(⟨floating-point-type⟩, memory_order = memory_order::seq_cst)const volatile noexcept
5556	atomics.types.float	atomic	std::atomic::wait	function	9		constexpr void wait(⟨floating-point-type⟩, memory_order = memory_order::seq_cst)const noexcept
5557	atomics.types.float	atomic	std::atomic::notify_one	function	3		void notify_one()volatile noexcept
5558	atomics.types.float	atomic	std::atomic::notify_one	function	6		constexpr void notify_one()noexcept
5559	atomics.types.float	atomic	std::atomic::notify_all	function	3		void notify_all()volatile noexcept
5560	atomics.types.float	atomic	std::atomic::notify_all	function	6		constexpr void notify_all()noexcept
5561	atomics.types.pointer	atomic	std::atomic	classdef	1		struct atomic<T*>
5562	atomics.types.pointer	atomic	std::atomic::value_type	alias	1		using value_type = T*
5563	atomics.types.pointer	atomic	std::atomic::difference_type	alias	1		using difference_type = ptrdiff_t
5564	atomics.types.pointer	atomic	std::atomic::is_always_lock_free	variable	1		static constexpr bool is_always_lock_free = ⟨implementation-defined⟩
5565	atomics.types.pointer	atomic	std::atomic::is_lock_free	function	1		bool is_lock_free()const volatile noexcept
5566	atomics.types.pointer	atomic	std::atomic::is_lock_free	function	1		bool is_lock_free()const noexcept
5567	atomics.types.pointer	atomic	std::atomic::atomic	function	1		constexpr atomic()noexcept
5568	atomics.types.pointer	atomic	std::atomic::atomic	function	1		constexpr atomic(T*)noexcept
5569	atomics.types.pointer	atomic	std::atomic::atomic	function	1		atomic(const atomic&) = delete
5570	atomics.types.pointer	atomic	std::atomic::operator=	function	1		atomic&operator = (const atomic&) = delete
5571	atomics.types.pointer	atomic	std::atomic::operator=	function	1		atomic&operator = (const atomic&)volatile = delete
5572	atomics.types.pointer	atomic	std::atomic::store	function	2		void store(T*, memory_order = memory_order::seq_cst)volatile noexcept
5573	atomics.types.pointer	atomic	std::atomic::store	function	2		constexpr void store(T*, memory_order = memory_order::seq_cst)noexcept
5574	atomics.types.pointer	atomic	std::atomic::operator=	function	1		T*operator = (T*)volatile noexcept
5575	atomics.types.pointer	atomic	std::atomic::operator=	function	1		constexpr T*operator = (T*)noexcept
5576	atomics.types.pointer	atomic	std::atomic::load	function	2		T*load(memory_order = memory_order::seq_cst)const volatile noexcept
5577	atomics.types.pointer	atomic	std::atomic::load	function	3		constexpr T*load(memory_order = memory_order::seq_cst)const noexcept
5578	atomics.types.pointer	atomic	std::atomic::operator T*	function	1		operator T*()const volatile noexcept
5579	atomics.types.pointer	atomic	std::atomic::operator T*	function	2		constexpr operator T*()const noexcept
5580	atomics.types.pointer	atomic	std::atomic::exchange	function	2		T*exchange(T*, memory_order = memory_order::seq_cst)volatile noexcept
5581	atomics.types.pointer	atomic	std::atomic::exchange	function	2		constexpr T*exchange(T*, memory_order = memory_order::seq_cst)noexcept
5582	atomics.types.pointer	atomic	std::atomic::compare_exchange_weak	function	1		bool compare_exchange_weak(T*&, T*, memory_order, memory_order)volatile noexcept
5583	atomics.types.pointer	atomic	std::atomic::compare_exchange_weak	function	1		constexpr bool compare_exchange_weak(T*&, T*, memory_order, memory_order)noexcept
5584	atomics.types.pointer	atomic	std::atomic::compare_exchange_strong	function	1		bool compare_exchange_strong(T*&, T*, memory_order, memory_order)volatile noexcept
5585	atomics.types.pointer	atomic	std::atomic::compare_exchange_strong	function	1		constexpr bool compare_exchange_strong(T*&, T*, memory_order, memory_order)noexcept
5586	atomics.types.pointer	atomic	std::atomic::compare_exchange_weak	function	2		bool compare_exchange_weak(T*&, T*, memory_order = memory_order::seq_cst)volatile noexcept
5587	atomics.types.pointer	atomic	std::atomic::compare_exchange_weak	function	2		constexpr bool compare_exchange_weak(T*&, T*, memory_order = memory_order::seq_cst)noexcept
5588	atomics.types.pointer	atomic	std::atomic::compare_exchange_strong	function	2		bool compare_exchange_strong(T*&, T*, memory_order = memory_order::seq_cst)volatile noexcept
5589	atomics.types.pointer	atomic	std::atomic::compare_exchange_strong	function	2		constexpr bool compare_exchange_strong(T*&, T*, memory_order = memory_order::seq_cst)noexcept
5590	atomics.types.pointer	atomic	std::atomic::fetch_add	function	2		T*fetch_add(ptrdiff_t, memory_order = memory_order::seq_cst)volatile noexcept
5591	atomics.types.pointer	atomic	std::atomic::fetch_add	function	3		constexpr T*fetch_add(ptrdiff_t, memory_order = memory_order::seq_cst)noexcept
5592	atomics.types.pointer	atomic	std::atomic::fetch_sub	function	2		T*fetch_sub(ptrdiff_t, memory_order = memory_order::seq_cst)volatile noexcept
5593	atomics.types.pointer	atomic	std::atomic::fetch_sub	function	3		constexpr T*fetch_sub(ptrdiff_t, memory_order = memory_order::seq_cst)noexcept
5594	atomics.types.pointer	atomic	std::atomic::fetch_max	function	2		T*fetch_max(T*, memory_order = memory_order::seq_cst)volatile noexcept
5595	atomics.types.pointer	atomic	std::atomic::fetch_max	function	2		constexpr T*fetch_max(T*, memory_order = memory_order::seq_cst)noexcept
5596	atomics.types.pointer	atomic	std::atomic::fetch_min	function	2		T*fetch_min(T*, memory_order = memory_order::seq_cst)volatile noexcept
5597	atomics.types.pointer	atomic	std::atomic::fetch_min	function	2		constexpr T*fetch_min(T*, memory_order = memory_order::seq_cst)noexcept
5598	atomics.types.pointer	atomic	std::atomic::store_add	function	2		void store_add(ptrdiff_t, memory_order = memory_order::seq_cst)volatile noexcept
5599	atomics.types.pointer	atomic	std::atomic::store_add	function	3		constexpr void store_add(ptrdiff_t, memory_order = memory_order::seq_cst)noexcept
5600	atomics.types.pointer	atomic	std::atomic::store_sub	function	2		void store_sub(ptrdiff_t, memory_order = memory_order::seq_cst)volatile noexcept
5601	atomics.types.pointer	atomic	std::atomic::store_sub	function	3		constexpr void store_sub(ptrdiff_t, memory_order = memory_order::seq_cst)noexcept
5602	atomics.types.pointer	atomic	std::atomic::store_max	function	2		void store_max(T*, memory_order = memory_order::seq_cst)volatile noexcept
5603	atomics.types.pointer	atomic	std::atomic::store_max	function	2		constexpr void store_max(T*, memory_order = memory_order::seq_cst)noexcept
5604	atomics.types.pointer	atomic	std::atomic::store_min	function	2		void store_min(T*, memory_order = memory_order::seq_cst)volatile noexcept
5605	atomics.types.pointer	atomic	std::atomic::store_min	function	2		constexpr void store_min(T*, memory_order = memory_order::seq_cst)noexcept
5606	atomics.types.pointer	atomic	std::atomic::operator++	function	1		T*operator++(int)volatile noexcept
5607	atomics.types.pointer	atomic	std::atomic::operator++	function	2		constexpr T*operator++(int)noexcept
5608	atomics.types.pointer	atomic	std::atomic::operator--	function	1		T*operator--(int)volatile noexcept
5609	atomics.types.pointer	atomic	std::atomic::operator--	function	2		constexpr T*operator--(int)noexcept
5610	atomics.types.pointer	atomic	std::atomic::operator++	function	1		T*operator++()volatile noexcept
5611	atomics.types.pointer	atomic	std::atomic::operator++	function	2		constexpr T*operator++()noexcept
5612	atomics.types.pointer	atomic	std::atomic::operator--	function	1		T*operator--()volatile noexcept
5613	atomics.types.pointer	atomic	std::atomic::operator--	function	2		constexpr T*operator--()noexcept
5614	atomics.types.pointer	atomic	std::atomic::operator+=	function	1		T*operator+=(ptrdiff_t)volatile noexcept
5615	atomics.types.pointer	atomic	std::atomic::operator+=	function	2		constexpr T*operator+=(ptrdiff_t)noexcept
5616	atomics.types.pointer	atomic	std::atomic::operator-=	function	1		T*operator-=(ptrdiff_t)volatile noexcept
5617	atomics.types.pointer	atomic	std::atomic::operator-=	function	2		constexpr T*operator-=(ptrdiff_t)noexcept
5618	atomics.types.pointer	atomic	std::atomic::wait	function	2		void wait(T*, memory_order = memory_order::seq_cst)const volatile noexcept
5619	atomics.types.pointer	atomic	std::atomic::wait	function	2		constexpr void wait(T*, memory_order = memory_order::seq_cst)const noexcept
5620	atomics.types.pointer	atomic	std::atomic::notify_one	function	1		void notify_one()volatile noexcept
5621	atomics.types.pointer	atomic	std::atomic::notify_one	function	2		constexpr void notify_one()noexcept
5622	atomics.types.pointer	atomic	std::atomic::notify_all	function	1		void notify_all()volatile noexcept
5623	atomics.types.pointer	atomic	std::atomic::notify_all	function	2		constexpr void notify_all()noexcept
5624	util.smartptr.atomic.shared	memory	std::atomic	classdef	1		struct atomic<shared_ptr<T>>
5625	util.smartptr.atomic.shared	memory	std::atomic::value_type	alias	1		using value_type = shared_ptr<T>
5626	util.smartptr.atomic.shared	memory	std::atomic::is_always_lock_free	variable	1		static constexpr bool is_always_lock_free = ⟨implementation-defined⟩
5627	util.smartptr.atomic.shared	memory	std::atomic::is_lock_free	function	1		bool is_lock_free()const noexcept
5628	util.smartptr.atomic.shared	memory	std::atomic::atomic	function	1		constexpr atomic()noexcept
5629	util.smartptr.atomic.shared	memory	std::atomic::atomic	function	1		constexpr atomic(nullptr_t)noexcept:atomic()
5630	util.smartptr.atomic.shared	memory	std::atomic::atomic	function	1		constexpr atomic(shared_ptr<T>desired)noexcept
5631	util.smartptr.atomic.shared	memory	std::atomic::atomic	function	1		atomic(const atomic&) = delete
5632	util.smartptr.atomic.shared	memory	std::atomic::operator=	function	1		void operator = (const atomic&) = delete
5633	util.smartptr.atomic.shared	memory	std::atomic::load	function	3		constexpr shared_ptr<T>load(memory_order order = memory_order::seq_cst)const noexcept
5634	util.smartptr.atomic.shared	memory	std::atomic::operator shared_ptr<T>	function	2		constexpr operator shared_ptr<T>()const noexcept
5635	util.smartptr.atomic.shared	memory	std::atomic::store	function	3		constexpr void store(shared_ptr<T>desired, memory_order order = memory_order::seq_cst)noexcept
5636	util.smartptr.atomic.shared	memory	std::atomic::operator=	function	2		constexpr void operator = (shared_ptr<T>desired)noexcept
5637	util.smartptr.atomic.shared	memory	std::atomic::operator=	function	2		constexpr void operator = (nullptr_t)noexcept
5638	util.smartptr.atomic.shared	memory	std::atomic::exchange	function	3		constexpr shared_ptr<T>exchange(shared_ptr<T>desired, memory_order order = memory_order::seq_cst)noexcept
5639	util.smartptr.atomic.shared	memory	std::atomic::compare_exchange_weak	function	2		constexpr bool compare_exchange_weak(shared_ptr<T>&expected, shared_ptr<T>desired, memory_order success, memory_order failure)noexcept
5640	util.smartptr.atomic.shared	memory	std::atomic::compare_exchange_strong	function	2		constexpr bool compare_exchange_strong(shared_ptr<T>&expected, shared_ptr<T>desired, memory_order success, memory_order failure)noexcept
5641	util.smartptr.atomic.shared	memory	std::atomic::compare_exchange_weak	function	3		constexpr bool compare_exchange_weak(shared_ptr<T>&expected, shared_ptr<T>desired, memory_order order = memory_order::seq_cst)noexcept
5642	util.smartptr.atomic.shared	memory	std::atomic::compare_exchange_strong	function	3		constexpr bool compare_exchange_strong(shared_ptr<T>&expected, shared_ptr<T>desired, memory_order order = memory_order::seq_cst)noexcept
5643	util.smartptr.atomic.shared	memory	std::atomic::wait	function	3		constexpr void wait(shared_ptr<T>old, memory_order order = memory_order::seq_cst)const noexcept
5644	util.smartptr.atomic.shared	memory	std::atomic::notify_one	function	2		constexpr void notify_one()noexcept
5645	util.smartptr.atomic.shared	memory	std::atomic::notify_all	function	2		constexpr void notify_all()noexcept
5646	util.smartptr.atomic.weak	memory	std::atomic	classdef	1		struct atomic<weak_ptr<T>>
5647	util.smartptr.atomic.weak	memory	std::atomic::value_type	alias	1		using value_type = weak_ptr<T>
5648	util.smartptr.atomic.weak	memory	std::atomic::is_always_lock_free	variable	1		static constexpr bool is_always_lock_free = ⟨implementation-defined⟩
5649	util.smartptr.atomic.weak	memory	std::atomic::is_lock_free	function	1		bool is_lock_free()const noexcept
5650	util.smartptr.atomic.weak	memory	std::atomic::atomic	function	1		constexpr atomic()noexcept
5651	util.smartptr.atomic.weak	memory	std::atomic::atomic	function	1		constexpr atomic(weak_ptr<T>desired)noexcept
5652	util.smartptr.atomic.weak	memory	std::atomic::atomic	function	1		atomic(const atomic&) = delete
5653	util.smartptr.atomic.weak	memory	std::atomic::operator=	function	1		void operator = (const atomic&) = delete
5654	util.smartptr.atomic.weak	memory	std::atomic::load	function	3		constexpr weak_ptr<T>load(memory_order order = memory_order::seq_cst)const noexcept
5655	util.smartptr.atomic.weak	memory	std::atomic::operator weak_ptr<T>	function	2		constexpr operator weak_ptr<T>()const noexcept
5656	util.smartptr.atomic.weak	memory	std::atomic::store	function	3		constexpr void store(weak_ptr<T>desired, memory_order order = memory_order::seq_cst)noexcept
5657	util.smartptr.atomic.weak	memory	std::atomic::operator=	function	2		constexpr void operator = (weak_ptr<T>desired)noexcept
5658	util.smartptr.atomic.weak	memory	std::atomic::exchange	function	3		constexpr weak_ptr<T>exchange(weak_ptr<T>desired, memory_order order = memory_order::seq_cst)noexcept
5659	util.smartptr.atomic.weak	memory	std::atomic::compare_exchange_weak	function	2		constexpr bool compare_exchange_weak(weak_ptr<T>&expected, weak_ptr<T>desired, memory_order success, memory_order failure)noexcept
5660	util.smartptr.atomic.weak	memory	std::atomic::compare_exchange_strong	function	2		constexpr bool compare_exchange_strong(weak_ptr<T>&expected, weak_ptr<T>desired, memory_order success, memory_order failure)noexcept
5661	util.smartptr.atomic.weak	memory	std::atomic::compare_exchange_weak	function	3		constexpr bool compare_exchange_weak(weak_ptr<T>&expected, weak_ptr<T>desired, memory_order order = memory_order::seq_cst)noexcept
5662	util.smartptr.atomic.weak	memory	std::atomic::compare_exchange_strong	function	3		constexpr bool compare_exchange_strong(weak_ptr<T>&expected, weak_ptr<T>desired, memory_order order = memory_order::seq_cst)noexcept
5663	util.smartptr.atomic.weak	memory	std::atomic::wait	function	3		constexpr void wait(weak_ptr<T>old, memory_order order = memory_order::seq_cst)const noexcept
5664	util.smartptr.atomic.weak	memory	std::atomic::notify_one	function	2		constexpr void notify_one()noexcept
5665	util.smartptr.atomic.weak	memory	std::atomic::notify_all	function	2		constexpr void notify_all()noexcept
5666	atomics.flag	atomic	std::atomic_flag	classdef	1	presence only: presence	struct atomic_flag
5667	atomics.flag	atomic	std::atomic_flag::atomic_flag	function	1		constexpr atomic_flag()noexcept
5668	atomics.flag	atomic	std::atomic_flag::atomic_flag	function	1		atomic_flag(const atomic_flag&) = delete
5669	atomics.flag	atomic	std::atomic_flag::operator=	function	1		atomic_flag&operator = (const atomic_flag&) = delete
5670	atomics.flag	atomic	std::atomic_flag::operator=	function	1		atomic_flag&operator = (const atomic_flag&)volatile = delete
5671	atomics.flag	atomic	std::atomic_flag::test	function	2		bool test(memory_order = memory_order::seq_cst)const volatile noexcept
5672	atomics.flag	atomic	std::atomic_flag::test	function	3		constexpr bool test(memory_order = memory_order::seq_cst)const noexcept
5673	atomics.flag	atomic	std::atomic_flag::test_and_set	function	2		bool test_and_set(memory_order = memory_order::seq_cst)volatile noexcept
5674	atomics.flag	atomic	std::atomic_flag::test_and_set	function	3		constexpr bool test_and_set(memory_order = memory_order::seq_cst)noexcept
5675	atomics.flag	atomic	std::atomic_flag::clear	function	2		void clear(memory_order = memory_order::seq_cst)volatile noexcept
5676	atomics.flag	atomic	std::atomic_flag::clear	function	3		constexpr void clear(memory_order = memory_order::seq_cst)noexcept
5677	atomics.flag	atomic	std::atomic_flag::wait	function	2		void wait(bool, memory_order = memory_order::seq_cst)const volatile noexcept
5678	atomics.flag	atomic	std::atomic_flag::wait	function	3		constexpr void wait(bool, memory_order = memory_order::seq_cst)const noexcept
5679	atomics.flag	atomic	std::atomic_flag::notify_one	function	1		void notify_one()volatile noexcept
5680	atomics.flag	atomic	std::atomic_flag::notify_one	function	2		constexpr void notify_one()noexcept
5681	atomics.flag	atomic	std::atomic_flag::notify_all	function	1		void notify_all()volatile noexcept
5682	atomics.flag	atomic	std::atomic_flag::notify_all	function	2		constexpr void notify_all()noexcept
5683	mutex.syn	mutex	std::mutex	classdecl	1	presence only: presence	class mutex
5684	mutex.syn	mutex	std::recursive_mutex	classdecl	1	presence only: presence	class recursive_mutex
5685	mutex.syn	mutex	std::timed_mutex	classdecl	1	presence only: presence	class timed_mutex
5686	mutex.syn	mutex	std::recursive_timed_mutex	classdecl	1	presence only: presence	class recursive_timed_mutex
5687	mutex.syn	mutex	std::defer_lock_t	classdef	1	presence only: presence	struct defer_lock_t
5688	mutex.syn	mutex	std::defer_lock_t::defer_lock_t	function	1		explicit defer_lock_t() = default
5689	mutex.syn	mutex	std::try_to_lock_t	classdef	1	presence only: presence	struct try_to_lock_t
5690	mutex.syn	mutex	std::try_to_lock_t::try_to_lock_t	function	1		explicit try_to_lock_t() = default
5691	mutex.syn	mutex	std::adopt_lock_t	classdef	1	presence only: presence	struct adopt_lock_t
5692	mutex.syn	mutex	std::adopt_lock_t::adopt_lock_t	function	1		explicit adopt_lock_t() = default
5693	mutex.syn	mutex	std::defer_lock	variable	1		inline constexpr defer_lock_t defer_lock{}
5694	mutex.syn	mutex	std::try_to_lock	variable	1		inline constexpr try_to_lock_t try_to_lock{}
5695	mutex.syn	mutex	std::adopt_lock	variable	1		inline constexpr adopt_lock_t adopt_lock{}
5696	mutex.syn	mutex	std::lock_guard	classdecl	1	presence only: presence	class lock_guard
5697	mutex.syn	mutex	std::scoped_lock	classdecl	1	presence only: presence	class scoped_lock
5698	mutex.syn	mutex	std::unique_lock	classdecl	1	presence only: presence	class unique_lock
5699	mutex.syn	mutex	std::swap	function	1		void swap(unique_lock<Mutex>&x, unique_lock<Mutex>&y)noexcept
5700	mutex.syn	mutex	std::try_lock	function	1		int try_lock(L1&, L2&, L3&...)
5701	mutex.syn	mutex	std::lock	function	1		void lock(L1&, L2&, L3&...)
5702	mutex.syn	mutex	std::once_flag	classdecl	1	presence only: presence	struct once_flag
5703	mutex.syn	mutex	std::call_once	function	1		void call_once(once_flag&flag, Callable&&func, Args&&...args)
5704	shared.mutex.syn	shared_mutex	std::shared_mutex	classdecl	1	presence only: presence	class shared_mutex
5705	shared.mutex.syn	shared_mutex	std::shared_timed_mutex	classdecl	1	presence only: presence	class shared_timed_mutex
5706	shared.mutex.syn	shared_mutex	std::shared_lock	classdecl	1	presence only: presence	class shared_lock
5707	shared.mutex.syn	shared_mutex	std::swap	function	1		void swap(shared_lock<Mutex>&x, shared_lock<Mutex>&y)noexcept
5708	thread.mutex.class	mutex	std::mutex	classdef	1	presence only: presence	class mutex
5709	thread.mutex.class	mutex	std::mutex::mutex	function	1		constexpr mutex()noexcept
5710	thread.mutex.class	mutex	std::mutex::~mutex	function	1		~mutex()
5711	thread.mutex.class	mutex	std::mutex::mutex	function	1		mutex(const mutex&) = delete
5712	thread.mutex.class	mutex	std::mutex::operator=	function	1		mutex&operator = (const mutex&) = delete
5713	thread.mutex.class	mutex	std::mutex::lock	function	1		void lock()
5714	thread.mutex.class	mutex	std::mutex::try_lock	function	1		bool try_lock()
5715	thread.mutex.class	mutex	std::mutex::unlock	function	1		void unlock()
5716	thread.mutex.class	mutex	std::mutex::native_handle_type	alias	0	not probed: optional ([version.syn] comment // optional)	using native_handle_type = ⟨implementation-defined⟩
5717	thread.mutex.class	mutex	std::mutex::native_handle	function	0	not probed: optional ([version.syn] comment // optional)	native_handle_type native_handle()
5718	thread.mutex.recursive	mutex	std::recursive_mutex	classdef	1	presence only: presence	class recursive_mutex
5719	thread.mutex.recursive	mutex	std::recursive_mutex::recursive_mutex	function	1		recursive_mutex()
5720	thread.mutex.recursive	mutex	std::recursive_mutex::~recursive_mutex	function	1		~recursive_mutex()
5721	thread.mutex.recursive	mutex	std::recursive_mutex::recursive_mutex	function	1		recursive_mutex(const recursive_mutex&) = delete
5722	thread.mutex.recursive	mutex	std::recursive_mutex::operator=	function	1		recursive_mutex&operator = (const recursive_mutex&) = delete
5723	thread.mutex.recursive	mutex	std::recursive_mutex::lock	function	1		void lock()
5724	thread.mutex.recursive	mutex	std::recursive_mutex::try_lock	function	1		bool try_lock()noexcept
5725	thread.mutex.recursive	mutex	std::recursive_mutex::unlock	function	1		void unlock()
5726	thread.mutex.recursive	mutex	std::recursive_mutex::native_handle_type	alias	0	not probed: optional ([version.syn] comment // optional)	using native_handle_type = ⟨implementation-defined⟩
5727	thread.mutex.recursive	mutex	std::recursive_mutex::native_handle	function	0	not probed: optional ([version.syn] comment // optional)	native_handle_type native_handle()
5728	thread.timedmutex.class	mutex	std::timed_mutex	classdef	1	presence only: presence	class timed_mutex
5729	thread.timedmutex.class	mutex	std::timed_mutex::timed_mutex	function	1		timed_mutex()
5730	thread.timedmutex.class	mutex	std::timed_mutex::~timed_mutex	function	1		~timed_mutex()
5731	thread.timedmutex.class	mutex	std::timed_mutex::timed_mutex	function	1		timed_mutex(const timed_mutex&) = delete
5732	thread.timedmutex.class	mutex	std::timed_mutex::operator=	function	1		timed_mutex&operator = (const timed_mutex&) = delete
5733	thread.timedmutex.class	mutex	std::timed_mutex::lock	function	1		void lock()
5734	thread.timedmutex.class	mutex	std::timed_mutex::try_lock	function	1		bool try_lock()
5735	thread.timedmutex.class	mutex	std::timed_mutex::try_lock_for	function	1		bool try_lock_for(const chrono::duration<Rep, Period>&rel_time)
5736	thread.timedmutex.class	mutex	std::timed_mutex::try_lock_until	function	1		bool try_lock_until(const chrono::time_point<Clock, Duration>&abs_time)
5737	thread.timedmutex.class	mutex	std::timed_mutex::unlock	function	1		void unlock()
5738	thread.timedmutex.class	mutex	std::timed_mutex::native_handle_type	alias	0	not probed: optional ([version.syn] comment // optional)	using native_handle_type = ⟨implementation-defined⟩
5739	thread.timedmutex.class	mutex	std::timed_mutex::native_handle	function	0	not probed: optional ([version.syn] comment // optional)	native_handle_type native_handle()
5740	thread.timedmutex.recursive	mutex	std::recursive_timed_mutex	classdef	1	presence only: presence	class recursive_timed_mutex
5741	thread.timedmutex.recursive	mutex	std::recursive_timed_mutex::recursive_timed_mutex	function	1		recursive_timed_mutex()
5742	thread.timedmutex.recursive	mutex	std::recursive_timed_mutex::~recursive_timed_mutex	function	1		~recursive_timed_mutex()
5743	thread.timedmutex.recursive	mutex	std::recursive_timed_mutex::recursive_timed_mutex	function	1		recursive_timed_mutex(const recursive_timed_mutex&) = delete
5744	thread.timedmutex.recursive	mutex	std::recursive_timed_mutex::operator=	function	1		recursive_timed_mutex&operator = (const recursive_timed_mutex&) = delete
5745	thread.timedmutex.recursive	mutex	std::recursive_timed_mutex::lock	function	1		void lock()
5746	thread.timedmutex.recursive	mutex	std::recursive_timed_mutex::try_lock	function	1		bool try_lock()noexcept
5747	thread.timedmutex.recursive	mutex	std::recursive_timed_mutex::try_lock_for	function	1		bool try_lock_for(const chrono::duration<Rep, Period>&rel_time)
5748	thread.timedmutex.recursive	mutex	std::recursive_timed_mutex::try_lock_until	function	1		bool try_lock_until(const chrono::time_point<Clock, Duration>&abs_time)
5749	thread.timedmutex.recursive	mutex	std::recursive_timed_mutex::unlock	function	1		void unlock()
5750	thread.timedmutex.recursive	mutex	std::recursive_timed_mutex::native_handle_type	alias	0	not probed: optional ([version.syn] comment // optional)	using native_handle_type = ⟨implementation-defined⟩
5751	thread.timedmutex.recursive	mutex	std::recursive_timed_mutex::native_handle	function	0	not probed: optional ([version.syn] comment // optional)	native_handle_type native_handle()
5752	thread.sharedmutex.class	shared_mutex	std::shared_mutex	classdef	1	presence only: presence	class shared_mutex
5753	thread.sharedmutex.class	shared_mutex	std::shared_mutex::shared_mutex	function	1		shared_mutex()
5754	thread.sharedmutex.class	shared_mutex	std::shared_mutex::~shared_mutex	function	1		~shared_mutex()
5755	thread.sharedmutex.class	shared_mutex	std::shared_mutex::shared_mutex	function	1		shared_mutex(const shared_mutex&) = delete
5756	thread.sharedmutex.class	shared_mutex	std::shared_mutex::operator=	function	1		shared_mutex&operator = (const shared_mutex&) = delete
5757	thread.sharedmutex.class	shared_mutex	std::shared_mutex::lock	function	1		void lock()
5758	thread.sharedmutex.class	shared_mutex	std::shared_mutex::try_lock	function	1		bool try_lock()
5759	thread.sharedmutex.class	shared_mutex	std::shared_mutex::unlock	function	1		void unlock()
5760	thread.sharedmutex.class	shared_mutex	std::shared_mutex::lock_shared	function	1		void lock_shared()
5761	thread.sharedmutex.class	shared_mutex	std::shared_mutex::try_lock_shared	function	1		bool try_lock_shared()
5762	thread.sharedmutex.class	shared_mutex	std::shared_mutex::unlock_shared	function	1		void unlock_shared()
5763	thread.sharedmutex.class	shared_mutex	std::shared_mutex::native_handle_type	alias	0	not probed: optional ([version.syn] comment // optional)	using native_handle_type = ⟨implementation-defined⟩
5764	thread.sharedmutex.class	shared_mutex	std::shared_mutex::native_handle	function	0	not probed: optional ([version.syn] comment // optional)	native_handle_type native_handle()
5765	thread.sharedtimedmutex.class	shared_mutex	std::shared_timed_mutex	classdef	1	presence only: presence	class shared_timed_mutex
5766	thread.sharedtimedmutex.class	shared_mutex	std::shared_timed_mutex::shared_timed_mutex	function	1		shared_timed_mutex()
5767	thread.sharedtimedmutex.class	shared_mutex	std::shared_timed_mutex::~shared_timed_mutex	function	1		~shared_timed_mutex()
5768	thread.sharedtimedmutex.class	shared_mutex	std::shared_timed_mutex::shared_timed_mutex	function	1		shared_timed_mutex(const shared_timed_mutex&) = delete
5769	thread.sharedtimedmutex.class	shared_mutex	std::shared_timed_mutex::operator=	function	1		shared_timed_mutex&operator = (const shared_timed_mutex&) = delete
5770	thread.sharedtimedmutex.class	shared_mutex	std::shared_timed_mutex::lock	function	1		void lock()
5771	thread.sharedtimedmutex.class	shared_mutex	std::shared_timed_mutex::try_lock	function	1		bool try_lock()
5772	thread.sharedtimedmutex.class	shared_mutex	std::shared_timed_mutex::try_lock_for	function	1		bool try_lock_for(const chrono::duration<Rep, Period>&rel_time)
5773	thread.sharedtimedmutex.class	shared_mutex	std::shared_timed_mutex::try_lock_until	function	1		bool try_lock_until(const chrono::time_point<Clock, Duration>&abs_time)
5774	thread.sharedtimedmutex.class	shared_mutex	std::shared_timed_mutex::unlock	function	1		void unlock()
5775	thread.sharedtimedmutex.class	shared_mutex	std::shared_timed_mutex::lock_shared	function	1		void lock_shared()
5776	thread.sharedtimedmutex.class	shared_mutex	std::shared_timed_mutex::try_lock_shared	function	1		bool try_lock_shared()
5777	thread.sharedtimedmutex.class	shared_mutex	std::shared_timed_mutex::try_lock_shared_for	function	1		bool try_lock_shared_for(const chrono::duration<Rep, Period>&rel_time)
5778	thread.sharedtimedmutex.class	shared_mutex	std::shared_timed_mutex::try_lock_shared_until	function	1		bool try_lock_shared_until(const chrono::time_point<Clock, Duration>&abs_time)
5779	thread.sharedtimedmutex.class	shared_mutex	std::shared_timed_mutex::unlock_shared	function	1		void unlock_shared()
5780	thread.lock.general	mutex	std::defer_lock_t	classdef	1	presence only: presence	struct defer_lock_t
5781	thread.lock.general	mutex	std::try_to_lock_t	classdef	1	presence only: presence	struct try_to_lock_t
5782	thread.lock.general	mutex	std::adopt_lock_t	classdef	1	presence only: presence	struct adopt_lock_t
5783	thread.lock.general	mutex	std::defer_lock	variable	1		inline constexpr defer_lock_t defer_lock{}
5784	thread.lock.general	mutex	std::try_to_lock	variable	1		inline constexpr try_to_lock_t try_to_lock{}
5785	thread.lock.general	mutex	std::adopt_lock	variable	1		inline constexpr adopt_lock_t adopt_lock{}
5786	thread.lock.guard	mutex	std::lock_guard	classdef	1	presence only: presence	class lock_guard
5787	thread.lock.guard	mutex	std::lock_guard::mutex_type	alias	1		using mutex_type = Mutex
5788	thread.lock.guard	mutex	std::lock_guard::lock_guard	function	1		explicit lock_guard(mutex_type&m)
5789	thread.lock.guard	mutex	std::lock_guard::lock_guard	function	1		lock_guard(mutex_type&m, adopt_lock_t)
5790	thread.lock.guard	mutex	std::lock_guard::~lock_guard	function	1		~lock_guard()
5791	thread.lock.guard	mutex	std::lock_guard::lock_guard	function	1		lock_guard(const lock_guard&) = delete
5792	thread.lock.guard	mutex	std::lock_guard::operator=	function	1		lock_guard&operator = (const lock_guard&) = delete
5793	thread.lock.scoped	mutex	std::scoped_lock	classdef	1	presence only: presence	class scoped_lock
5794	thread.lock.scoped	mutex	std::scoped_lock::mutex_type	alias	1		using mutex_type = ⟨see below⟩
5795	thread.lock.scoped	mutex	std::scoped_lock::scoped_lock	function	1		explicit scoped_lock(MutexTypes&...m)
5796	thread.lock.scoped	mutex	std::scoped_lock::scoped_lock	function	1		explicit scoped_lock(adopt_lock_t, MutexTypes&...m)
5797	thread.lock.scoped	mutex	std::scoped_lock::~scoped_lock	function	1		~scoped_lock()
5798	thread.lock.scoped	mutex	std::scoped_lock::scoped_lock	function	1		scoped_lock(const scoped_lock&) = delete
5799	thread.lock.scoped	mutex	std::scoped_lock::operator=	function	1		scoped_lock&operator = (const scoped_lock&) = delete
5800	thread.lock.unique.general	mutex	std::unique_lock	classdef	1	presence only: presence	class unique_lock
5801	thread.lock.unique.general	mutex	std::unique_lock::mutex_type	alias	1		using mutex_type = Mutex
5802	thread.lock.unique.general	mutex	std::unique_lock::unique_lock	function	1		unique_lock()noexcept
5803	thread.lock.unique.general	mutex	std::unique_lock::unique_lock	function	1		explicit unique_lock(mutex_type&m)
5804	thread.lock.unique.general	mutex	std::unique_lock::unique_lock	function	1		unique_lock(mutex_type&m, defer_lock_t)noexcept
5805	thread.lock.unique.general	mutex	std::unique_lock::unique_lock	function	1		unique_lock(mutex_type&m, try_to_lock_t)
5806	thread.lock.unique.general	mutex	std::unique_lock::unique_lock	function	1		unique_lock(mutex_type&m, adopt_lock_t)
5807	thread.lock.unique.general	mutex	std::unique_lock::unique_lock	function	1		unique_lock(mutex_type&m, const chrono::time_point<Clock, Duration>&abs_time)
5808	thread.lock.unique.general	mutex	std::unique_lock::unique_lock	function	1		unique_lock(mutex_type&m, const chrono::duration<Rep, Period>&rel_time)
5809	thread.lock.unique.general	mutex	std::unique_lock::~unique_lock	function	1		~unique_lock()
5810	thread.lock.unique.general	mutex	std::unique_lock::unique_lock	function	1		unique_lock(const unique_lock&) = delete
5811	thread.lock.unique.general	mutex	std::unique_lock::operator=	function	1		unique_lock&operator = (const unique_lock&) = delete
5812	thread.lock.unique.general	mutex	std::unique_lock::unique_lock	function	1		unique_lock(unique_lock&&u)noexcept
5813	thread.lock.unique.general	mutex	std::unique_lock::operator=	function	1		unique_lock&operator = (unique_lock&&u)noexcept
5814	thread.lock.unique.general	mutex	std::unique_lock::lock	function	1		void lock()
5815	thread.lock.unique.general	mutex	std::unique_lock::try_lock	function	1		bool try_lock()
5816	thread.lock.unique.general	mutex	std::unique_lock::try_lock_for	function	1		bool try_lock_for(const chrono::duration<Rep, Period>&rel_time)
5817	thread.lock.unique.general	mutex	std::unique_lock::try_lock_until	function	1		bool try_lock_until(const chrono::time_point<Clock, Duration>&abs_time)
5818	thread.lock.unique.general	mutex	std::unique_lock::unlock	function	1		void unlock()
5819	thread.lock.unique.general	mutex	std::unique_lock::swap	function	1		void swap(unique_lock&u)noexcept
5820	thread.lock.unique.general	mutex	std::unique_lock::release	function	1		mutex_type*release()noexcept
5821	thread.lock.unique.general	mutex	std::unique_lock::owns_lock	function	1		bool owns_lock()const noexcept
5822	thread.lock.unique.general	mutex	std::unique_lock::operator bool	function	2		explicit operator bool()const noexcept
5823	thread.lock.unique.general	mutex	std::unique_lock::mutex	function	1		mutex_type*mutex()const noexcept
5824	thread.lock.shared.general	shared_mutex	std::shared_lock	classdef	1	presence only: presence	class shared_lock
5825	thread.lock.shared.general	shared_mutex	std::shared_lock::mutex_type	alias	1		using mutex_type = Mutex
5826	thread.lock.shared.general	shared_mutex	std::shared_lock::shared_lock	function	1		shared_lock()noexcept
5827	thread.lock.shared.general	shared_mutex	std::shared_lock::shared_lock	function	1		explicit shared_lock(mutex_type&m)
5828	thread.lock.shared.general	shared_mutex	std::shared_lock::shared_lock	function	1		shared_lock(mutex_type&m, defer_lock_t)noexcept
5829	thread.lock.shared.general	shared_mutex	std::shared_lock::shared_lock	function	1		shared_lock(mutex_type&m, try_to_lock_t)
5830	thread.lock.shared.general	shared_mutex	std::shared_lock::shared_lock	function	1		shared_lock(mutex_type&m, adopt_lock_t)
5831	thread.lock.shared.general	shared_mutex	std::shared_lock::shared_lock	function	1		shared_lock(mutex_type&m, const chrono::time_point<Clock, Duration>&abs_time)
5832	thread.lock.shared.general	shared_mutex	std::shared_lock::shared_lock	function	1		shared_lock(mutex_type&m, const chrono::duration<Rep, Period>&rel_time)
5833	thread.lock.shared.general	shared_mutex	std::shared_lock::~shared_lock	function	1		~shared_lock()
5834	thread.lock.shared.general	shared_mutex	std::shared_lock::shared_lock	function	1		shared_lock(const shared_lock&) = delete
5835	thread.lock.shared.general	shared_mutex	std::shared_lock::operator=	function	1		shared_lock&operator = (const shared_lock&) = delete
5836	thread.lock.shared.general	shared_mutex	std::shared_lock::shared_lock	function	1		shared_lock(shared_lock&&u)noexcept
5837	thread.lock.shared.general	shared_mutex	std::shared_lock::operator=	function	1		shared_lock&operator = (shared_lock&&u)noexcept
5838	thread.lock.shared.general	shared_mutex	std::shared_lock::lock	function	1		void lock()
5839	thread.lock.shared.general	shared_mutex	std::shared_lock::try_lock	function	1		bool try_lock()
5840	thread.lock.shared.general	shared_mutex	std::shared_lock::try_lock_for	function	1		bool try_lock_for(const chrono::duration<Rep, Period>&rel_time)
5841	thread.lock.shared.general	shared_mutex	std::shared_lock::try_lock_until	function	1		bool try_lock_until(const chrono::time_point<Clock, Duration>&abs_time)
5842	thread.lock.shared.general	shared_mutex	std::shared_lock::unlock	function	1		void unlock()
5843	thread.lock.shared.general	shared_mutex	std::shared_lock::swap	function	1		void swap(shared_lock&u)noexcept
5844	thread.lock.shared.general	shared_mutex	std::shared_lock::release	function	1		mutex_type*release()noexcept
5845	thread.lock.shared.general	shared_mutex	std::shared_lock::owns_lock	function	1		bool owns_lock()const noexcept
5846	thread.lock.shared.general	shared_mutex	std::shared_lock::operator bool	function	2		explicit operator bool()const noexcept
5847	thread.lock.shared.general	shared_mutex	std::shared_lock::mutex	function	1		mutex_type*mutex()const noexcept
5848	thread.once.onceflag	mutex	std::once_flag	classdef	1	presence only: presence	struct once_flag
5849	thread.once.onceflag	mutex	std::once_flag::once_flag	function	1		constexpr once_flag()noexcept
5850	thread.once.onceflag	mutex	std::once_flag::once_flag	function	1		once_flag(const once_flag&) = delete
5851	thread.once.onceflag	mutex	std::once_flag::operator=	function	1		once_flag&operator = (const once_flag&) = delete
5852	condition.variable.syn	condition_variable	std::condition_variable	classdecl	1	presence only: presence	class condition_variable
5853	condition.variable.syn	condition_variable	std::condition_variable_any	classdecl	1	presence only: presence	class condition_variable_any
5854	condition.variable.syn	condition_variable	std::notify_all_at_thread_exit	function	1		void notify_all_at_thread_exit(condition_variable&cond, unique_lock<mutex>lk)
5855	condition.variable.syn	condition_variable	std::cv_status	enumdef	3		enum class cv_status
5856	thread.condition.condvar	condition_variable	std::condition_variable	classdef	1	presence only: presence	class condition_variable
5857	thread.condition.condvar	condition_variable	std::condition_variable::condition_variable	function	1		condition_variable()
5858	thread.condition.condvar	condition_variable	std::condition_variable::~condition_variable	function	1		~condition_variable()
5859	thread.condition.condvar	condition_variable	std::condition_variable::condition_variable	function	1		condition_variable(const condition_variable&) = delete
5860	thread.condition.condvar	condition_variable	std::condition_variable::operator=	function	1		condition_variable&operator = (const condition_variable&) = delete
5861	thread.condition.condvar	condition_variable	std::condition_variable::notify_one	function	1		void notify_one()noexcept
5862	thread.condition.condvar	condition_variable	std::condition_variable::notify_all	function	1		void notify_all()noexcept
5863	thread.condition.condvar	condition_variable	std::condition_variable::wait	function	1		void wait(unique_lock<mutex>&lock)
5864	thread.condition.condvar	condition_variable	std::condition_variable::wait	function	1		void wait(unique_lock<mutex>&lock, Predicate pred)
5865	thread.condition.condvar	condition_variable	std::condition_variable::wait_until	function	1		cv_status wait_until(unique_lock<mutex>&lock, chrono::time_point<Clock, Duration>abs_time)
5866	thread.condition.condvar	condition_variable	std::condition_variable::wait_until	function	1		bool wait_until(unique_lock<mutex>&lock, chrono::time_point<Clock, Duration>abs_time, Predicate pred)
5867	thread.condition.condvar	condition_variable	std::condition_variable::wait_for	function	1		cv_status wait_for(unique_lock<mutex>&lock, chrono::duration<Rep, Period>rel_time)
5868	thread.condition.condvar	condition_variable	std::condition_variable::wait_for	function	1		bool wait_for(unique_lock<mutex>&lock, chrono::duration<Rep, Period>rel_time, Predicate pred)
5869	thread.condition.condvar	condition_variable	std::condition_variable::native_handle_type	alias	0	not probed: optional ([version.syn] comment // optional)	using native_handle_type = ⟨implementation-defined⟩
5870	thread.condition.condvar	condition_variable	std::condition_variable::native_handle	function	0	not probed: optional ([version.syn] comment // optional)	native_handle_type native_handle()
5871	thread.condition.condvarany.general	condition_variable	std::condition_variable_any	classdef	1	presence only: presence	class condition_variable_any
5872	thread.condition.condvarany.general	condition_variable	std::condition_variable_any::condition_variable_any	function	1		condition_variable_any()
5873	thread.condition.condvarany.general	condition_variable	std::condition_variable_any::~condition_variable_any	function	1		~condition_variable_any()
5874	thread.condition.condvarany.general	condition_variable	std::condition_variable_any::condition_variable_any	function	1		condition_variable_any(const condition_variable_any&) = delete
5875	thread.condition.condvarany.general	condition_variable	std::condition_variable_any::operator=	function	1		condition_variable_any&operator = (const condition_variable_any&) = delete
5876	thread.condition.condvarany.general	condition_variable	std::condition_variable_any::notify_one	function	1		void notify_one()noexcept
5877	thread.condition.condvarany.general	condition_variable	std::condition_variable_any::notify_all	function	1		void notify_all()noexcept
5878	thread.condition.condvarany.general	condition_variable	std::condition_variable_any::wait	function	1		void wait(Lock&lock)
5879	thread.condition.condvarany.general	condition_variable	std::condition_variable_any::wait	function	1		void wait(Lock&lock, Predicate pred)
5880	thread.condition.condvarany.general	condition_variable	std::condition_variable_any::wait_until	function	1		cv_status wait_until(Lock&lock, chrono::time_point<Clock, Duration>abs_time)
5881	thread.condition.condvarany.general	condition_variable	std::condition_variable_any::wait_until	function	1		bool wait_until(Lock&lock, chrono::time_point<Clock, Duration>abs_time, Predicate pred)
5882	thread.condition.condvarany.general	condition_variable	std::condition_variable_any::wait_for	function	1		cv_status wait_for(Lock&lock, chrono::duration<Rep, Period>rel_time)
5883	thread.condition.condvarany.general	condition_variable	std::condition_variable_any::wait_for	function	1		bool wait_for(Lock&lock, chrono::duration<Rep, Period>rel_time, Predicate pred)
5884	thread.condition.condvarany.general	condition_variable	std::condition_variable_any::wait	function	1		bool wait(Lock&lock, stop_token stoken, Predicate pred)
5885	thread.condition.condvarany.general	condition_variable	std::condition_variable_any::wait_until	function	1		bool wait_until(Lock&lock, stop_token stoken, chrono::time_point<Clock, Duration>abs_time, Predicate pred)
5886	thread.condition.condvarany.general	condition_variable	std::condition_variable_any::wait_for	function	1		bool wait_for(Lock&lock, stop_token stoken, chrono::duration<Rep, Period>rel_time, Predicate pred)
5887	semaphore.syn	semaphore	std::counting_semaphore	classdecl	1	presence only: presence	class counting_semaphore
5888	semaphore.syn	semaphore	std::binary_semaphore	alias	1		using binary_semaphore = counting_semaphore<1>
5889	thread.sema.cnt	semaphore	std::counting_semaphore	classdef	1	presence only: presence	class counting_semaphore
5890	thread.sema.cnt	semaphore	std::counting_semaphore::max	function	2		static constexpr ptrdiff_t max()noexcept
5891	thread.sema.cnt	semaphore	std::counting_semaphore::counting_semaphore	function	1		constexpr explicit counting_semaphore(ptrdiff_t desired)
5892	thread.sema.cnt	semaphore	std::counting_semaphore::~counting_semaphore	function	1		~counting_semaphore()
5893	thread.sema.cnt	semaphore	std::counting_semaphore::counting_semaphore	function	1		counting_semaphore(const counting_semaphore&) = delete
5894	thread.sema.cnt	semaphore	std::counting_semaphore::operator=	function	1		counting_semaphore&operator = (const counting_semaphore&) = delete
5895	thread.sema.cnt	semaphore	std::counting_semaphore::release	function	2		void release(ptrdiff_t update = 1)
5896	thread.sema.cnt	semaphore	std::counting_semaphore::acquire	function	1		void acquire()
5897	thread.sema.cnt	semaphore	std::counting_semaphore::try_acquire	function	1		bool try_acquire()noexcept
5898	thread.sema.cnt	semaphore	std::counting_semaphore::try_acquire_for	function	1		bool try_acquire_for(const chrono::duration<Rep, Period>&rel_time)
5899	thread.sema.cnt	semaphore	std::counting_semaphore::try_acquire_until	function	1		bool try_acquire_until(const chrono::time_point<Clock, Duration>&abs_time)
5900	latch.syn	latch	std::latch	classdecl	1	presence only: presence	class latch
5901	thread.latch.class	latch	std::latch	classdef	1	presence only: presence	class latch
5902	thread.latch.class	latch	std::latch::max	function	2		static constexpr ptrdiff_t max()noexcept
5903	thread.latch.class	latch	std::latch::latch	function	1		constexpr explicit latch(ptrdiff_t expected)
5904	thread.latch.class	latch	std::latch::~latch	function	1		~latch()
5905	thread.latch.class	latch	std::latch::latch	function	1		latch(const latch&) = delete
5906	thread.latch.class	latch	std::latch::operator=	function	1		latch&operator = (const latch&) = delete
5907	thread.latch.class	latch	std::latch::count_down	function	2		void count_down(ptrdiff_t update = 1)
5908	thread.latch.class	latch	std::latch::try_wait	function	1		bool try_wait()const noexcept
5909	thread.latch.class	latch	std::latch::wait	function	1		void wait()const
5910	thread.latch.class	latch	std::latch::arrive_and_wait	function	2		void arrive_and_wait(ptrdiff_t update = 1)
5911	barrier.syn	barrier	std::barrier	classdecl	1	presence only: presence	class barrier
5912	thread.barrier.class	barrier	std::barrier	classdef	1	presence only: presence	class barrier
5913	thread.barrier.class	barrier	std::barrier::arrival_token	alias	1		using arrival_token = ⟨see below⟩
5914	thread.barrier.class	barrier	std::barrier::max	function	2		static constexpr ptrdiff_t max()noexcept
5915	thread.barrier.class	barrier	std::barrier::barrier	function	2		constexpr explicit barrier(ptrdiff_t expected, CompletionFunction f = CompletionFunction())
5916	thread.barrier.class	barrier	std::barrier::~barrier	function	1		~barrier()
5917	thread.barrier.class	barrier	std::barrier::barrier	function	1		barrier(const barrier&) = delete
5918	thread.barrier.class	barrier	std::barrier::operator=	function	1		barrier&operator = (const barrier&) = delete
5919	thread.barrier.class	barrier	std::barrier::arrive	function	2		arrival_token arrive(ptrdiff_t update = 1)
5920	thread.barrier.class	barrier	std::barrier::wait	function	1		void wait(arrival_token&&arrival)const
5921	thread.barrier.class	barrier	std::barrier::arrive_and_wait	function	1		void arrive_and_wait()
5922	thread.barrier.class	barrier	std::barrier::arrive_and_drop	function	1		void arrive_and_drop()
5923	future.syn	future	std::future_errc	enumdef	5		enum class future_errc
5924	future.syn	future	std::launch	enumdef	3		enum class launch:⟨unspecified⟩
5925	future.syn	future	std::future_status	enumdef	4		enum class future_status
5926	future.syn	future	std::is_error_code_enum	classdef	1		struct is_error_code_enum<future_errc>:public true_type
5927	future.syn	future	std::make_error_code	function	1		error_code make_error_code(future_errc e)noexcept
5928	future.syn	future	std::make_error_condition	function	1		error_condition make_error_condition(future_errc e)noexcept
5929	future.syn	future	std::future_category	function	1		const error_category&future_category()noexcept
5930	future.syn	future	std::future_error	classdecl	1	presence only: presence	class future_error
5931	future.syn	future	std::promise	classdecl	1	presence only: presence	class promise
5932	future.syn	future	std::promise	classdecl	1		class promise<R&>
5933	future.syn	future	std::promise	classdecl	1		class promise<void>
5934	future.syn	future	std::swap	function	1		void swap(promise<R>&x, promise<R>&y)noexcept
5935	future.syn	future	std::future	classdecl	1	presence only: presence	class future
5936	future.syn	future	std::future	classdecl	1		class future<R&>
5937	future.syn	future	std::future	classdecl	1		class future<void>
5938	future.syn	future	std::shared_future	classdecl	1	presence only: presence	class shared_future
5939	future.syn	future	std::shared_future	classdecl	1		class shared_future<R&>
5940	future.syn	future	std::shared_future	classdecl	1		class shared_future<void>
5941	future.syn	future	std::packaged_task	classdecl	1	presence only: presence	class packaged_task
5942	future.syn	future	std::packaged_task	variable	0	not probed (no sample, or a hidden friend whose signature is exposition-only)	class packaged_task<R(ArgTypes...)>
5943	future.syn	future	std::swap	function	1		void swap(packaged_task<R(ArgTypes...)>&, packaged_task<R(ArgTypes...)>&)noexcept
5944	future.syn	future	std::async	function	1		future<invoke_result_t<decay_t<F>, decay_t<Args>...>>async(F&&f, Args&&...args)
5945	future.syn	future	std::async	function	1		future<invoke_result_t<decay_t<F>, decay_t<Args>...>>async(launch policy, F&&f, Args&&...args)
5946	futures.future.error	future	std::future_error	classdef	2		class future_error:public logic_error
5947	futures.future.error	future	std::future_error::future_error	function	1		explicit future_error(future_errc e)
5948	futures.future.error	future	std::future_error::code	function	1		const error_code&code()const noexcept
5949	futures.future.error	future	std::future_error::what	function	1		const char*what()const noexcept
5950	futures.promise	future	std::promise	classdef	1	presence only: presence	class promise
5951	futures.promise	future	std::promise::promise	function	1		promise()
5952	futures.promise	future	std::promise::promise	function	1		promise(allocator_arg_t, const Allocator&a)
5953	futures.promise	future	std::promise::promise	function	1		promise(promise&&rhs)noexcept
5954	futures.promise	future	std::promise::promise	function	1		promise(const promise&) = delete
5955	futures.promise	future	std::promise::~promise	function	1		~promise()
5956	futures.promise	future	std::promise::operator=	function	1		promise&operator = (promise&&rhs)noexcept
5957	futures.promise	future	std::promise::operator=	function	1		promise&operator = (const promise&) = delete
5958	futures.promise	future	std::promise::swap	function	1		void swap(promise&other)noexcept
5959	futures.promise	future	std::promise::get_future	function	1		future<R>get_future()
5960	futures.promise	future	std::promise::set_value	function	1	presence only: exposition-only or unspecified: see below	void set_value(⟨see below⟩)
5961	futures.promise	future	std::promise::set_exception	function	1		void set_exception(exception_ptr p)
5962	futures.promise	future	std::promise::set_value_at_thread_exit	function	1	presence only: exposition-only or unspecified: see below	void set_value_at_thread_exit(⟨see below⟩)
5963	futures.promise	future	std::promise::set_exception_at_thread_exit	function	1		void set_exception_at_thread_exit(exception_ptr p)
5964	futures.unique.future	future	std::future	classdef	1	presence only: presence	class future
5965	futures.unique.future	future	std::future::future	function	1		future()noexcept
5966	futures.unique.future	future	std::future::future	function	1		future(future&&)noexcept
5967	futures.unique.future	future	std::future::future	function	1		future(const future&) = delete
5968	futures.unique.future	future	std::future::~future	function	1		~future()
5969	futures.unique.future	future	std::future::operator=	function	1		future&operator = (const future&) = delete
5970	futures.unique.future	future	std::future::operator=	function	1		future&operator = (future&&)noexcept
5971	futures.unique.future	future	std::future::share	function	1		shared_future<R>share()noexcept
5972	futures.unique.future	future	std::future::get	function	1		⟨see below⟩ get()
5973	futures.unique.future	future	std::future::valid	function	1		bool valid()const noexcept
5974	futures.unique.future	future	std::future::wait	function	1		void wait()const
5975	futures.unique.future	future	std::future::wait_for	function	1		future_status wait_for(const chrono::duration<Rep, Period>&rel_time)const
5976	futures.unique.future	future	std::future::wait_until	function	1		future_status wait_until(const chrono::time_point<Clock, Duration>&abs_time)const
5977	futures.shared.future	future	std::shared_future	classdef	1	presence only: presence	class shared_future
5978	futures.shared.future	future	std::shared_future::shared_future	function	1		shared_future()noexcept
5979	futures.shared.future	future	std::shared_future::shared_future	function	1		shared_future(const shared_future&rhs)noexcept
5980	futures.shared.future	future	std::shared_future::shared_future	function	1		shared_future(future<R>&&)noexcept
5981	futures.shared.future	future	std::shared_future::shared_future	function	1		shared_future(shared_future&&rhs)noexcept
5982	futures.shared.future	future	std::shared_future::~shared_future	function	1		~shared_future()
5983	futures.shared.future	future	std::shared_future::operator=	function	1		shared_future&operator = (const shared_future&rhs)noexcept
5984	futures.shared.future	future	std::shared_future::operator=	function	1		shared_future&operator = (shared_future&&rhs)noexcept
5985	futures.shared.future	future	std::shared_future::get	function	1		⟨see below⟩ get()const
5986	futures.shared.future	future	std::shared_future::valid	function	1		bool valid()const noexcept
5987	futures.shared.future	future	std::shared_future::wait	function	1		void wait()const
5988	futures.shared.future	future	std::shared_future::wait_for	function	1		future_status wait_for(const chrono::duration<Rep, Period>&rel_time)const
5989	futures.shared.future	future	std::shared_future::wait_until	function	1		future_status wait_until(const chrono::time_point<Clock, Duration>&abs_time)const
5990	futures.task.general	future	std::packaged_task	classdecl	1	presence only: presence	class packaged_task
5991	futures.task.general	future	std::packaged_task	variable	0	not probed (no sample, or a hidden friend whose signature is exposition-only)	class packaged_task<R(ArgTypes...)>
5992	futures.task.general	future	std::packaged_task	guide	1		packaged_task(R(*)(ArgTypes...))->packaged_task<R(ArgTypes...)>
5993	futures.task.general	future	std::packaged_task	guide	0	not probed (no sample, or a hidden friend whose signature is exposition-only)	packaged_task(F)->packaged_task<⟨see below⟩>
5994	rcu.syn	rcu	std::rcu_obj_base	classdecl	1	presence only: presence	class rcu_obj_base
5995	rcu.syn	rcu	std::rcu_domain	classdecl	1	presence only: presence	class rcu_domain
5996	rcu.syn	rcu	std::rcu_default_domain	function	1		rcu_domain&rcu_default_domain()noexcept
5997	rcu.syn	rcu	std::rcu_synchronize	function	2		void rcu_synchronize(rcu_domain&dom = rcu_default_domain())noexcept
5998	rcu.syn	rcu	std::rcu_barrier	function	2		void rcu_barrier(rcu_domain&dom = rcu_default_domain())noexcept
5999	rcu.syn	rcu	std::rcu_retire	function	2		void rcu_retire(T*p, D d = D(), rcu_domain&dom = rcu_default_domain())
6000	saferecl.rcu.base	rcu	std::rcu_obj_base	classdef	1	presence only: presence	class rcu_obj_base
6001	saferecl.rcu.base	rcu	std::rcu_obj_base::retire	function	2		void retire(D d = D(), rcu_domain&dom = rcu_default_domain())noexcept
6002	saferecl.rcu.base	rcu	std::rcu_obj_base::rcu_obj_base	function	0	not probed (no sample, or a hidden friend whose signature is exposition-only)	rcu_obj_base() = default
6003	saferecl.rcu.base	rcu	std::rcu_obj_base::rcu_obj_base	function	0	not probed (no sample, or a hidden friend whose signature is exposition-only)	rcu_obj_base(const rcu_obj_base&) = default
6004	saferecl.rcu.base	rcu	std::rcu_obj_base::rcu_obj_base	function	0	not probed (no sample, or a hidden friend whose signature is exposition-only)	rcu_obj_base(rcu_obj_base&&) = default
6005	saferecl.rcu.base	rcu	std::rcu_obj_base::operator=	function	1		rcu_obj_base&operator = (const rcu_obj_base&) = default
6006	saferecl.rcu.base	rcu	std::rcu_obj_base::operator=	function	1		rcu_obj_base&operator = (rcu_obj_base&&) = default
6007	saferecl.rcu.base	rcu	std::rcu_obj_base::~rcu_obj_base	function	0	not probed (no sample, or a hidden friend whose signature is exposition-only)	~rcu_obj_base() = default
6008	saferecl.rcu.domain.general	rcu	std::rcu_domain	classdef	1	presence only: presence	class rcu_domain
6009	saferecl.rcu.domain.general	rcu	std::rcu_domain::rcu_domain	function	1		rcu_domain(const rcu_domain&) = delete
6010	saferecl.rcu.domain.general	rcu	std::rcu_domain::operator=	function	1		rcu_domain&operator = (const rcu_domain&) = delete
6011	saferecl.rcu.domain.general	rcu	std::rcu_domain::lock	function	1		void lock()noexcept
6012	saferecl.rcu.domain.general	rcu	std::rcu_domain::try_lock	function	1		bool try_lock()noexcept
6013	saferecl.rcu.domain.general	rcu	std::rcu_domain::unlock	function	1		void unlock()noexcept
6014	hazard.pointer.syn	hazard_pointer	std::hazard_pointer_obj_base	classdecl	1	presence only: presence	class hazard_pointer_obj_base
6015	hazard.pointer.syn	hazard_pointer	std::hazard_pointer	classdecl	1	presence only: presence	class hazard_pointer
6016	hazard.pointer.syn	hazard_pointer	std::make_hazard_pointer	function	1		hazard_pointer make_hazard_pointer()
6017	hazard.pointer.syn	hazard_pointer	std::swap	function	1		void swap(hazard_pointer&, hazard_pointer&)noexcept
6018	hazard.pointer.syn	hazard_pointer	std::make_hazard_pointer_batch	function	1		void make_hazard_pointer_batch(span<hazard_pointer>)
6019	hazard.pointer.syn	hazard_pointer	std::clear_hazard_pointer_batch	function	1		void clear_hazard_pointer_batch(span<hazard_pointer>)noexcept
6020	saferecl.hp.base	hazard_pointer	std::hazard_pointer_obj_base	classdef	1	presence only: presence	class hazard_pointer_obj_base
6021	saferecl.hp.base	hazard_pointer	std::hazard_pointer_obj_base::retire	function	2		void retire(D d = D())noexcept
6022	saferecl.hp.base	hazard_pointer	std::hazard_pointer_obj_base::hazard_pointer_obj_base	function	0	not probed (no sample, or a hidden friend whose signature is exposition-only)	hazard_pointer_obj_base() = default
6023	saferecl.hp.base	hazard_pointer	std::hazard_pointer_obj_base::hazard_pointer_obj_base	function	0	not probed (no sample, or a hidden friend whose signature is exposition-only)	hazard_pointer_obj_base(const hazard_pointer_obj_base&) = default
6024	saferecl.hp.base	hazard_pointer	std::hazard_pointer_obj_base::hazard_pointer_obj_base	function	0	not probed (no sample, or a hidden friend whose signature is exposition-only)	hazard_pointer_obj_base(hazard_pointer_obj_base&&) = default
6025	saferecl.hp.base	hazard_pointer	std::hazard_pointer_obj_base::operator=	function	1		hazard_pointer_obj_base&operator = (const hazard_pointer_obj_base&) = default
6026	saferecl.hp.base	hazard_pointer	std::hazard_pointer_obj_base::operator=	function	1		hazard_pointer_obj_base&operator = (hazard_pointer_obj_base&&) = default
6027	saferecl.hp.base	hazard_pointer	std::hazard_pointer_obj_base::~hazard_pointer_obj_base	function	0	not probed (no sample, or a hidden friend whose signature is exposition-only)	~hazard_pointer_obj_base() = default
6028	saferecl.hp.holder.general	hazard_pointer	std::hazard_pointer	classdef	1	presence only: presence	class hazard_pointer
6029	saferecl.hp.holder.general	hazard_pointer	std::hazard_pointer::hazard_pointer	function	1		hazard_pointer()noexcept
6030	saferecl.hp.holder.general	hazard_pointer	std::hazard_pointer::hazard_pointer	function	1		hazard_pointer(hazard_pointer&&)noexcept
6031	saferecl.hp.holder.general	hazard_pointer	std::hazard_pointer::operator=	function	1		hazard_pointer&operator = (hazard_pointer&&)noexcept
6032	saferecl.hp.holder.general	hazard_pointer	std::hazard_pointer::~hazard_pointer	function	1		~hazard_pointer()
6033	saferecl.hp.holder.general	hazard_pointer	std::hazard_pointer::empty	function	1		bool empty()const noexcept
6034	saferecl.hp.holder.general	hazard_pointer	std::hazard_pointer::protect	function	1		T*protect(const atomic<T*>&src)noexcept
6035	saferecl.hp.holder.general	hazard_pointer	std::hazard_pointer::try_protect	function	1		bool try_protect(T*&ptr, const atomic<T*>&src)noexcept
6036	saferecl.hp.holder.general	hazard_pointer	std::hazard_pointer::reset_protection	function	1		void reset_protection(const T*ptr)noexcept
6037	saferecl.hp.holder.general	hazard_pointer	std::hazard_pointer::reset_protection	function	2		void reset_protection(nullptr_t = nullptr)noexcept
6038	saferecl.hp.holder.general	hazard_pointer	std::hazard_pointer::swap	function	1		void swap(hazard_pointer&)noexcept
6039	execution.syn	execution	std::is_execution_policy	classdecl	1	presence only: presence	struct is_execution_policy
6040	execution.syn	execution	std::is_execution_policy_v	variable	1		constexpr bool is_execution_policy_v = is_execution_policy<T>::value
6041	execution.syn	execution	std::execution::sequenced_policy	classdecl	1	presence only: presence	class sequenced_policy
6042	execution.syn	execution	std::execution::parallel_policy	classdecl	1	presence only: presence	class parallel_policy
6043	execution.syn	execution	std::execution::parallel_unsequenced_policy	classdecl	1	presence only: presence	class parallel_unsequenced_policy
6044	execution.syn	execution	std::execution::unsequenced_policy	classdecl	1	presence only: presence	class unsequenced_policy
6045	execution.syn	execution	std::execution::seq	variable	1		inline constexpr sequenced_policy seq{⟨unspecified⟩}
6046	execution.syn	execution	std::execution::par	variable	1		inline constexpr parallel_policy par{⟨unspecified⟩}
6047	execution.syn	execution	std::execution::par_unseq	variable	1		inline constexpr parallel_unsequenced_policy par_unseq{⟨unspecified⟩}
6048	execution.syn	execution	std::execution::unseq	variable	1		inline constexpr unsequenced_policy unseq{⟨unspecified⟩}
6049	execution.syn	execution	std::forwarding_query_t	classdef	1	presence only: presence	struct forwarding_query_t
6050	execution.syn	execution	std::get_allocator_t	classdef	1	presence only: presence	struct get_allocator_t
6051	execution.syn	execution	std::get_stop_token_t	classdef	1	presence only: presence	struct get_stop_token_t
6052	execution.syn	execution	std::forwarding_query	variable	1		inline constexpr forwarding_query_t forwarding_query{}
6053	execution.syn	execution	std::get_allocator	variable	1		inline constexpr get_allocator_t get_allocator{}
6054	execution.syn	execution	std::get_stop_token	variable	1		inline constexpr get_stop_token_t get_stop_token{}
6055	execution.syn	execution	std::stop_token_of_t	alias	1		using stop_token_of_t = remove_cvref_t<decltype(get_stop_token(declval<T>()))>
6056	execution.syn	execution	std::execution::get_domain_t	classdef	1	presence only: presence	struct get_domain_t
6057	execution.syn	execution	std::execution::get_scheduler_t	classdef	1	presence only: presence	struct get_scheduler_t
6058	execution.syn	execution	std::execution::get_start_scheduler_t	classdef	1	presence only: presence	struct get_start_scheduler_t
6059	execution.syn	execution	std::execution::get_delegation_scheduler_t	classdef	1	presence only: presence	struct get_delegation_scheduler_t
6060	execution.syn	execution	std::execution::get_forward_progress_guarantee_t	classdef	1	presence only: presence	struct get_forward_progress_guarantee_t
6061	execution.syn	execution	std::execution::get_completion_scheduler_t	classdef	1	presence only: presence	struct get_completion_scheduler_t
6062	execution.syn	execution	std::execution::get_completion_domain_t	classdef	1	presence only: presence	struct get_completion_domain_t
6063	execution.syn	execution	std::execution::get_await_completion_adaptor_t	classdef	1	presence only: presence	struct get_await_completion_adaptor_t
6064	execution.syn	execution	std::execution::get_domain	variable	1		inline constexpr get_domain_t get_domain{}
6065	execution.syn	execution	std::execution::get_scheduler	variable	1		inline constexpr get_scheduler_t get_scheduler{}
6066	execution.syn	execution	std::execution::get_start_scheduler	variable	1		inline constexpr get_start_scheduler_t get_start_scheduler{}
6067	execution.syn	execution	std::execution::get_delegation_scheduler	variable	1		inline constexpr get_delegation_scheduler_t get_delegation_scheduler{}
6068	execution.syn	execution	std::execution::forward_progress_guarantee	enumdecl	1	presence only: presence	enum class forward_progress_guarantee
6069	execution.syn	execution	std::execution::get_forward_progress_guarantee	variable	1		inline constexpr get_forward_progress_guarantee_t get_forward_progress_guarantee{}
6070	execution.syn	execution	std::execution::get_completion_scheduler	variable	1		constexpr get_completion_scheduler_t<CPO>get_completion_scheduler{}
6071	execution.syn	execution	std::execution::get_completion_domain	variable	1		constexpr get_completion_domain_t<CPO>get_completion_domain{}
6072	execution.syn	execution	std::execution::get_await_completion_adaptor	variable	1		inline constexpr get_await_completion_adaptor_t get_await_completion_adaptor{}
6073	execution.syn	execution	std::execution::get_env_t	classdef	1	presence only: presence	struct get_env_t
6074	execution.syn	execution	std::execution::get_env	variable	1		inline constexpr get_env_t get_env{}
6075	execution.syn	execution	std::execution::env_of_t	alias	1		using env_of_t = decltype(get_env(declval<T>()))
6076	execution.syn	execution	std::execution::indeterminate_domain	classdecl	1	presence only: presence	struct indeterminate_domain
6077	execution.syn	execution	std::execution::default_domain	classdecl	1	presence only: presence	struct default_domain
6078	execution.syn	execution	std::execution::scheduler_tag	classdef	1	presence only: presence	struct scheduler_tag
6079	execution.syn	execution	std::execution::scheduler	concept	1	presence only: presence	concept scheduler = ⟨see below⟩
6080	execution.syn	execution	std::execution::receiver_tag	classdef	1	presence only: presence	struct receiver_tag
6081	execution.syn	execution	std::execution::receiver	concept	1	presence only: presence	concept receiver = ⟨see below⟩
6082	execution.syn	execution	std::execution::inlinable_receiver	concept	1	presence only: presence	concept inlinable_receiver = ⟨see below⟩
6083	execution.syn	execution	std::execution::set_value_t	classdef	1	presence only: presence	struct set_value_t
6084	execution.syn	execution	std::execution::set_error_t	classdef	1	presence only: presence	struct set_error_t
6085	execution.syn	execution	std::execution::set_stopped_t	classdef	1	presence only: presence	struct set_stopped_t
6086	execution.syn	execution	std::execution::set_value	variable	1		inline constexpr set_value_t set_value{}
6087	execution.syn	execution	std::execution::set_error	variable	1		inline constexpr set_error_t set_error{}
6088	execution.syn	execution	std::execution::set_stopped	variable	1		inline constexpr set_stopped_t set_stopped{}
6089	execution.syn	execution	std::execution::operation_state_tag	classdef	1	presence only: presence	struct operation_state_tag
6090	execution.syn	execution	std::execution::operation_state	concept	1	presence only: presence	concept operation_state = ⟨see below⟩
6091	execution.syn	execution	std::execution::start_t	classdecl	1	presence only: presence	struct start_t
6092	execution.syn	execution	std::execution::start	variable	1		inline constexpr start_t start{}
6093	execution.syn	execution	std::execution::sender_tag	classdef	1	presence only: presence	struct sender_tag
6094	execution.syn	execution	std::execution::enable_sender	variable	1		inline constexpr bool enable_sender = ⟨see below⟩
6095	execution.syn	execution	std::execution::sender	concept	1	presence only: presence	concept sender = ⟨see below⟩
6096	execution.syn	execution	std::execution::sender_in	concept	1	presence only: presence	concept sender_in = ⟨see below⟩
6097	execution.syn	execution	std::execution::dependent_sender	concept	1	presence only: presence	concept dependent_sender = ⟨see below⟩
6098	execution.syn	execution	std::execution::value_types_of_t	alias	0	not probed (no sample, or a hidden friend whose signature is exposition-only)	requires sender_in<Sndr, Env>using value_types_of_t = ⟨see below⟩
6099	execution.syn	execution	std::execution::error_types_of_t	alias	0	not probed (no sample, or a hidden friend whose signature is exposition-only)	requires sender_in<Sndr, Env>using error_types_of_t = ⟨see below⟩
6100	execution.syn	execution	std::execution::sends_stopped	variable	1		requires sender_in<Sndr, Env>constexpr bool sends_stopped = ⟨see below⟩
6101	execution.syn	execution	std::execution::tag_of_t	alias	1		using tag_of_t = ⟨see below⟩
6102	execution.syn	execution	std::execution::transform_sender	function	2		constexpr decltype(auto)transform_sender(Sndr&&sndr, const Env&env)noexcept(⟨see below⟩)
6103	execution.syn	execution	std::execution::apply_sender	function	1		constexpr decltype(auto)apply_sender(Domain dom, Tag, Sndr&&sndr, Args&&...args)noexcept(⟨see below⟩)
6104	execution.syn	execution	std::execution::get_completion_signatures	function	2		consteval auto get_completion_signatures()->⟨valid-completion-signatures⟩ auto
6105	execution.syn	execution	std::execution::completion_signatures_of_t	alias	1		requires sender_in<Sndr, Env...>using completion_signatures_of_t = decltype(get_completion_signatures<Sndr, Env...>())
6106	execution.syn	execution	std::execution::connect_t	classdecl	1	presence only: presence	struct connect_t
6107	execution.syn	execution	std::execution::connect	variable	1		inline constexpr connect_t connect{}
6108	execution.syn	execution	std::execution::connect_result_t	alias	1		using connect_result_t = decltype(connect(declval<Sndr>(), declval<Rcvr>()))
6109	execution.syn	execution	std::execution::just_t	classdef	1	presence only: presence	struct just_t
6110	execution.syn	execution	std::execution::just_error_t	classdef	1	presence only: presence	struct just_error_t
6111	execution.syn	execution	std::execution::just_stopped_t	classdef	1	presence only: presence	struct just_stopped_t
6112	execution.syn	execution	std::execution::schedule_t	classdef	1	presence only: presence	struct schedule_t
6113	execution.syn	execution	std::execution::just	variable	1		inline constexpr just_t just{}
6114	execution.syn	execution	std::execution::just_error	variable	1		inline constexpr just_error_t just_error{}
6115	execution.syn	execution	std::execution::just_stopped	variable	1		inline constexpr just_stopped_t just_stopped{}
6116	execution.syn	execution	std::execution::schedule	variable	1		inline constexpr schedule_t schedule{}
6117	execution.syn	execution	std::execution::read_env	variable	1		inline constexpr ⟨unspecified⟩ read_env{}
6118	execution.syn	execution	std::execution::schedule_result_t	alias	1		using schedule_result_t = decltype(schedule(declval<Sch>()))
6119	execution.syn	execution	std::execution::sender_adaptor_closure	classdef	1	presence only: presence	struct sender_adaptor_closure
6120	execution.syn	execution	std::execution::starts_on_t	classdef	1	presence only: presence	struct starts_on_t
6121	execution.syn	execution	std::execution::continues_on_t	classdef	1	presence only: presence	struct continues_on_t
6122	execution.syn	execution	std::execution::on_t	classdef	1	presence only: presence	struct on_t
6123	execution.syn	execution	std::execution::schedule_from_t	classdef	1	presence only: presence	struct schedule_from_t
6124	execution.syn	execution	std::execution::then_t	classdef	1	presence only: presence	struct then_t
6125	execution.syn	execution	std::execution::upon_error_t	classdef	1	presence only: presence	struct upon_error_t
6126	execution.syn	execution	std::execution::upon_stopped_t	classdef	1	presence only: presence	struct upon_stopped_t
6127	execution.syn	execution	std::execution::let_value_t	classdef	1	presence only: presence	struct let_value_t
6128	execution.syn	execution	std::execution::let_error_t	classdef	1	presence only: presence	struct let_error_t
6129	execution.syn	execution	std::execution::let_stopped_t	classdef	1	presence only: presence	struct let_stopped_t
6130	execution.syn	execution	std::execution::bulk_t	classdef	1	presence only: presence	struct bulk_t
6131	execution.syn	execution	std::execution::bulk_chunked_t	classdef	1	presence only: presence	struct bulk_chunked_t
6132	execution.syn	execution	std::execution::bulk_unchunked_t	classdef	1	presence only: presence	struct bulk_unchunked_t
6133	execution.syn	execution	std::execution::when_all_t	classdef	1	presence only: presence	struct when_all_t
6134	execution.syn	execution	std::execution::when_all_with_variant_t	classdef	1	presence only: presence	struct when_all_with_variant_t
6135	execution.syn	execution	std::execution::into_variant_t	classdef	1	presence only: presence	struct into_variant_t
6136	execution.syn	execution	std::execution::stopped_as_optional_t	classdef	1	presence only: presence	struct stopped_as_optional_t
6137	execution.syn	execution	std::execution::stopped_as_error_t	classdef	1	presence only: presence	struct stopped_as_error_t
6138	execution.syn	execution	std::execution::associate_t	classdef	1	presence only: presence	struct associate_t
6139	execution.syn	execution	std::execution::spawn_future_t	classdef	1	presence only: presence	struct spawn_future_t
6140	execution.syn	execution	std::execution::write_env	variable	1		inline constexpr ⟨unspecified⟩ write_env{}
6141	execution.syn	execution	std::execution::unstoppable	variable	1		inline constexpr ⟨unspecified⟩ unstoppable{}
6142	execution.syn	execution	std::execution::starts_on	variable	1		inline constexpr starts_on_t starts_on{}
6143	execution.syn	execution	std::execution::continues_on	variable	1		inline constexpr continues_on_t continues_on{}
6144	execution.syn	execution	std::execution::on	variable	1		inline constexpr on_t on{}
6145	execution.syn	execution	std::execution::schedule_from	variable	1		inline constexpr schedule_from_t schedule_from{}
6146	execution.syn	execution	std::execution::then	variable	1		inline constexpr then_t then{}
6147	execution.syn	execution	std::execution::upon_error	variable	1		inline constexpr upon_error_t upon_error{}
6148	execution.syn	execution	std::execution::upon_stopped	variable	1		inline constexpr upon_stopped_t upon_stopped{}
6149	execution.syn	execution	std::execution::let_value	variable	1		inline constexpr let_value_t let_value{}
6150	execution.syn	execution	std::execution::let_error	variable	1		inline constexpr let_error_t let_error{}
6151	execution.syn	execution	std::execution::let_stopped	variable	1		inline constexpr let_stopped_t let_stopped{}
6152	execution.syn	execution	std::execution::bulk	variable	1		inline constexpr bulk_t bulk{}
6153	execution.syn	execution	std::execution::bulk_chunked	variable	1		inline constexpr bulk_chunked_t bulk_chunked{}
6154	execution.syn	execution	std::execution::bulk_unchunked	variable	1		inline constexpr bulk_unchunked_t bulk_unchunked{}
6155	execution.syn	execution	std::execution::when_all	variable	1		inline constexpr when_all_t when_all{}
6156	execution.syn	execution	std::execution::when_all_with_variant	variable	1		inline constexpr when_all_with_variant_t when_all_with_variant{}
6157	execution.syn	execution	std::execution::into_variant	variable	1		inline constexpr into_variant_t into_variant{}
6158	execution.syn	execution	std::execution::stopped_as_optional	variable	1		inline constexpr stopped_as_optional_t stopped_as_optional{}
6159	execution.syn	execution	std::execution::stopped_as_error	variable	1		inline constexpr stopped_as_error_t stopped_as_error{}
6160	execution.syn	execution	std::execution::associate	variable	1		inline constexpr associate_t associate{}
6161	execution.syn	execution	std::execution::spawn_future	variable	1		inline constexpr spawn_future_t spawn_future{}
6162	execution.syn	execution	std::this_thread::sync_wait_t	classdef	1	presence only: presence	struct sync_wait_t
6163	execution.syn	execution	std::this_thread::sync_wait_with_variant_t	classdef	1	presence only: presence	struct sync_wait_with_variant_t
6164	execution.syn	execution	std::this_thread::sync_wait	variable	1		inline constexpr sync_wait_t sync_wait{}
6165	execution.syn	execution	std::this_thread::sync_wait_with_variant	variable	1		inline constexpr sync_wait_with_variant_t sync_wait_with_variant{}
6166	execution.syn	execution	std::execution::spawn_t	classdef	1	presence only: presence	struct spawn_t
6167	execution.syn	execution	std::execution::spawn	variable	1		inline constexpr spawn_t spawn{}
6168	execution.syn	execution	std::execution::completion_signatures	classdecl	1	presence only: presence	struct completion_signatures
6169	execution.syn	execution	std::execution::dependent_sender_error	classdef	2		struct dependent_sender_error:exception
6170	execution.syn	execution	std::execution::prop	classdecl	1	presence only: presence	struct prop
6171	execution.syn	execution	std::execution::env	classdecl	1	presence only: presence	struct env
6172	execution.syn	execution	std::execution::run_loop	classdecl	1	presence only: presence	class run_loop
6173	execution.syn	execution	std::execution::as_awaitable_t	classdef	1	presence only: presence	struct as_awaitable_t
6174	execution.syn	execution	std::execution::as_awaitable	variable	1		inline constexpr as_awaitable_t as_awaitable{}
6175	execution.syn	execution	std::execution::with_awaitable_senders	classdecl	1	presence only: presence	struct with_awaitable_senders
6176	execution.syn	execution	std::execution::affine_t	classdef	1	presence only: presence	struct affine_t
6177	execution.syn	execution	std::execution::affine	variable	1		inline constexpr affine_t affine{}
6178	execution.syn	execution	std::execution::inline_scheduler	classdecl	1	presence only: presence	class inline_scheduler
6179	execution.syn	execution	std::execution::task_scheduler	classdecl	1	presence only: presence	class task_scheduler
6180	execution.syn	execution	std::execution::with_error	classdef	1	presence only: presence	struct with_error
6181	execution.syn	execution	std::execution::with_error::type	alias	1		using type = remove_cvref_t<E>
6182	execution.syn	execution	std::execution::with_error::error	variable	1		type error
6183	execution.syn	execution	std::execution::with_error	guide	1		with_error(E)->with_error<E>
6184	execution.syn	execution	std::execution::task	classdecl	1	presence only: presence	class task
6185	execution.syn	execution	std::execution::scope_association	concept	1	presence only: presence	concept scope_association = ⟨see below⟩
6186	execution.syn	execution	std::execution::scope_token	concept	1	presence only: presence	concept scope_token = ⟨see below⟩
6187	execution.syn	execution	std::execution::simple_counting_scope	classdecl	1	presence only: presence	class simple_counting_scope
6188	execution.syn	execution	std::execution::counting_scope	classdecl	1	presence only: presence	class counting_scope
6189	execution.syn	execution	std::execution::parallel_scheduler	classdecl	1	presence only: presence	class parallel_scheduler
6190	execution.syn	execution	std::execution::get_parallel_scheduler	function	1		parallel_scheduler get_parallel_scheduler()
6191	execution.syn	execution	std::execution::parallel_scheduler_replacement::receiver_proxy	classdecl	1	presence only: presence	struct receiver_proxy
6192	execution.syn	execution	std::execution::parallel_scheduler_replacement::bulk_item_receiver_proxy	classdecl	1	presence only: presence	struct bulk_item_receiver_proxy
6193	execution.syn	execution	std::execution::parallel_scheduler_replacement::parallel_scheduler_backend	classdecl	1	presence only: presence	struct parallel_scheduler_backend
6194	execution.syn	execution	std::execution::parallel_scheduler_replacement::query_parallel_scheduler_backend	function	1		shared_ptr<parallel_scheduler_backend>query_parallel_scheduler_backend()
6195	exec.get.fwd.progress	execution	std::execution::forward_progress_guarantee	enumdef	4		enum class forward_progress_guarantee
6196	exec.sched	execution	std::execution::scheduler	concept	1	presence only: presence	concept scheduler = derived_from<typename remove_cvref_t<Sch>::scheduler_concept, scheduler_tag>&&⟨queryable⟩<Sch>&&requires(Sch&&sch){{schedule(std::forward<Sch>(sch))}->sender;{get_forward_progress_guarantee(sch)}->same_as<forward_progress_guarantee>;}&&equality_comparable<remove_cvref_t<Sch>>&&copyable<remove_cvref_t<Sch>>
6197	exec.recv.concepts	execution	std::execution::receiver	concept	1	presence only: presence	concept receiver = derived_from<typename remove_cvref_t<Rcvr>::receiver_concept, receiver_tag>&&requires(const remove_cvref_t<Rcvr>&rcvr){{get_env(rcvr)}->⟨queryable⟩;}&&move_constructible<remove_cvref_t<Rcvr>>&&constructible_from<remove_cvref_t<Rcvr>, Rcvr>&&is_nothrow_move_constructible_v<remove_cvref_t<Rcvr>>
6198	exec.recv.concepts	execution	std::execution::inlinable_receiver	concept	1	presence only: presence	concept inlinable_receiver = receiver<Rcvr>&&requires(ChildOp*child){{remove_cvref_t<Rcvr>::make_receiver_for(child)}noexcept->same_as<remove_cvref_t<Rcvr>>;}
6199	exec.opstate.general	execution	std::execution::operation_state	concept	1	presence only: presence	concept operation_state = derived_from<typename O::operation_state_concept, operation_state_tag>&&requires(O&o){start(o);}
6200	exec.snd.concepts	execution	std::execution::enable_sender	variable	1		inline constexpr bool enable_sender = ⟨enable-sender⟩<Sndr>
6201	exec.snd.concepts	execution	std::execution::catch	function	0	not probed: not a declaration (code of a consteval function body)	catch(dependent_sender_error&)
6202	exec.snd.concepts	execution	std::execution::sender	concept	1	presence only: presence	concept sender = enable_sender<remove_cvref_t<Sndr>>&&requires(const remove_cvref_t<Sndr>&sndr){{get_env(sndr)}->⟨queryable⟩;}&&move_constructible<remove_cvref_t<Sndr>>&&constructible_from<remove_cvref_t<Sndr>, Sndr>
6203	exec.snd.concepts	execution	std::execution::sender_in	concept	1	presence only: presence	concept sender_in = sender<Sndr>&&(sizeof...(Env)< = 1)&&(⟨queryable⟩<Env>&&...)&&⟨is-constant⟩<get_completion_signatures<Sndr, Env...>()>
6204	exec.snd.concepts	execution	std::execution::dependent_sender	concept	1	presence only: presence	concept dependent_sender = sender<Sndr>&&bool_constant<⟨is-dependent-sender-helper⟩<Sndr>()>::value
6205	exec.domain.indeterminate	execution	std::execution::indeterminate_domain	classdef	1	presence only: presence	struct indeterminate_domain
6206	exec.domain.indeterminate	execution	std::execution::indeterminate_domain::indeterminate_domain	function	1		indeterminate_domain() = default
6207	exec.domain.indeterminate	execution	std::execution::indeterminate_domain::indeterminate_domain	function	1		constexpr indeterminate_domain(auto&&)noexcept
6208	exec.domain.indeterminate	execution	std::execution::indeterminate_domain::transform_sender	function	2		static constexpr decltype(auto)transform_sender(Tag, Sndr&&sndr, const Env&env)noexcept(⟨see below⟩)
6209	exec.domain.default	execution	std::execution::default_domain	classdef	1	presence only: presence	struct default_domain
6210	exec.domain.default	execution	std::execution::default_domain::transform_sender	function	2		static constexpr decltype(auto)transform_sender(Tag, Sndr&&sndr, const Env&env)noexcept(⟨see below⟩)
6211	exec.domain.default	execution	std::execution::default_domain::apply_sender	function	1		static constexpr decltype(auto)apply_sender(Tag, Sndr&&sndr, Args&&...args)noexcept(⟨see below⟩)
6212	exec.cmplsig	execution	std::execution::completion_signatures	classdef	1	presence only: presence	struct completion_signatures
6213	exec.cmplsig	execution	std::execution::value_types_of_t	alias	0	not probed (no sample, or a hidden friend whose signature is exposition-only)	requires sender_in<Sndr, Env>using value_types_of_t = ⟨gather-signatures⟩<set_value_t, completion_signatures_of_t<Sndr, Env>, Tuple, Variant>
6214	exec.cmplsig	execution	std::execution::error_types_of_t	alias	0	not probed (no sample, or a hidden friend whose signature is exposition-only)	requires sender_in<Sndr, Env>using error_types_of_t = ⟨gather-signatures⟩<set_error_t, completion_signatures_of_t<Sndr, Env>, type_identity_t, Variant>
6215	exec.cmplsig	execution	std::execution::sends_stopped	variable	1		requires sender_in<Sndr, Env>constexpr bool sends_stopped = !same_as<⟨type-list⟩<>, ⟨gather-signatures⟩<set_stopped_t, completion_signatures_of_t<Sndr, Env>, ⟨type-list⟩, ⟨type-list⟩>>
6216	exec.prop	execution	std::execution::prop	classdef	1	presence only: presence	struct prop
6217	exec.prop	execution	std::execution::prop::query	function	1	presence only: deduced type	constexpr const ValueType&query(QueryTag, auto&&...)const noexcept
6218	exec.prop	execution	std::execution::prop	guide	0	not probed (no sample, or a hidden friend whose signature is exposition-only)	prop(QueryTag, ValueType)->prop<QueryTag, unwrap_reference_t<ValueType>>
6219	exec.env	execution	std::execution::env	classdef	1	presence only: presence	struct env
6220	exec.env	execution	std::execution::env::query	function	2		constexpr decltype(auto)query(QueryTag q, Args&&...args)const noexcept(⟨see below⟩)
6221	exec.env	execution	std::execution::env	guide	1		env(Envs...)->env<unwrap_reference_t<Envs>...>
6222	exec.run.loop.general	execution	std::execution::run_loop	classdef	1	presence only: presence	class run_loop
6223	exec.run.loop.general	execution	std::execution::run_loop::run_loop	function	1		run_loop()noexcept
6224	exec.run.loop.general	execution	std::execution::run_loop::run_loop	function	1		run_loop(run_loop&&) = delete
6225	exec.run.loop.general	execution	std::execution::run_loop::~run_loop	function	1		~run_loop()
6226	exec.run.loop.general	execution	std::execution::run_loop::get_scheduler	function	1		⟨run-loop-scheduler⟩ get_scheduler()noexcept
6227	exec.run.loop.general	execution	std::execution::run_loop::run	function	1		void run()noexcept
6228	exec.run.loop.general	execution	std::execution::run_loop::finish	function	1		void finish()noexcept
6229	exec.with.awaitable.senders	execution	std::execution::with_awaitable_senders	classdef	1	presence only: presence	struct with_awaitable_senders
6230	exec.with.awaitable.senders	execution	std::execution::with_awaitable_senders::set_continuation	function	0	not probed (no sample, or a hidden friend whose signature is exposition-only)	requires(!same_as<OtherPromise, void>)void set_continuation(coroutine_handle<OtherPromise>h)noexcept
6231	exec.with.awaitable.senders	execution	std::execution::with_awaitable_senders::continuation	function	1		coroutine_handle<>continuation()const noexcept
6232	exec.with.awaitable.senders	execution	std::execution::with_awaitable_senders::unhandled_stopped	function	1		coroutine_handle<>unhandled_stopped()noexcept
6233	exec.with.awaitable.senders	execution	std::execution::with_awaitable_senders::await_transform	function	0	not probed (no sample, or a hidden friend whose signature is exposition-only)	⟨see below⟩ await_transform(Value&&value)
6234	exec.inline.scheduler	execution	std::execution::inline_scheduler	classdef	1	presence only: presence	class inline_scheduler
6235	exec.inline.scheduler	execution	std::execution::inline_scheduler::scheduler_concept	alias	1		using scheduler_concept = scheduler_tag
6236	exec.inline.scheduler	execution	std::execution::inline_scheduler::schedule	function	2		constexpr ⟨inline-sender⟩ schedule()noexcept
6237	exec.inline.scheduler	execution	std::execution::inline_scheduler::operator==	function	2		constexpr bool operator==(const inline_scheduler&)const noexcept = default
6238	exec.task.scheduler	execution	std::execution::task_scheduler	classdef	1	presence only: presence	class task_scheduler
6239	exec.task.scheduler	execution	std::execution::task_scheduler::scheduler_concept	alias	1		using scheduler_concept = scheduler_tag
6240	exec.task.scheduler	execution	std::execution::task_scheduler::task_scheduler	function	2		requires(!same_as<task_scheduler, remove_cvref_t<Sch>>)&&scheduler<Sch>explicit task_scheduler(Sch&&sch, Allocator alloc = {})
6241	exec.task.scheduler	execution	std::execution::task_scheduler::task_scheduler	function	1		task_scheduler(const task_scheduler&) = default
6242	exec.task.scheduler	execution	std::execution::task_scheduler::operator=	function	1		task_scheduler&operator = (const task_scheduler&) = default
6243	exec.task.scheduler	execution	std::execution::task_scheduler::schedule	function	1		⟨see below⟩ schedule()
6244	exec.task.scheduler	execution	std::execution::task_scheduler::operator==	function	1		friend bool operator==(const task_scheduler&lhs, const task_scheduler&rhs)noexcept
6245	exec.task.scheduler	execution	std::execution::task_scheduler::operator==	function	1		requires(!same_as<task_scheduler, Sch>)&&scheduler<Sch>friend bool operator==(const task_scheduler&lhs, const Sch&rhs)noexcept
6246	task.class	execution	std::execution::task	classdef	1	presence only: presence	class task
6247	task.class	execution	std::execution::task::sender_concept	alias	1		using sender_concept = sender_tag
6248	task.class	execution	std::execution::task::allocator_type	alias	1		using allocator_type = ⟨see below⟩
6249	task.class	execution	std::execution::task::start_scheduler_type	alias	1		using start_scheduler_type = ⟨see below⟩
6250	task.class	execution	std::execution::task::stop_source_type	alias	1		using stop_source_type = ⟨see below⟩
6251	task.class	execution	std::execution::task::stop_token_type	alias	1		using stop_token_type = decltype(declval<stop_source_type>().get_token())
6252	task.class	execution	std::execution::task::error_types	alias	1		using error_types = ⟨see below⟩
6253	task.class	execution	std::execution::task::promise_type	classdecl	1	presence only: presence	class promise_type
6254	task.class	execution	std::execution::task::task	function	1		task(task&&)noexcept
6255	task.class	execution	std::execution::task::~task	function	1		~task()
6256	task.class	execution	std::execution::task::get_completion_signatures	function	0	not probed (no sample, or a hidden friend whose signature is exposition-only)	static consteval auto get_completion_signatures()
6257	task.class	execution	std::execution::task::connect	function	1		⟨state⟩<Rcvr>connect(Rcvr&&rcvr)&&
6258	task.promise	execution	std::execution::task::promise_type	classdef	1	presence only: presence	class task<T, Environment>::promise_type
6259	task.promise	execution	std::execution::task::promise_type::get_return_object	function	1		task get_return_object()noexcept
6260	task.promise	execution	std::execution::task::promise_type::initial_suspend	function	2		static constexpr suspend_always initial_suspend()noexcept
6261	task.promise	execution	std::execution::task::promise_type::final_suspend	function	1		auto final_suspend()noexcept
6262	task.promise	execution	std::execution::task::promise_type::unhandled_exception	function	1		void unhandled_exception()
6263	task.promise	execution	std::execution::task::promise_type::unhandled_stopped	function	1		coroutine_handle<>unhandled_stopped()noexcept
6264	task.promise	execution	std::execution::task::promise_type::return_void	function	0	not probed: declared only when T is void ([task.promise]/1); the sample is task<int>	void return_void()
6265	task.promise	execution	std::execution::task::promise_type::return_value	function	1		void return_value(V&&value)
6266	task.promise	execution	std::execution::task::promise_type::yield_value	function	0	not probed: the with_error argument needs an error type of the environment's error_types	⟨unspecified⟩ yield_value(with_error<E>error)
6267	task.promise	execution	std::execution::task::promise_type::await_transform	function	1		auto await_transform(Sender&&sndr)
6268	task.promise	execution	std::execution::task::promise_type::get_env	function	1		⟨unspecified⟩ get_env()const noexcept
6269	task.promise	execution	std::execution::task::promise_type::operator new	function	1		void*operator new(size_t size)
6270	task.promise	execution	std::execution::task::promise_type::operator new	function	1		void*operator new(size_t size, allocator_arg_t, Alloc alloc, Args&&...)
6271	task.promise	execution	std::execution::task::promise_type::operator new	function	0	not probed (no sample, or a hidden friend whose signature is exposition-only)	void*operator new(size_t size, const This&, allocator_arg_t, Alloc alloc, Args&&...)
6272	task.promise	execution	std::execution::task::promise_type::operator delete	function	1		void operator delete(void*pointer, size_t size)noexcept
6273	exec.scope.concepts	execution	std::execution::scope_association	concept	1	presence only: presence	concept scope_association = movable<Assoc>&&is_nothrow_move_constructible_v<Assoc>&&is_nothrow_move_assignable_v<Assoc>&&default_initializable<Assoc>&&requires(const Assoc assoc){{static_cast<bool>(assoc)}noexcept;{assoc.try_associate()}->same_as<Assoc>;}
6274	exec.scope.concepts	execution	std::execution::scope_token	concept	1	presence only: presence	concept scope_token = copyable<Token>&&requires(const Token token){{token.try_associate()}->scope_association;{token.wrap(declval<⟨test-sender⟩>())}->sender_in<⟨test-env⟩>;}
6275	exec.scope.simple.counting.general	execution	std::execution::simple_counting_scope	classdef	1	presence only: presence	class simple_counting_scope
6276	exec.scope.simple.counting.general	execution	std::execution::simple_counting_scope::token	classdecl	1	presence only: presence	struct token
6277	exec.scope.simple.counting.general	execution	std::execution::simple_counting_scope::max_associations	variable	1		static constexpr size_t max_associations = ⟨implementation-defined⟩
6278	exec.scope.simple.counting.general	execution	std::execution::simple_counting_scope::simple_counting_scope	function	1		simple_counting_scope()noexcept
6279	exec.scope.simple.counting.general	execution	std::execution::simple_counting_scope::simple_counting_scope	function	1		simple_counting_scope(simple_counting_scope&&) = delete
6280	exec.scope.simple.counting.general	execution	std::execution::simple_counting_scope::~simple_counting_scope	function	1		~simple_counting_scope()
6281	exec.scope.simple.counting.general	execution	std::execution::simple_counting_scope::get_token	function	1		token get_token()noexcept
6282	exec.scope.simple.counting.general	execution	std::execution::simple_counting_scope::close	function	1		void close()noexcept
6283	exec.scope.simple.counting.general	execution	std::execution::simple_counting_scope::join	function	1		sender auto join()noexcept
6284	exec.simple.counting.token	execution	std::execution::simple_counting_scope::token	classdef	1	presence only: presence	struct simple_counting_scope::token
6285	exec.simple.counting.token	execution	std::execution::simple_counting_scope::token::wrap	function	1		Sender&&wrap(Sender&&snd)const noexcept
6286	exec.simple.counting.token	execution	std::execution::simple_counting_scope::token::try_associate	function	1		⟨assoc-t⟩ try_associate()const noexcept
6287	exec.scope.counting	execution	std::execution::counting_scope	classdef	1	presence only: presence	class counting_scope
6288	exec.scope.counting	execution	std::execution::counting_scope::token	classdef	1	presence only: presence	struct token
6289	exec.scope.counting	execution	std::execution::counting_scope::token::wrap	function	1		sender auto wrap(Sender&&snd)const noexcept(⟨see below⟩)
6290	exec.scope.counting	execution	std::execution::counting_scope::token::try_associate	function	1		⟨assoc-t⟩ try_associate()const noexcept
6291	exec.scope.counting	execution	std::execution::counting_scope::max_associations	variable	1		static constexpr size_t max_associations = ⟨implementation-defined⟩
6292	exec.scope.counting	execution	std::execution::counting_scope::counting_scope	function	1		counting_scope()noexcept
6293	exec.scope.counting	execution	std::execution::counting_scope::counting_scope	function	1		counting_scope(counting_scope&&) = delete
6294	exec.scope.counting	execution	std::execution::counting_scope::~counting_scope	function	1		~counting_scope()
6295	exec.scope.counting	execution	std::execution::counting_scope::get_token	function	1		token get_token()noexcept
6296	exec.scope.counting	execution	std::execution::counting_scope::close	function	1		void close()noexcept
6297	exec.scope.counting	execution	std::execution::counting_scope::join	function	1		sender auto join()noexcept
6298	exec.scope.counting	execution	std::execution::counting_scope::request_stop	function	1		void request_stop()noexcept
6299	exec.par.scheduler	execution	std::execution::parallel_scheduler	classdef	1	presence only: presence	class parallel_scheduler
6300	exec.parschedrepl.recvproxy	execution	std::execution::parallel_scheduler_replacement::receiver_proxy	classdef	1	presence only: presence	struct receiver_proxy
6301	exec.parschedrepl.recvproxy	execution	std::execution::parallel_scheduler_replacement::receiver_proxy::set_value	function	1		virtual void set_value()noexcept = 0
6302	exec.parschedrepl.recvproxy	execution	std::execution::parallel_scheduler_replacement::receiver_proxy::set_error	function	1		virtual void set_error(exception_ptr)noexcept = 0
6303	exec.parschedrepl.recvproxy	execution	std::execution::parallel_scheduler_replacement::receiver_proxy::set_stopped	function	1		virtual void set_stopped()noexcept = 0
6304	exec.parschedrepl.recvproxy	execution	std::execution::parallel_scheduler_replacement::receiver_proxy::try_query	function	0	not probed (no sample, or a hidden friend whose signature is exposition-only)	optional<P>try_query(Query q)const noexcept
6305	exec.parschedrepl.recvproxy	execution	std::execution::parallel_scheduler_replacement::bulk_item_receiver_proxy	classdef	2		struct bulk_item_receiver_proxy:receiver_proxy
6306	exec.parschedrepl.recvproxy	execution	std::execution::parallel_scheduler_replacement::bulk_item_receiver_proxy::execute	function	1		virtual void execute(size_t, size_t)noexcept = 0
6307	exec.parschedrepl.psb	execution	std::execution::parallel_scheduler_replacement::parallel_scheduler_backend	classdef	1	presence only: presence	struct parallel_scheduler_backend
6308	exec.parschedrepl.psb	execution	std::execution::parallel_scheduler_replacement::parallel_scheduler_backend::~parallel_scheduler_backend	function	1		virtual~parallel_scheduler_backend() = default
6309	exec.parschedrepl.psb	execution	std::execution::parallel_scheduler_replacement::parallel_scheduler_backend::schedule	function	1		virtual void schedule(receiver_proxy&, span<byte>)noexcept = 0
6310	exec.parschedrepl.psb	execution	std::execution::parallel_scheduler_replacement::parallel_scheduler_backend::schedule_bulk_chunked	function	1		virtual void schedule_bulk_chunked(size_t, bulk_item_receiver_proxy&, span<byte>)noexcept = 0
6311	exec.parschedrepl.psb	execution	std::execution::parallel_scheduler_replacement::parallel_scheduler_backend::schedule_bulk_unchunked	function	1		virtual void schedule_bulk_unchunked(size_t, bulk_item_receiver_proxy&, span<byte>)noexcept = 0
6312	depr.numeric.limits.has.denorm	limits	std::float_denorm_style	enumdef	4		enum float_denorm_style
6313	depr.meta.types	type_traits	std::is_trivial	classdecl	1	presence only: presence	struct is_trivial
6314	depr.meta.types	type_traits	std::is_trivial_v	variable	1		constexpr bool is_trivial_v = is_trivial<T>::value
6315	depr.meta.types	type_traits	std::is_pod	classdecl	1	presence only: presence	struct is_pod
6316	depr.meta.types	type_traits	std::is_pod_v	variable	1		constexpr bool is_pod_v = is_pod<T>::value
6317	depr.meta.types	type_traits	std::aligned_storage	classdecl	1	presence only: presence	struct aligned_storage
6318	depr.meta.types	type_traits	std::aligned_storage_t	alias	1		using aligned_storage_t = aligned_storage<Len, Align>::type
6319	depr.meta.types	type_traits	std::aligned_union	classdecl	1	presence only: presence	struct aligned_union
6320	depr.meta.types	type_traits	std::aligned_union_t	alias	1		using aligned_union_t = aligned_union<Len, Types...>::type
6321	depr.relops	utility	std::rel_ops::operator!=	function	1		bool operator!=(const T&, const T&)
6322	depr.relops	utility	std::rel_ops::operator>	function	1		bool operator>(const T&, const T&)
6323	depr.relops	utility	std::rel_ops::operator<=	function	1		bool operator< = (const T&, const T&)
6324	depr.relops	utility	std::rel_ops::operator>=	function	1		bool operator> = (const T&, const T&)
6325	depr.tuple	tuple	std::tuple_size	classdecl	1		struct tuple_size<volatile T>
6326	depr.tuple	tuple	std::tuple_size	classdecl	1		struct tuple_size<const volatile T>
6327	depr.tuple	tuple	std::tuple_element	classdecl	1		struct tuple_element<I, volatile T>
6328	depr.tuple	tuple	std::tuple_element	classdecl	1		struct tuple_element<I, const volatile T>
6329	depr.variant	variant	std::variant_size	classdecl	1		struct variant_size<volatile T>
6330	depr.variant	variant	std::variant_size	classdecl	1		struct variant_size<const volatile T>
6331	depr.variant	variant	std::variant_alternative	classdecl	1		struct variant_alternative<I, volatile T>
6332	depr.variant	variant	std::variant_alternative	classdecl	1		struct variant_alternative<I, const volatile T>
6333	depr.vector.bool.swap	vector	std::vector	classdef	1		class vector<bool, Allocator>
6334	depr.vector.bool.swap	vector	std::vector::swap	function	2		static constexpr void swap(reference x, reference y)noexcept
6335	depr.iterator	iterator	std::iterator	classdef	1	presence only: presence	struct iterator
6336	depr.iterator	iterator	std::iterator::iterator_category	alias	1		using iterator_category = Category
6337	depr.iterator	iterator	std::iterator::value_type	alias	1		using value_type = T
6338	depr.iterator	iterator	std::iterator::difference_type	alias	1		using difference_type = Distance
6339	depr.iterator	iterator	std::iterator::pointer	alias	1		using pointer = Pointer
6340	depr.iterator	iterator	std::iterator::reference	alias	1		using reference = Reference
6341	depr.move.iter.elem	iterator	std::move_iterator	classdef	1	presence only: presence	class move_iterator
6342	depr.move.iter.elem	iterator	std::move_iterator::operator->	function	2		constexpr pointer operator->()const
6343	depr.format.syn	format	std::visit_format_arg	function	1		decltype(auto)visit_format_arg(Visitor&&vis, basic_format_arg<Context>arg)
6344	depr.fs.path.obs	filesystem	std::filesystem::path	classdef	1	presence only: presence	class path
6345	depr.fs.path.obs	filesystem	std::filesystem::path::string	function	1		std::string string()const
6346	depr.fs.path.obs	filesystem	std::filesystem::path::generic_string	function	1		std::string generic_string()const
6347	depr.atomics.general	atomic	std::atomic_init	function	1		void atomic_init(volatile atomic<T>*, typename atomic<T>::value_type)noexcept
6348	depr.atomics.general	atomic	std::atomic_init	function	1		void atomic_init(atomic<T>*, typename atomic<T>::value_type)noexcept
6349	depr.atomics.general	atomic	std::kill_dependency	function	2		constexpr T kill_dependency(T y)noexcept
6350	depr.atomics.general	atomic	std::memory_order_consume	variable	1		inline constexpr memory_order memory_order_consume = memory_order::consume
